timestamp,open,high,low,close,volume
2025-01-01 00:00:00,93576.00000000,94509.42000000,93489.03000000,94401.14000000,755.99010000
2025-01-01 01:00:00,94401.13000000,94408.72000000,93578.77000000,93607.74000000,586.53456000
2025-01-01 02:00:00,93607.74000000,94105.12000000,93594.56000000,94098.91000000,276.78045000
2025-01-01 03:00:00,94098.90000000,94098.91000000,93728.22000000,93838.04000000,220.99302000
2025-01-01 04:00:00,93838.04000000,93838.04000000,93500.00000000,93553.91000000,279.46909000
2025-01-01 05:00:00,93553.91000000,93937.19000000,93547.40000000,93792.02000000,209.17940000
2025-01-01 06:00:00,93792.02000000,93792.02000000,93568.38000000,93757.58000000,272.27846000
2025-01-01 07:00:00,93757.57000000,93800.00000000,93664.08000000,93684.10000000,197.93458000
2025-01-01 08:00:00,93684.11000000,93756.02000000,93304.00000000,93428.46000000,481.71173000
2025-01-01 09:00:00,93428.47000000,93486.29000000,92888.00000000,93413.06000000,798.49773000
2025-01-01 10:00:00,93413.07000000,93536.75000000,93284.00000000,93326.23000000,265.55192000
2025-01-01 11:00:00,93326.24000000,93705.08000000,93200.00000000,93444.64000000,321.72225000
2025-01-01 12:00:00,93444.65000000,93972.00000000,93407.07000000,93820.76000000,499.35613000
2025-01-01 13:00:00,93820.75000000,94058.79000000,93600.28000000,94031.76000000,340.36387000
2025-01-01 14:00:00,94031.77000000,94450.85000000,93671.48000000,94175.89000000,751.90697000
2025-01-01 15:00:00,94175.89000000,94500.00000000,93900.00000000,94432.94000000,486.08395000
2025-01-01 16:00:00,94432.94000000,94492.00000000,93922.00000000,94090.49000000,580.27384000
2025-01-01 17:00:00,94090.50000000,94189.16000000,93760.93000000,94143.85000000,303.86795000
2025-01-01 18:00:00,94143.84000000,94380.44000000,93936.44000000,94340.06000000,291.78831000
2025-01-01 19:00:00,94340.06000000,94823.75000000,94148.34000000,94627.07000000,545.12372000
2025-01-01 20:00:00,94627.08000000,94852.70000000,94579.83000000,94786.23000000,424.42468000
2025-01-01 21:00:00,94786.23000000,95151.15000000,94687.87000000,94978.48000000,636.81156000
2025-01-01 22:00:00,94978.48000000,94997.32000000,94685.81000000,94802.98000000,409.77402000
2025-01-01 23:00:00,94802.99000000,94952.29000000,94542.00000000,94591.79000000,436.90784000
2025-01-02 00:00:00,94591.78000000,95381.70000000,94392.00000000,95128.59000000,1181.76573000
2025-01-02 01:00:00,95128.59000000,95516.00000000,94699.69000000,94862.72000000,1143.36617000
2025-01-02 02:00:00,94862.73000000,95234.37000000,94803.03000000,95234.36000000,455.65000000
2025-01-02 03:00:00,95234.37000000,95299.24000000,94913.75000000,95010.33000000,290.28586000
2025-01-02 04:00:00,95010.34000000,96000.00000000,94984.84000000,95708.07000000,925.61919000
2025-01-02 05:00:00,95708.07000000,95800.00000000,95395.21000000,95596.48000000,702.11721000
2025-01-02 06:00:00,95596.48000000,95697.01000000,95380.04000000,95574.99000000,517.46772000
2025-01-02 07:00:00,95575.00000000,95880.00000000,95505.35000000,95822.00000000,452.62773000
2025-01-02 08:00:00,95822.01000000,96211.54000000,95640.05000000,96150.00000000,844.76163000
2025-01-02 09:00:00,96150.00000000,96799.86000000,96036.86000000,96755.51000000,976.02528000
2025-01-02 10:00:00,96755.51000000,96808.37000000,96538.77000000,96708.00000000,826.74686000
2025-01-02 11:00:00,96708.00000000,96876.38000000,96469.46000000,96732.99000000,533.66374000
2025-01-02 12:00:00,96733.00000000,96895.00000000,96609.42000000,96850.01000000,677.30510000
2025-01-02 13:00:00,96850.01000000,96988.05000000,96436.00000000,96458.17000000,903.27447000
2025-01-02 14:00:00,96458.17000000,97440.91000000,95924.60000000,97256.49000000,3007.10456000
2025-01-02 15:00:00,97256.48000000,97323.16000000,96164.78000000,96455.01000000,2007.04700000
2025-01-02 16:00:00,96455.01000000,97650.00000000,96040.04000000,97229.74000000,1725.02990000
2025-01-02 17:00:00,97229.75000000,97591.84000000,96325.44000000,96757.57000000,1272.75775000
2025-01-02 18:00:00,96757.57000000,97350.00000000,96400.00000000,97319.74000000,839.90460000
2025-01-02 19:00:00,97319.74000000,97777.00000000,97200.00000000,97317.74000000,714.40965000
2025-01-02 20:00:00,97317.74000000,97839.50000000,97300.00000000,97306.46000000,718.84680000
2025-01-02 21:00:00,97306.46000000,97355.77000000,97040.16000000,97212.68000000,394.14727000
2025-01-02 22:00:00,97212.69000000,97212.69000000,96666.66000000,96911.04000000,418.78092000
2025-01-02 23:00:00,96911.04000000,97077.78000000,96758.17000000,96984.79000000,441.78434000
2025-01-03 00:00:00,96984.79000000,97080.96000000,96796.56000000,96825.82000000,315.00973000
2025-01-03 01:00:00,96825.83000000,97000.00000000,96650.00000000,96985.47000000,342.35914000
2025-01-03 02:00:00,96985.47000000,97342.44000000,96856.98000000,96966.85000000,388.64008000
2025-01-03 03:00:00,96966.85000000,97090.91000000,96833.99000000,97062.30000000,255.74920000
2025-01-03 04:00:00,97062.30000000,97066.18000000,96766.51000000,96813.41000000,265.52213000
2025-01-03 05:00:00,96813.49000000,96860.48000000,96590.28000000,96765.34000000,316.46331000
2025-01-03 06:00:00,96765.35000000,96918.56000000,96512.00000000,96539.49000000,382.40263000
2025-01-03 07:00:00,96539.49000000,96645.83000000,96280.65000000,96304.00000000,546.86929000
2025-01-03 08:00:00,96304.00000000,96529.84000000,96100.01000000,96129.97000000,543.39121000
2025-01-03 09:00:00,96129.97000000,96702.48000000,96107.84000000,96554.32000000,527.99485000
2025-01-03 10:00:00,96554.32000000,96640.01000000,96402.82000000,96488.53000000,355.37669000
2025-01-03 11:00:00,96488.53000000,96830.00000000,96482.51000000,96757.58000000,448.41508000
2025-01-03 12:00:00,96757.57000000,96921.36000000,96666.66000000,96666.66000000,387.58240000
2025-01-03 13:00:00,96666.66000000,96839.71000000,96472.43000000,96504.79000000,630.80373000
2025-01-03 14:00:00,96504.80000000,97342.44000000,96504.79000000,97016.01000000,1390.59074000
2025-01-03 15:00:00,97016.00000000,97660.00000000,96759.12000000,97521.35000000,1587.60159000
2025-01-03 16:00:00,97521.36000000,98444.42000000,97406.54000000,97868.20000000,1899.91498000
2025-01-03 17:00:00,97868.21000000,98299.76000000,97837.63000000,98026.00000000,799.71144000
2025-01-03 18:00:00,98025.99000000,98697.86000000,98000.00000000,98527.98000000,813.64324000
2025-01-03 19:00:00,98527.97000000,98976.91000000,98491.53000000,98592.01000000,1070.42711000
2025-01-03 20:00:00,98592.02000000,98748.00000000,98300.00000000,98311.52000000,846.16971000
2025-01-03 21:00:00,98311.51000000,98419.14000000,98196.96000000,98272.70000000,507.38037000
2025-01-03 22:00:00,98272.70000000,98512.94000000,98250.00000000,98296.37000000,317.54844000
2025-01-03 23:00:00,98296.37000000,98382.19000000,98067.99000000,98174.18000000,314.26227000
2025-01-04 00:00:00,98174.17000000,98288.00000000,97887.20000000,97950.01000000,465.14321000
2025-01-04 01:00:00,97950.01000000,98095.06000000,97800.00000000,98040.00000000,292.09859000
2025-01-04 02:00:00,98040.00000000,98314.15000000,97848.48000000,98304.51000000,368.90158000
2025-01-04 03:00:00,98304.51000000,98304.51000000,98052.97000000,98200.00000000,274.68850000
2025-01-04 04:00:00,98200.01000000,98200.01000000,97862.87000000,98001.00000000,304.49957000
2025-01-04 05:00:00,98001.00000000,98196.51000000,97988.76000000,98126.21000000,249.97787000
2025-01-04 06:00:00,98126.21000000,98209.70000000,98039.91000000,98127.54000000,211.92338000
2025-01-04 07:00:00,98127.53000000,98350.04000000,98095.17000000,98271.88000000,454.46141000
2025-01-04 08:00:00,98271.87000000,98306.22000000,97905.26000000,97906.07000000,303.67578000
2025-01-04 09:00:00,97906.08000000,97980.00000000,97532.58000000,97690.37000000,671.79150000
2025-01-04 10:00:00,97690.37000000,97859.60000000,97600.00000000,97789.32000000,330.68560000
2025-01-04 11:00:00,97789.32000000,97923.07000000,97711.54000000,97889.39000000,279.11118000
2025-01-04 12:00:00,97889.40000000,98016.97000000,97800.00000000,97888.12000000,336.79692000
2025-01-04 13:00:00,97888.12000000,98068.46000000,97750.00000000,97973.05000000,463.20054000
2025-01-04 14:00:00,97973.05000000,98080.15000000,97828.38000000,98035.04000000,329.44160000
2025-01-04 15:00:00,98035.05000000,98152.02000000,97514.79000000,97657.94000000,737.78425000
2025-01-04 16:00:00,97657.95000000,97874.68000000,97549.99000000,97704.60000000,575.11901000
2025-01-04 17:00:00,97704.60000000,98049.99000000,97687.77000000,98016.26000000,251.44705000
2025-01-04 18:00:00,98016.26000000,98139.13000000,97909.85000000,97961.56000000,237.21797000
2025-01-04 19:00:00,97961.56000000,98350.00000000,97931.23000000,98166.26000000,330.48168000
2025-01-04 20:00:00,98166.26000000,98671.02000000,98166.25000000,98599.02000000,441.69473000
2025-01-04 21:00:00,98599.02000000,98778.43000000,98344.00000000,98362.43000000,536.37590000
2025-01-04 22:00:00,98362.43000000,98484.85000000,98265.91000000,98417.25000000,289.70747000
2025-01-04 23:00:00,98417.25000000,98419.14000000,98143.20000000,98220.50000000,253.83122000
2025-01-05 00:00:00,98220.51000000,98391.59000000,98154.18000000,98213.43000000,254.43352000
2025-01-05 01:00:00,98213.44000000,98322.35000000,98050.00000000,98123.53000000,237.36247000
2025-01-05 02:00:00,98123.53000000,98227.49000000,98105.41000000,98227.48000000,187.53679000
2025-01-05 03:00:00,98227.49000000,98227.49000000,98069.00000000,98187.96000000,151.23775000
2025-01-05 04:00:00,98187.97000000,98522.76000000,98187.96000000,98357.46000000,238.65677000
2025-01-05 05:00:00,98357.46000000,98500.00000000,98264.78000000,98358.98000000,212.64998000
2025-01-05 06:00:00,98358.98000000,98500.00000000,98304.82000000,98451.47000000,149.61130000
2025-01-05 07:00:00,98451.48000000,98464.84000000,98268.77000000,98268.77000000,118.31169000
2025-01-05 08:00:00,98268.77000000,98268.78000000,97777.77000000,97861.04000000,511.73930000
2025-01-05 09:00:00,97861.04000000,97943.02000000,97637.93000000,97652.20000000,341.13546000
2025-01-05 10:00:00,97652.21000000,97776.68000000,97600.00000000,97737.48000000,331.79062000
2025-01-05 11:00:00,97737.48000000,97822.16000000,97615.13000000,97641.63000000,186.71771000
2025-01-05 12:00:00,97641.62000000,97956.66000000,97569.04000000,97770.01000000,316.47526000
2025-01-05 13:00:00,97770.01000000,98018.96000000,97680.18000000,97689.96000000,281.94319000
2025-01-05 14:00:00,97689.96000000,97967.08000000,97276.79000000,97855.06000000,776.65874000
2025-01-05 15:00:00,97855.06000000,98281.89000000,97702.30000000,98028.98000000,492.23074000
2025-01-05 16:00:00,98028.98000000,98332.54000000,97937.82000000,98035.17000000,454.56381000
2025-01-05 17:00:00,98035.17000000,98078.94000000,97673.57000000,97731.08000000,358.65597000
2025-01-05 18:00:00,97731.09000000,97927.98000000,97577.46000000,97918.91000000,301.29033000
2025-01-05 19:00:00,97918.91000000,98109.00000000,97854.99000000,98079.63000000,306.85684000
2025-01-05 20:00:00,98079.64000000,98678.00000000,98024.00000000,98275.71000000,680.46167000
2025-01-05 21:00:00,98275.71000000,98522.46000000,98216.58000000,98496.52000000,327.78368000
2025-01-05 22:00:00,98496.52000000,98745.45000000,98344.00000000,98695.21000000,407.85275000
2025-01-05 23:00:00,98695.21000000,98836.85000000,98322.72000000,98363.61000000,469.68089000
2025-01-06 00:00:00,98363.61000000,98773.48000000,98190.75000000,98217.23000000,494.23065000
2025-01-06 01:00:00,98217.23000000,98816.28000000,97920.00000000,98759.43000000,567.37864000
2025-01-06 02:00:00,98759.42000000,99333.00000000,98649.97000000,98815.39000000,1613.41986000
2025-01-06 03:00:00,98815.39000000,99235.99000000,98759.55000000,99037.57000000,522.19415000
2025-01-06 04:00:00,99037.57000000,99500.88000000,99037.57000000,99466.09000000,645.50660000
2025-01-06 05:00:00,99466.09000000,99892.00000000,99400.00000000,99600.00000000,939.38016000
2025-01-06 06:00:00,99600.00000000,99763.99000000,99382.31000000,99512.21000000,803.84933000
2025-01-06 07:00:00,99512.21000000,99529.87000000,99161.14000000,99318.70000000,555.89718000
2025-01-06 08:00:00,99318.70000000,99625.69000000,99000.00000000,99043.49000000,674.33231000
2025-01-06 09:00:00,99043.49000000,99250.00000000,98942.46000000,98999.99000000,447.39111000
2025-01-06 10:00:00,99000.00000000,99057.95000000,98709.28000000,98767.96000000,525.86727000
2025-01-06 11:00:00,98767.96000000,99410.23000000,98712.00000000,99259.99000000,667.86775000
2025-01-06 12:00:00,99259.99000000,99713.13000000,99142.43000000,99157.12000000,624.14409000
2025-01-06 13:00:00,99157.12000000,99575.85000000,98909.82000000,99492.51000000,631.22473000
2025-01-06 14:00:00,99492.50000000,101295.23000000,98711.94000000,100737.03000000,3487.88537000
2025-01-06 15:00:00,100737.03000000,102468.92000000,100481.99000000,102147.95000000,3664.96939000
2025-01-06 16:00:00,102147.95000000,102480.00000000,101719.59000000,102158.67000000,2145.59016000
2025-01-06 17:00:00,102158.67000000,102158.68000000,101250.00000000,101831.95000000,1517.05213000
2025-01-06 18:00:00,101831.95000000,102053.61000000,101578.12000000,101738.80000000,834.30560000
2025-01-06 19:00:00,101738.81000000,102032.00000000,101639.60000000,101817.22000000,631.18014000
2025-01-06 20:00:00,101817.22000000,102318.50000000,101800.00000000,102127.38000000,1458.54383000
2025-01-06 21:00:00,102126.90000000,102329.98000000,101600.05000000,101611.92000000,1010.19790000
2025-01-06 22:00:00,101611.92000000,102084.13000000,101600.06000000,102011.98000000,365.15756000
2025-01-06 23:00:00,102011.98000000,102239.58000000,101896.87000000,102235.60000000,435.86784000
2025-01-07 00:00:00,102235.60000000,102724.38000000,101950.00000000,102042.46000000,980.37078000
2025-01-07 01:00:00,102042.47000000,102071.90000000,101684.95000000,101915.66000000,558.30589000
2025-01-07 02:00:00,101915.66000000,102018.98000000,101651.67000000,101677.66000000,392.40922000
2025-01-07 03:00:00,101677.66000000,101818.19000000,101512.91000000,101708.08000000,426.32949000
2025-01-07 04:00:00,101708.09000000,101925.77000000,101667.01000000,101667.02000000,289.09956000
2025-01-07 05:00:00,101667.02000000,101786.07000000,101582.79000000,101743.47000000,341.58829000
2025-01-07 06:00:00,101743.47000000,101894.47000000,101648.56000000,101820.53000000,336.00222000
2025-01-07 07:00:00,101820.53000000,102015.01000000,101640.47000000,101664.81000000,526.07792000
2025-01-07 08:00:00,101664.81000000,101995.64000000,101618.04000000,101905.08000000,455.62174000
2025-01-07 09:00:00,101905.08000000,101914.11000000,101632.06000000,101723.19000000,490.40273000
2025-01-07 10:00:00,101723.18000000,101723.19000000,101379.45000000,101406.78000000,716.36897000
2025-01-07 11:00:00,101406.78000000,101453.00000000,100472.45000000,100830.86000000,1572.48188000
2025-01-07 12:00:00,100830.86000000,100956.99000000,100628.43000000,100750.89000000,725.09465000
2025-01-07 13:00:00,100750.88000000,100960.06000000,100615.63000000,100636.80000000,744.04629000
2025-01-07 14:00:00,100636.80000000,100862.91000000,99732.00000000,99979.69000000,2490.75719000
2025-01-07 15:00:00,99979.69000000,100142.99000000,97153.50000000,97952.26000000,8692.12932000
2025-01-07 16:00:00,97952.26000000,98347.81000000,97586.41000000,97733.58000000,2402.78330000
2025-01-07 17:00:00,97733.58000000,97806.03000000,96577.00000000,97277.31000000,2384.90474000
2025-01-07 18:00:00,97277.32000000,97541.60000000,96600.00000000,96750.86000000,1551.15869000
2025-01-07 19:00:00,96750.86000000,97200.01000000,96323.67000000,96451.98000000,1482.07032000
2025-01-07 20:00:00,96451.99000000,96870.52000000,96181.81000000,96533.35000000,1820.47033000
2025-01-07 21:00:00,96533.34000000,97094.19000000,96400.00000000,96501.22000000,1161.95008000
2025-01-07 22:00:00,96501.23000000,97220.76000000,96412.00000000,97164.00000000,708.70971000
2025-01-07 23:00:00,97163.99000000,97169.65000000,96800.80000000,96954.61000000,810.74206000
2025-01-08 00:00:00,96954.60000000,97268.65000000,96707.77000000,97268.49000000,817.82250000
2025-01-08 01:00:00,97268.49000000,97268.50000000,96608.14000000,96907.15000000,751.04704000
2025-01-08 02:00:00,96907.16000000,97181.82000000,96778.57000000,96878.14000000,677.26436000
2025-01-08 03:00:00,96878.14000000,96878.14000000,96216.83000000,96525.20000000,1257.71877000
2025-01-08 04:00:00,96525.20000000,96634.58000000,96057.48000000,96274.81000000,1105.11271000
2025-01-08 05:00:00,96274.80000000,96654.61000000,96102.94000000,96492.01000000,705.86066000
2025-01-08 06:00:00,96492.01000000,96636.37000000,95259.30000000,95284.31000000,1870.78889000
2025-01-08 07:00:00,95284.31000000,95815.52000000,95250.76000000,95657.09000000,1326.50987000
2025-01-08 08:00:00,95657.09000000,96132.47000000,95528.56000000,95945.99000000,917.59892000
2025-01-08 09:00:00,95946.00000000,96098.10000000,95412.00000000,95432.82000000,613.22404000
2025-01-08 10:00:00,95432.83000000,96000.00000000,95432.43000000,95961.02000000,713.60141000
2025-01-08 11:00:00,95961.03000000,96052.00000000,94543.86000000,95134.92000000,1835.63994000
2025-01-08 12:00:00,95134.92000000,95376.56000000,94852.23000000,94888.01000000,1048.36101000
2025-01-08 13:00:00,94888.01000000,95679.69000000,94888.00000000,95384.00000000,1277.78686000
2025-01-08 14:00:00,95384.01000000,95865.71000000,94888.88000000,95288.01000000,2131.52699000
2025-01-08 15:00:00,95288.00000000,96079.32000000,94624.43000000,95493.77000000,3066.43677000
2025-01-08 16:00:00,95493.77000000,95555.25000000,94556.21000000,94787.87000000,1545.18588000
2025-01-08 17:00:00,94787.87000000,94847.99000000,92500.90000000,94030.82000000,5296.00136000
2025-01-08 18:00:00,94030.81000000,95106.33000000,93753.99000000,94242.61000000,2090.92444000
2025-01-08 19:00:00,94242.62000000,94859.54000000,94053.82000000,94243.89000000,1331.27114000
2025-01-08 20:00:00,94243.89000000,94404.00000000,93755.48000000,93980.00000000,1050.42711000
2025-01-08 21:00:00,93982.01000000,94596.00000000,93600.00000000,94468.97000000,953.60770000
2025-01-08 22:00:00,94468.97000000,95290.99000000,94460.86000000,95290.93000000,743.64746000
2025-01-08 23:00:00,95290.93000000,95310.94000000,94900.00000000,95060.61000000,577.31311000
2025-01-09 00:00:00,95060.61000000,95150.00000000,94809.07000000,95135.30000000,552.16219000
2025-01-09 01:00:00,95135.30000000,95382.32000000,94966.66000000,94983.82000000,596.76178000
2025-01-09 02:00:00,94983.82000000,95030.31000000,93422.89000000,94776.99000000,3219.21675000
2025-01-09 03:00:00,94777.00000000,94800.69000000,94017.93000000,94027.90000000,1051.54436000
2025-01-09 04:00:00,94027.91000000,94487.74000000,93796.99000000,94424.24000000,686.14805000
2025-01-09 05:00:00,94424.24000000,94566.64000000,94280.65000000,94472.58000000,347.93364000
2025-01-09 06:00:00,94472.59000000,94618.63000000,94048.07000000,94095.03000000,515.64221000
2025-01-09 07:00:00,94095.04000000,94299.22000000,93186.38000000,93221.59000000,1274.59624000
2025-01-09 08:00:00,93221.59000000,93400.98000000,92750.00000000,93030.87000000,1897.18886000
2025-01-09 09:00:00,93030.88000000,93787.75000000,92970.96000000,93516.62000000,1012.10325000
2025-01-09 10:00:00,93516.63000000,93660.00000000,93016.55000000,93462.43000000,958.29861000
2025-01-09 11:00:00,93462.43000000,93877.46000000,93224.00000000,93465.23000000,706.79590000
2025-01-09 12:00:00,93465.23000000,93696.97000000,93155.25000000,93421.94000000,710.38168000
2025-01-09 13:00:00,93421.94000000,93486.19000000,91900.12000000,91986.42000000,3474.43560000
2025-01-09 14:00:00,91986.41000000,92900.00000000,91800.00000000,92863.80000000,2363.05968000
2025-01-09 15:00:00,92863.81000000,94588.23000000,92671.67000000,94244.02000000,2560.47367000
2025-01-09 16:00:00,94244.02000000,94685.25000000,93846.15000000,94250.95000000,1597.06769000
2025-01-09 17:00:00,94250.96000000,94293.96000000,92325.00000000,92693.11000000,1927.98124000
2025-01-09 18:00:00,92693.11000000,93239.51000000,92403.77000000,93020.11000000,1440.41777000
2025-01-09 19:00:00,93020.10000000,93291.96000000,91900.01000000,91909.59000000,1659.19728000
2025-01-09 20:00:00,91909.59000000,92371.32000000,91203.67000000,91903.22000000,2948.09971000
2025-01-09 21:00:00,91903.21000000,92497.66000000,91781.09000000,92108.84000000,1113.80054000
2025-01-09 22:00:00,92108.84000000,92720.67000000,91624.00000000,92456.32000000,1126.88174000
2025-01-09 23:00:00,92456.32000000,92689.38000000,92034.55000000,92552.49000000,804.64841000
2025-01-10 00:00:00,92552.49000000,92850.00000000,92431.73000000,92775.84000000,765.60662000
2025-01-10 01:00:00,92775.85000000,93159.16000000,92590.33000000,93102.52000000,646.50474000
2025-01-10 02:00:00,93102.52000000,93726.87000000,93033.50000000,93364.36000000,910.05796000
2025-01-10 03:00:00,93364.36000000,93727.83000000,93312.58000000,93696.13000000,605.87134000
2025-01-10 04:00:00,93696.13000000,93908.85000000,93500.00000000,93837.69000000,539.73949000
2025-01-10 05:00:00,93837.69000000,94250.07000000,93642.85000000,93956.83000000,803.65233000
2025-01-10 06:00:00,93956.83000000,94319.00000000,93733.83000000,94252.83000000,883.82544000
2025-01-10 07:00:00,94252.83000000,95000.00000000,94070.00000000,94492.63000000,1375.06652000
2025-01-10 08:00:00,94492.62000000,94766.12000000,94388.50000000,94680.01000000,786.92644000
2025-01-10 09:00:00,94680.00000000,95000.55000000,94582.03000000,94793.08000000,750.72307000
2025-01-10 10:00:00,94793.07000000,95293.40000000,94757.57000000,95215.73000000,599.33683000
2025-01-10 11:00:00,95215.73000000,95267.16000000,94600.49000000,95073.95000000,709.58099000
2025-01-10 12:00:00,95073.95000000,95117.26000000,94702.49000000,95023.44000000,585.68189000
2025-01-10 13:00:00,95023.44000000,95046.00000000,92715.85000000,93557.23000000,4436.60731000
2025-01-10 14:00:00,93557.23000000,94680.76000000,93379.93000000,94115.63000000,3037.58710000
2025-01-10 15:00:00,94115.62000000,94524.00000000,92206.02000000,93730.92000000,3948.23271000
2025-01-10 16:00:00,93730.93000000,94062.94000000,93177.40000000,93645.05000000,2166.94210000
2025-01-10 17:00:00,93645.06000000,95836.00000000,93318.07000000,95793.05000000,2615.68539000
2025-01-10 18:00:00,95793.04000000,95793.04000000,94581.87000000,94861.62000000,1989.46965000
2025-01-10 19:00:00,94861.62000000,95386.74000000,94373.85000000,95327.06000000,1188.49425000
2025-01-10 20:00:00,95327.07000000,95442.15000000,94586.02000000,94672.05000000,1050.74200000
2025-01-10 21:00:00,94669.06000000,94923.05000000,94603.72000000,94613.26000000,443.76148000
2025-01-10 22:00:00,94613.26000000,94955.54000000,94586.03000000,94767.70000000,342.72272000
2025-01-10 23:00:00,94767.69000000,94894.81000000,94657.39000000,94726.11000000,300.04587000
2025-01-11 00:00:00,94726.10000000,94746.37000000,94360.65000000,94600.69000000,360.16333000
2025-01-11 01:00:00,94600.70000000,94696.97000000,94214.38000000,94424.26000000,335.79125000
2025-01-11 02:00:00,94424.26000000,94495.90000000,94180.00000000,94424.24000000,304.40657000
2025-01-11 03:00:00,94424.24000000,94429.84000000,94106.49000000,94206.95000000,275.47256000
2025-01-11 04:00:00,94206.96000000,94316.09000000,93831.73000000,94063.29000000,409.40458000
2025-01-11 05:00:00,94063.29000000,94381.08000000,94013.51000000,94366.69000000,235.14105000
2025-01-11 06:00:00,94366.70000000,94441.87000000,94216.25000000,94216.25000000,150.60139000
2025-01-11 07:00:00,94216.26000000,94333.34000000,94151.51000000,94246.36000000,194.41264000
2025-01-11 08:00:00,94246.36000000,94408.34000000,94031.22000000,94074.79000000,226.92498000
2025-01-11 09:00:00,94074.80000000,94329.80000000,94044.82000000,94329.45000000,197.65314000
2025-01-11 10:00:00,94329.46000000,94528.27000000,94300.01000000,94488.86000000,271.33726000
2025-01-11 11:00:00,94488.87000000,94791.67000000,94455.04000000,94625.65000000,313.77601000
2025-01-11 12:00:00,94625.66000000,94655.20000000,94528.01000000,94550.01000000,194.65011000
2025-01-11 13:00:00,94550.00000000,94606.11000000,94342.63000000,94400.01000000,233.44386000
2025-01-11 14:00:00,94400.01000000,94638.44000000,94307.25000000,94620.00000000,278.58075000
2025-01-11 15:00:00,94620.00000000,94647.05000000,94377.57000000,94410.26000000,185.10489000
2025-01-11 16:00:00,94410.26000000,94708.12000000,94312.56000000,94448.14000000,278.46964000
2025-01-11 17:00:00,94448.14000000,94448.14000000,93984.55000000,94151.52000000,422.01065000
2025-01-11 18:00:00,94151.51000000,94306.62000000,94121.00000000,94275.79000000,171.50586000
2025-01-11 19:00:00,94275.79000000,94327.40000000,94084.64000000,94249.26000000,144.36313000
2025-01-11 20:00:00,94249.27000000,94668.31000000,94200.89000000,94586.11000000,282.09991000
2025-01-11 21:00:00,94586.12000000,95050.94000000,94575.75000000,94940.76000000,818.05763000
2025-01-11 22:00:00,94940.75000000,95005.00000000,94561.00000000,94593.80000000,532.69589000
2025-01-11 23:00:00,94593.80000000,94753.37000000,94541.66000000,94599.99000000,231.83722000
2025-01-12 00:00:00,94599.99000000,94655.22000000,94422.13000000,94452.07000000,320.75584000
2025-01-12 01:00:00,94452.08000000,94589.46000000,94296.99000000,94580.00000000,300.67295000
2025-01-12 02:00:00,94580.00000000,94670.00000000,94480.58000000,94625.25000000,152.15196000
2025-01-12 03:00:00,94625.25000000,94699.00000000,94418.56000000,94622.40000000,210.90464000
2025-01-12 04:00:00,94622.40000000,94650.00000000,94500.00000000,94587.99000000,132.27266000
2025-01-12 05:00:00,94587.99000000,94627.80000000,94500.00000000,94571.43000000,92.53877000
2025-01-12 06:00:00,94571.43000000,94616.00000000,94357.14000000,94381.78000000,163.50382000
2025-01-12 07:00:00,94381.78000000,94441.42000000,94274.01000000,94323.85000000,166.86151000
2025-01-12 08:00:00,94323.85000000,94393.57000000,94109.00000000,94170.01000000,255.91064000
2025-01-12 09:00:00,94170.01000000,94222.41000000,93711.19000000,93906.22000000,541.72205000
2025-01-12 10:00:00,93906.21000000,94056.04000000,93836.51000000,94015.16000000,438.14049000
2025-01-12 11:00:00,94015.17000000,94348.64000000,94015.16000000,94255.10000000,306.54770000
2025-01-12 12:00:00,94255.10000000,94600.00000000,94173.48000000,94328.20000000,414.09702000
2025-01-12 13:00:00,94328.21000000,94730.04000000,94303.03000000,94663.78000000,602.30540000
2025-01-12 14:00:00,94663.77000000,94994.49000000,94663.77000000,94811.00000000,444.18254000
2025-01-12 15:00:00,94811.00000000,95450.10000000,94675.54000000,95071.90000000,667.55246000
2025-01-12 16:00:00,95071.91000000,95131.05000000,94791.43000000,95046.76000000,269.91850000
2025-01-12 17:00:00,95046.76000000,95271.56000000,94984.36000000,95139.45000000,320.98582000
2025-01-12 18:00:00,95139.46000000,95314.12000000,94916.00000000,94992.64000000,222.20274000
2025-01-12 19:00:00,94992.65000000,95055.93000000,94578.54000000,94650.26000000,508.48683000
2025-01-12 20:00:00,94650.26000000,94800.00000000,94612.00000000,94687.69000000,183.55526000
2025-01-12 21:00:00,94687.69000000,94727.28000000,94302.90000000,94352.70000000,336.21071000
2025-01-12 22:00:00,94352.70000000,94362.92000000,93800.00000000,93962.91000000,831.05211000
2025-01-12 23:00:00,93962.91000000,94563.82000000,93946.96000000,94545.06000000,724.33380000
2025-01-13 00:00:00,94545.07000000,95940.00000000,94463.32000000,95325.43000000,1259.98460000
2025-01-13 01:00:00,95325.43000000,95400.00000000,94081.38000000,94218.01000000,1000.51032000
2025-01-13 02:00:00,94218.01000000,94500.00000000,93899.99000000,94217.43000000,622.98595000
2025-01-13 03:00:00,94217.43000000,94408.17000000,93972.54000000,94269.23000000,603.07676000
2025-01-13 04:00:00,94269.23000000,94913.03000000,94202.76000000,94503.34000000,505.10760000
2025-01-13 05:00:00,94503.34000000,94543.28000000,94045.45000000,94181.37000000,415.64412000
2025-01-13 06:00:00,94181.37000000,94327.35000000,93281.00000000,93637.37000000,1071.58867000
2025-01-13 07:00:00,93637.38000000,93947.30000000,93469.20000000,93590.24000000,659.49821000
2025-01-13 08:00:00,93590.24000000,93661.55000000,92904.35000000,93039.10000000,1106.31398000
2025-01-13 09:00:00,93039.11000000,93195.99000000,92644.11000000,92846.79000000,1308.31575000
2025-01-13 10:00:00,92846.79000000,92889.06000000,91372.17000000,91644.96000000,3461.57932000
2025-01-13 11:00:00,91644.96000000,91776.04000000,90833.12000000,90851.22000000,4194.43530000
2025-01-13 12:00:00,90851.23000000,91350.00000000,90300.00000000,90732.00000000,3847.56478000
2025-01-13 13:00:00,90732.00000000,91780.00000000,90583.24000000,91131.41000000,2635.60842000
2025-01-13 14:00:00,91131.41000000,92300.00000000,89256.69000000,91833.03000000,6291.93940000
2025-01-13 15:00:00,91833.03000000,93100.00000000,91570.00000000,92123.75000000,2993.71459000
2025-01-13 16:00:00,92123.75000000,92289.07000000,91250.00000000,91343.20000000,1967.47090000
2025-01-13 17:00:00,91343.21000000,92300.00000000,91250.00000000,91983.96000000,1292.83794000
2025-01-13 18:00:00,91983.96000000,92405.39000000,91593.85000000,92077.65000000,1146.24803000
2025-01-13 19:00:00,92077.65000000,92534.10000000,91600.00000000,92312.18000000,1190.57010000
2025-01-13 20:00:00,92312.18000000,93783.12000000,91908.20000000,93575.53000000,1763.26310000
2025-01-13 21:00:00,93575.53000000,94472.00000000,93401.84000000,94193.49000000,1762.73089000
2025-01-13 22:00:00,94193.49000000,94727.15000000,94152.00000000,94399.98000000,918.81918000
2025-01-13 23:00:00,94399.99000000,94612.70000000,94164.77000000,94536.10000000,599.75632000
2025-01-14 00:00:00,94536.11000000,94880.00000000,94346.22000000,94470.77000000,1089.79630000
2025-01-14 01:00:00,94470.76000000,95041.17000000,94462.59000000,94834.50000000,793.93418000
2025-01-14 02:00:00,94834.50000000,95280.80000000,94749.57000000,94882.65000000,861.15357000
2025-01-14 03:00:00,94882.65000000,95112.61000000,94828.46000000,94861.40000000,558.39973000
2025-01-14 04:00:00,94861.39000000,95149.32000000,94830.25000000,95119.19000000,552.62213000
2025-01-14 05:00:00,95119.18000000,95464.71000000,94861.39000000,94916.08000000,680.63696000
2025-01-14 06:00:00,94916.08000000,95031.94000000,94753.42000000,95031.94000000,528.83900000
2025-01-14 07:00:00,95031.93000000,95168.60000000,94838.56000000,94864.00000000,596.66211000
2025-01-14 08:00:00,94863.99000000,95819.70000000,94860.11000000,95488.50000000,1555.26872000
2025-01-14 09:00:00,95488.51000000,97371.00000000,95469.51000000,97159.44000000,2720.04616000
2025-01-14 10:00:00,97159.43000000,97194.26000000,96579.31000000,96697.08000000,1394.49961000
2025-01-14 11:00:00,96686.09000000,96687.15000000,96336.92000000,96548.04000000,826.01262000
2025-01-14 12:00:00,96548.04000000,96700.00000000,95972.58000000,95988.00000000,1369.94574000
2025-01-14 13:00:00,95988.01000000,97263.02000000,95748.93000000,96336.00000000,2544.05682000
2025-01-14 14:00:00,96336.00000000,97265.48000000,96029.73000000,96293.60000000,2135.64365000
2025-01-14 15:00:00,96293.61000000,96974.82000000,96184.02000000,96471.65000000,2344.68602000
2025-01-14 16:00:00,96471.65000000,96471.66000000,95351.76000000,95745.43000000,2219.24732000
2025-01-14 17:00:00,95745.42000000,96550.46000000,95584.83000000,96527.96000000,1050.49264000
2025-01-14 18:00:00,96527.96000000,96958.97000000,96290.85000000,96777.80000000,996.63205000
2025-01-14 19:00:00,96777.79000000,97088.57000000,96466.03000000,96537.80000000,868.21053000
2025-01-14 20:00:00,96537.23000000,96921.13000000,96152.31000000,96505.04000000,1031.11214000
2025-01-14 21:00:00,96505.98000000,96678.18000000,96315.38000000,96486.09000000,561.54114000
2025-01-14 22:00:00,96486.10000000,96741.95000000,96450.00000000,96691.91000000,310.63288000
2025-01-14 23:00:00,96691.91000000,96780.02000000,96500.49000000,96560.86000000,256.54551000
2025-01-15 00:00:00,96560.85000000,97332.52000000,96500.00000000,96889.36000000,998.94002000
2025-01-15 01:00:00,96889.36000000,97554.63000000,96789.38000000,97349.62000000,1002.14317000
2025-01-15 02:00:00,97349.61000000,97464.80000000,96746.71000000,96824.06000000,647.36377000
2025-01-15 03:00:00,96824.06000000,97324.00000000,96751.47000000,97317.12000000,641.52255000
2025-01-15 04:00:00,97317.12000000,97724.96000000,97072.70000000,97189.71000000,1125.98732000
2025-01-15 05:00:00,97189.71000000,97242.29000000,96750.00000000,97029.97000000,809.66839000
2025-01-15 06:00:00,97029.97000000,97147.95000000,96851.50000000,97105.48000000,457.24837000
2025-01-15 07:00:00,97105.48000000,97600.31000000,97105.47000000,97301.35000000,666.95451000
2025-01-15 08:00:00,97301.35000000,97524.00000000,97153.48000000,97202.26000000,776.88371000
2025-01-15 09:00:00,97202.27000000,97366.11000000,96766.57000000,96816.47000000,775.71962000
2025-01-15 10:00:00,96816.47000000,97136.28000000,96721.39000000,96933.59000000,487.37338000
2025-01-15 11:00:00,96933.59000000,96942.37000000,96521.00000000,96762.18000000,622.72697000
2025-01-15 12:00:00,96762.19000000,97194.35000000,96539.77000000,96942.93000000,648.07612000
2025-01-15 13:00:00,96942.92000000,99073.39000000,96852.38000000,98964.00000000,4849.23407000
2025-01-15 14:00:00,98963.99000000,99499.00000000,98613.99000000,99434.41000000,3178.76457000
2025-01-15 15:00:00,99434.80000000,99799.98000000,98964.71000000,98992.42000000,2902.87621000
2025-01-15 16:00:00,98992.42000000,99479.53000000,98888.98000000,98995.58000000,1407.98268000
2025-01-15 17:00:00,98995.58000000,99335.91000000,98602.05000000,98645.65000000,1091.04433000
2025-01-15 18:00:00,98645.65000000,99483.87000000,98645.65000000,99446.14000000,800.99381000
2025-01-15 19:00:00,99446.15000000,99990.00000000,99297.41000000,99844.90000000,1737.79895000
2025-01-15 20:00:00,99844.91000000,100681.94000000,99460.80000000,99566.40000000,2464.64680000
2025-01-15 21:00:00,99566.34000000,99876.40000000,99476.16000000,99672.00000000,809.22859000
2025-01-15 22:00:00,99671.99000000,99838.28000000,99564.00000000,99713.46000000,534.55121000
2025-01-15 23:00:00,99713.45000000,100510.05000000,99632.73000000,100497.35000000,1072.26267000
2025-01-16 00:00:00,100497.35000000,100866.66000000,99658.78000000,99869.26000000,2043.88616000
2025-01-16 01:00:00,99869.26000000,100200.00000000,99814.91000000,100082.35000000,980.69271000
2025-01-16 02:00:00,100082.35000000,100112.00000000,99471.48000000,99637.77000000,872.45982000
2025-01-16 03:00:00,99637.78000000,99848.00000000,99170.00000000,99478.03000000,867.71480000
2025-01-16 04:00:00,99478.04000000,99698.70000000,99478.03000000,99610.00000000,463.39979000
2025-01-16 05:00:00,99610.00000000,99613.99000000,99355.23000000,99382.11000000,404.77978000
2025-01-16 06:00:00,99382.11000000,99921.86000000,99322.19000000,99801.23000000,700.10006000
2025-01-16 07:00:00,99801.22000000,99850.00000000,99650.33000000,99799.99000000,403.57875000
2025-01-16 08:00:00,99800.00000000,99820.00000000,98617.55000000,98955.80000000,1465.06662000
2025-01-16 09:00:00,98955.81000000,99315.00000000,98649.41000000,99152.93000000,1255.33253000
2025-01-16 10:00:00,99152.93000000,99405.74000000,99122.07000000,99214.25000000,459.21815000
2025-01-16 11:00:00,99214.26000000,99333.24000000,98699.99000000,99158.71000000,1044.87874000
2025-01-16 12:00:00,99158.70000000,99517.93000000,98886.95000000,99392.09000000,860.82336000
2025-01-16 13:00:00,99392.09000000,99461.93000000,98777.87000000,99084.04000000,1485.77569000
2025-01-16 14:00:00,99084.05000000,99424.96000000,97489.74000000,97618.89000000,3024.86460000
2025-01-16 15:00:00,97618.88000000,99299.00000000,97335.13000000,99296.17000000,2581.46637000
2025-01-16 16:00:00,99296.17000000,99873.37000000,99079.05000000,99346.39000000,2045.22890000
2025-01-16 17:00:00,99346.39000000,100361.54000000,99178.30000000,99838.54000000,1379.66956000
2025-01-16 18:00:00,99838.55000000,100070.80000000,99260.45000000,99584.24000000,909.60548000
2025-01-16 19:00:00,99584.23000000,100448.72000000,99408.00000000,100417.20000000,1011.21215000
2025-01-16 20:00:00,100417.20000000,100641.99000000,100256.85000000,100343.99000000,1507.69777000
2025-01-16 21:00:00,100344.00000000,100399.33000000,99717.60000000,100156.98000000,861.92090000
2025-01-16 22:00:00,100156.98000000,100156.98000000,99377.00000000,99838.25000000,543.57901000
2025-01-16 23:00:00,99838.25000000,100115.87000000,99746.00000000,99987.30000000,659.90147000
2025-01-17 00:00:00,99987.30000000,100434.96000000,99950.77000000,100120.58000000,733.49266000
2025-01-17 01:00:00,100120.58000000,101833.28000000,100050.00000000,101659.80000000,3129.03705000
2025-01-17 02:00:00,101659.80000000,102148.13000000,100780.54000000,101100.00000000,2269.38304000
2025-01-17 03:00:00,101100.00000000,101271.74000000,100943.77000000,101051.73000000,759.63139000
2025-01-17 04:00:00,101051.73000000,101490.78000000,100952.10000000,101481.29000000,685.45637000
2025-01-17 05:00:00,101481.28000000,101782.02000000,101301.40000000,101334.05000000,905.85684000
2025-01-17 06:00:00,101334.06000000,101586.96000000,101302.60000000,101408.99000000,413.87668000
2025-01-17 07:00:00,101409.00000000,101899.49000000,101401.00000000,101440.50000000,1193.29541000
2025-01-17 08:00:00,101440.51000000,102220.14000000,101439.77000000,102136.01000000,1964.78851000
2025-01-17 09:00:00,102136.00000000,102288.00000000,101743.19000000,101861.26000000,1177.21807000
2025-01-17 10:00:00,101861.26000000,102581.45000000,101794.14000000,102321.53000000,1549.58944000
2025-01-17 11:00:00,102321.54000000,102443.50000000,102082.64000000,102237.60000000,688.88715000
2025-01-17 12:00:00,102237.60000000,102959.66000000,102195.90000000,102745.69000000,1367.64014000
2025-01-17 13:00:00,102745.68000000,102980.00000000,102422.45000000,102474.14000000,1091.04308000
2025-01-17 14:00:00,102474.14000000,103395.47000000,102279.41000000,103378.95000000,2867.39252000
2025-01-17 15:00:00,103379.23000000,104254.19000000,103285.79000000,104000.00000000,3972.29934000
2025-01-17 16:00:00,104000.00000000,105000.00000000,103841.18000000,104972.81000000,3081.02614000
2025-01-17 17:00:00,104972.81000000,105269.24000000,104025.49000000,104125.46000000,2634.44109000
2025-01-17 18:00:00,104125.46000000,104946.01000000,104039.05000000,104835.68000000,1307.73288000
2025-01-17 19:00:00,104835.68000000,105865.22000000,104684.21000000,105834.93000000,2313.65354000
2025-01-17 20:00:00,105834.93000000,105847.02000000,104539.18000000,104692.70000000,2246.47712000
2025-01-17 21:00:00,104692.70000000,105041.05000000,104462.02000000,104604.49000000,1431.12357000
2025-01-17 22:00:00,104604.49000000,104694.42000000,104204.00000000,104410.39000000,838.35441000
2025-01-17 23:00:00,104410.40000000,104526.32000000,104065.25000000,104077.48000000,550.15648000
2025-01-18 00:00:00,104077.47000000,104656.87000000,104075.34000000,104656.87000000,638.77711000
2025-01-18 01:00:00,104656.87000000,104656.87000000,104082.19000000,104268.14000000,833.43737000
2025-01-18 02:00:00,104268.14000000,104500.00000000,104259.98000000,104327.98000000,432.64650000
2025-01-18 03:00:00,104327.99000000,104479.31000000,103000.25000000,103559.82000000,1613.96460000
2025-01-18 04:00:00,103559.82000000,103726.23000000,102666.55000000,103599.27000000,1465.98462000
2025-01-18 05:00:00,103599.27000000,103771.21000000,102818.00000000,102829.27000000,1378.08470000
2025-01-18 06:00:00,102829.27000000,103636.91000000,102822.16000000,103440.39000000,1129.47925000
2025-01-18 07:00:00,103440.39000000,103488.90000000,102602.48000000,102821.75000000,963.58283000
2025-01-18 08:00:00,102821.75000000,103344.70000000,102277.55000000,103272.00000000,1495.73398000
2025-01-18 09:00:00,103271.99000000,103455.89000000,103059.11000000,103159.29000000,744.01579000
2025-01-18 10:00:00,103159.29000000,103294.35000000,102828.95000000,103184.64000000,905.13882000
2025-01-18 11:00:00,103184.64000000,103883.01000000,102932.01000000,103589.29000000,969.22689000
2025-01-18 12:00:00,103589.29000000,104035.28000000,103372.08000000,103457.34000000,851.81122000
2025-01-18 13:00:00,103457.34000000,104395.92000000,103107.65000000,104365.81000000,1163.74718000
2025-01-18 14:00:00,104365.81000000,104562.50000000,103722.00000000,103993.03000000,1347.04684000
2025-01-18 15:00:00,103993.02000000,104988.88000000,103761.05000000,104568.96000000,1639.57277000
2025-01-18 16:00:00,104568.96000000,104719.29000000,103156.02000000,103253.66000000,1948.60197000
2025-01-18 17:00:00,103253.65000000,104207.97000000,103253.65000000,103826.16000000,805.95293000
2025-01-18 18:00:00,103826.16000000,104395.92000000,103779.76000000,104084.74000000,860.07852000
2025-01-18 19:00:00,104084.74000000,104486.93000000,104080.71000000,104382.01000000,582.52230000
2025-01-18 20:00:00,104382.00000000,104488.00000000,103765.44000000,104035.42000000,778.47913000
2025-01-18 21:00:00,104035.42000000,104276.34000000,103878.87000000,103889.29000000,607.34292000
2025-01-18 22:00:00,103888.96000000,104307.00000000,103860.91000000,104291.30000000,418.18245000
2025-01-18 23:00:00,104291.30000000,104750.00000000,104291.30000000,104556.23000000,734.41929000
2025-01-19 00:00:00,104556.23000000,104556.23000000,104108.00000000,104108.00000000,631.78323000
2025-01-19 01:00:00,104108.01000000,104684.22000000,104013.51000000,104486.83000000,531.90385000
2025-01-19 02:00:00,104486.83000000,105458.55000000,104486.83000000,104877.96000000,1271.86533000
2025-01-19 03:00:00,104877.97000000,105183.51000000,104560.00000000,104984.01000000,835.78191000
2025-01-19 04:00:00,104984.01000000,105267.67000000,104676.48000000,105032.03000000,1179.37159000
2025-01-19 05:00:00,105032.04000000,105131.70000000,104191.19000000,105116.52000000,1200.22558000
2025-01-19 06:00:00,105116.51000000,105634.78000000,105030.00000000,105568.29000000,1208.28488000
2025-01-19 07:00:00,105568.29000000,105594.63000000,104960.26000000,105167.12000000,1197.63117000
2025-01-19 08:00:00,105167.11000000,105167.12000000,104305.36000000,104428.24000000,1601.61344000
2025-01-19 09:00:00,104428.23000000,105496.03000000,103450.69000000,105299.81000000,3235.23023000
2025-01-19 10:00:00,105299.81000000,105299.81000000,104405.13000000,104823.86000000,1399.66861000
2025-01-19 11:00:00,104823.86000000,105350.00000000,104209.56000000,104363.23000000,1659.36186000
2025-01-19 12:00:00,104363.24000000,105040.30000000,104300.75000000,104936.54000000,1376.12368000
2025-01-19 13:00:00,104936.54000000,105321.87000000,104850.58000000,104964.71000000,1148.03736000
2025-01-19 14:00:00,104964.72000000,105706.48000000,104789.60000000,105160.00000000,1991.10223000
2025-01-19 15:00:00,105159.99000000,105247.40000000,104500.01000000,104936.35000000,1510.85148000
2025-01-19 16:00:00,104936.35000000,105228.27000000,104725.68000000,104963.11000000,850.57647000
2025-01-19 17:00:00,104963.11000000,105148.42000000,104520.01000000,105115.80000000,900.94794000
2025-01-19 18:00:00,105115.80000000,105250.00000000,104902.27000000,105042.90000000,605.10250000
2025-01-19 19:00:00,105042.90000000,106200.74000000,104967.66000000,106200.00000000,1223.16865000
2025-01-19 20:00:00,106200.00000000,106422.43000000,105486.00000000,106275.49000000,1629.00774000
2025-01-19 21:00:00,106275.49000000,106368.33000000,103684.21000000,103684.44000000,3593.34084000
2025-01-19 22:00:00,103684.43000000,104500.00000000,101104.71000000,103414.00000000,5056.42008000
2025-01-19 23:00:00,103414.00000000,103414.00000000,99651.60000000,101331.57000000,7559.88233000
2025-01-20 00:00:00,101331.57000000,101677.71000000,99550.00000000,99794.51000000,5734.89756000
2025-01-20 01:00:00,99794.51000000,100999.99000000,99629.86000000,100692.82000000,3366.66439000
2025-01-20 02:00:00,100692.82000000,102321.42000000,100600.00000000,101926.42000000,2712.65655000
2025-01-20 03:00:00,101926.56000000,102211.08000000,101411.20000000,101891.93000000,2125.04174000
2025-01-20 04:00:00,101891.94000000,102800.27000000,101535.28000000,102232.34000000,1354.31990000
2025-01-20 05:00:00,102232.34000000,102825.73000000,102127.99000000,102344.20000000,1231.19752000
2025-01-20 06:00:00,102344.20000000,109588.00000000,102220.80000000,107486.50000000,9897.78242200
2025-01-20 07:00:00,107482.36000000,109499.99000000,106923.00000000,107120.65000000,8721.28782000
2025-01-20 08:00:00,107120.65000000,108381.92000000,107093.33000000,108320.01000000,2473.29627000
2025-01-20 09:00:00,108320.00000000,109193.23000000,107548.00000000,108132.05000000,3267.21621000
2025-01-20 10:00:00,108132.05000000,108731.92000000,107769.18000000,107964.56000000,1721.08834000
2025-01-20 11:00:00,107964.56000000,108550.00000000,107780.51000000,108239.19000000,1549.29703000
2025-01-20 12:00:00,108239.19000000,108700.01000000,105472.95000000,106917.59000000,4856.77565000
2025-01-20 13:00:00,106918.83000000,108125.00000000,106651.11000000,107956.31000000,2397.52118000
2025-01-20 14:00:00,107956.31000000,108130.08000000,107277.28000000,107866.65000000,2020.37994000
2025-01-20 15:00:00,107866.65000000,107990.00000000,104480.00000000,104957.99000000,4436.56636000
2025-01-20 16:00:00,104957.99000000,107050.00000000,103708.00000000,106670.38000000,5199.21213000
2025-01-20 17:00:00,106670.37000000,106778.05000000,100333.00000000,102963.32000000,14941.45475000
2025-01-20 18:00:00,102963.31000000,104469.15000000,102738.23000000,103930.66000000,3734.99842000
2025-01-20 19:00:00,103930.66000000,103964.43000000,102733.77000000,103691.63000000,2087.23730000
2025-01-20 20:00:00,103691.64000000,104331.00000000,103352.00000000,103647.16000000,1100.81839000
2025-01-20 21:00:00,103647.16000000,104080.00000000,102562.99000000,102596.00000000,1239.02947000
2025-01-20 22:00:00,102596.00000000,103815.98000000,101846.15000000,103608.00000000,1543.50015000
2025-01-20 23:00:00,103607.99000000,103728.52000000,101701.01000000,102260.01000000,1816.99224000
2025-01-21 00:00:00,102260.00000000,102672.00000000,101086.12000000,101187.75000000,2816.75367000
2025-01-21 01:00:00,101187.75000000,102233.26000000,100119.04000000,101498.24000000,3823.93670000
2025-01-21 02:00:00,101498.23000000,102763.33000000,101064.87000000,102545.56000000,2051.95936000
2025-01-21 03:00:00,102545.57000000,103260.10000000,102300.00000000,102936.01000000,1441.04326000
2025-01-21 04:00:00,102936.01000000,102974.14000000,101928.58000000,102344.20000000,1377.70334000
2025-01-21 05:00:00,102344.21000000,102527.39000000,101339.49000000,101365.98000000,1362.86605000
2025-01-21 06:00:00,101365.98000000,102186.15000000,101111.68000000,102176.04000000,1522.82917000
2025-01-21 07:00:00,102176.04000000,102480.00000000,101799.57000000,101989.05000000,1136.76002000
2025-01-21 08:00:00,101989.06000000,102496.74000000,101740.82000000,102466.81000000,1187.32227000
2025-01-21 09:00:00,102466.82000000,102894.29000000,102072.13000000,102707.08000000,2026.76426000
2025-01-21 10:00:00,102707.07000000,103364.74000000,102582.00000000,103160.85000000,1303.31432000
2025-01-21 11:00:00,103160.85000000,103973.02000000,103073.86000000,103758.25000000,1718.25988000
2025-01-21 12:00:00,103758.25000000,104708.41000000,103610.77000000,104519.98000000,2027.20606000
2025-01-21 13:00:00,104519.98000000,104999.99000000,104149.18000000,104457.07000000,1599.06258000
2025-01-21 14:00:00,104457.08000000,105320.00000000,103001.00000000,103260.91000000,3365.70838000
2025-01-21 15:00:00,103260.90000000,104109.98000000,102803.43000000,103943.00000000,2907.27364000
2025-01-21 16:00:00,103942.99000000,106500.99000000,103822.02000000,104965.99000000,4366.96821000
2025-01-21 17:00:00,104965.99000000,106400.00000000,104888.24000000,106173.26000000,1731.22772000
2025-01-21 18:00:00,106173.27000000,107240.81000000,105892.00000000,106861.18000000,2322.19094000
2025-01-21 19:00:00,106861.18000000,107150.00000000,106263.84000000,107031.34000000,1336.84691000
2025-01-21 20:00:00,107031.34000000,107199.99000000,105924.24000000,106137.51000000,1639.24920000
2025-01-21 21:00:00,106137.51000000,106814.37000000,105772.00000000,106772.23000000,1191.84971000
2025-01-21 22:00:00,106772.23000000,106772.24000000,105971.99000000,105996.01000000,590.06415000
2025-01-21 23:00:00,105996.01000000,106284.00000000,105420.00000000,106143.82000000,1093.86022000
2025-01-22 00:00:00,106143.82000000,106322.00000000,105807.08000000,105948.00000000,785.71082000
2025-01-22 01:00:00,105948.01000000,106394.46000000,105448.99000000,105799.99000000,749.45670000
2025-01-22 02:00:00,105800.00000000,106202.82000000,105556.05000000,105583.89000000,883.60729000
2025-01-22 03:00:00,105583.90000000,105912.18000000,105583.89000000,105600.01000000,600.48352000
2025-01-22 04:00:00,105600.01000000,105812.00000000,105277.24000000,105578.41000000,564.31492000
2025-01-22 05:00:00,105578.41000000,105882.89000000,105498.83000000,105689.15000000,669.61764000
2025-01-22 06:00:00,105689.15000000,105952.00000000,105186.71000000,105379.81000000,874.52310000
2025-01-22 07:00:00,105379.82000000,105678.57000000,105043.88000000,105084.77000000,786.13709000
2025-01-22 08:00:00,105084.77000000,105343.28000000,104700.00000000,105270.03000000,1039.67653000
2025-01-22 09:00:00,105270.03000000,105270.03000000,104916.43000000,104984.83000000,486.16994000
2025-01-22 10:00:00,104984.82000000,105161.76000000,104647.75000000,105142.76000000,539.35143000
2025-01-22 11:00:00,105142.14000000,105464.83000000,104758.62000000,105100.39000000,942.81672000
2025-01-22 12:00:00,105100.38000000,105584.23000000,105060.35000000,105275.86000000,739.16798000
2025-01-22 13:00:00,105275.87000000,105363.76000000,103768.14000000,104073.94000000,1580.23804000
2025-01-22 14:00:00,104074.43000000,104949.00000000,103662.58000000,104393.66000000,2235.61079000
2025-01-22 15:00:00,104393.67000000,105148.95000000,103982.00000000,104180.01000000,1452.83185000
2025-01-22 16:00:00,104180.01000000,104232.64000000,103339.12000000,103704.64000000,1682.64238000
2025-01-22 17:00:00,103704.65000000,104604.76000000,103665.73000000,104345.80000000,1066.07987000
2025-01-22 18:00:00,104345.80000000,104684.00000000,103756.48000000,103896.01000000,799.32703000
2025-01-22 19:00:00,103896.01000000,104754.64000000,103853.66000000,104630.00000000,814.42181000
2025-01-22 20:00:00,104630.00000000,104830.12000000,104070.61000000,104321.10000000,1253.12925000
2025-01-22 21:00:00,104321.11000000,104369.12000000,103611.66000000,104088.03000000,709.88066000
2025-01-22 22:00:00,104086.95000000,104514.80000000,103770.01000000,103866.79000000,555.44817000
2025-01-22 23:00:00,103866.79000000,104143.99000000,103654.00000000,103706.66000000,438.04901000
2025-01-23 00:00:00,103706.66000000,103819.99000000,103052.82000000,103307.51000000,959.67667000
2025-01-23 01:00:00,103307.51000000,103653.84000000,102588.15000000,102931.94000000,1272.26098000
2025-01-23 02:00:00,102931.94000000,102983.39000000,102100.00000000,102655.34000000,1943.13807000
2025-01-23 03:00:00,102655.34000000,103007.75000000,102197.34000000,102461.25000000,785.20592000
2025-01-23 04:00:00,102461.24000000,102493.15000000,101575.50000000,102075.22000000,1629.12288000
2025-01-23 05:00:00,102075.21000000,102639.36000000,102000.00000000,102532.52000000,890.29202000
2025-01-23 06:00:00,102532.52000000,102968.31000000,102209.23000000,102256.70000000,596.11322000
2025-01-23 07:00:00,102256.71000000,102803.20000000,102084.51000000,102710.27000000,806.65241000
2025-01-23 08:00:00,102710.28000000,102724.94000000,102060.00000000,102215.75000000,613.31177000
2025-01-23 09:00:00,102215.75000000,102467.73000000,101650.00000000,101672.01000000,896.38504000
2025-01-23 10:00:00,101672.00000000,102072.72000000,101262.28000000,101683.61000000,1022.21944000
2025-01-23 11:00:00,101683.61000000,102195.03000000,101683.60000000,101944.49000000,682.04550000
2025-01-23 12:00:00,101944.50000000,102135.05000000,101401.31000000,101635.58000000,878.62297000
2025-01-23 13:00:00,101635.59000000,102709.93000000,101281.62000000,102512.28000000,1288.57422000
2025-01-23 14:00:00,102512.28000000,106050.86000000,101989.81000000,105213.50000000,5857.46597000
2025-01-23 15:00:00,105213.60000000,105792.00000000,102643.49000000,105263.52000000,9216.36495000
2025-01-23 16:00:00,105263.52000000,106850.00000000,105028.00000000,105139.18000000,5160.86951000
2025-01-23 17:00:00,105139.18000000,106230.42000000,104211.00000000,105927.78000000,1979.38581000
2025-01-23 18:00:00,105927.78000000,106142.46000000,105100.00000000,105424.39000000,1193.91319000
2025-01-23 19:00:00,105424.39000000,105514.73000000,103399.98000000,103770.04000000,1841.09666000
2025-01-23 20:00:00,103770.05000000,106421.03000000,102559.20000000,103284.48000000,9302.16037000
2025-01-23 21:00:00,103284.01000000,103410.57000000,102195.70000000,103079.08000000,2569.80136000
2025-01-23 22:00:00,103079.08000000,104700.00000000,102981.07000000,103978.82000000,1845.24984000
2025-01-23 23:00:00,103978.82000000,104544.48000000,103776.06000000,103910.34000000,723.19154000
2025-01-24 00:00:00,103910.35000000,104157.98000000,103424.58000000,103446.62000000,794.72778000
2025-01-24 01:00:00,103446.62000000,103900.00000000,103039.87000000,103234.30000000,733.04731000
2025-01-24 02:00:00,103234.30000000,103545.39000000,102956.72000000,103016.01000000,790.61956000
2025-01-24 03:00:00,103016.00000000,104298.00000000,102750.00000000,103891.75000000,1466.83904000
2025-01-24 04:00:00,103891.75000000,104924.40000000,103804.77000000,104631.99000000,924.65561000
2025-01-24 05:00:00,104631.98000000,105262.13000000,104543.21000000,105222.15000000,885.69764000
2025-01-24 06:00:00,105222.15000000,105355.00000000,104628.00000000,104991.01000000,677.90826000
2025-01-24 07:00:00,104991.01000000,105181.82000000,104660.00000000,105046.80000000,654.23540000
2025-01-24 08:00:00,105046.79000000,105650.00000000,104922.41000000,105500.76000000,938.64874000
2025-01-24 09:00:00,105500.76000000,105759.00000000,105053.80000000,105146.67000000,853.12570000
2025-01-24 10:00:00,105146.67000000,105428.00000000,105051.46000000,105416.75000000,671.89744000
2025-01-24 11:00:00,105416.75000000,105527.69000000,105214.15000000,105420.10000000,516.72232000
2025-01-24 12:00:00,105420.11000000,105586.29000000,105183.65000000,105526.58000000,627.41495000
2025-01-24 13:00:00,105526.58000000,105793.61000000,104982.03000000,105118.07000000,752.61070000
2025-01-24 14:00:00,105118.06000000,106321.66000000,104669.17000000,105758.00000000,2210.34491000
2025-01-24 15:00:00,105758.00000000,105990.50000000,105259.49000000,105859.98000000,1331.94447000
2025-01-24 16:00:00,105859.99000000,106174.99000000,105589.00000000,105645.89000000,1432.51588000
2025-01-24 17:00:00,105645.88000000,106699.99000000,105612.00000000,106458.46000000,1372.53034000
2025-01-24 18:00:00,106458.47000000,107120.00000000,106056.95000000,106327.72000000,1755.13607000
2025-01-24 19:00:00,106327.31000000,106606.01000000,105687.00000000,105760.94000000,923.18803000
2025-01-24 20:00:00,105760.93000000,105781.00000000,104736.84000000,104859.11000000,1341.56971000
2025-01-24 21:00:00,104859.40000000,105391.47000000,104859.40000000,105124.61000000,748.98359000
2025-01-24 22:00:00,105124.61000000,105477.00000000,104706.08000000,104777.25000000,540.29145000
2025-01-24 23:00:00,104777.25000000,104925.20000000,104456.89000000,104870.50000000,664.58527000
2025-01-25 00:00:00,104870.51000000,104870.51000000,104361.89000000,104419.59000000,772.42555000
2025-01-25 01:00:00,104419.58000000,104815.01000000,104380.15000000,104738.00000000,449.96362000
2025-01-25 02:00:00,104738.01000000,104830.27000000,104473.67000000,104559.54000000,266.96726000
2025-01-25 03:00:00,104559.54000000,105280.82000000,104461.00000000,105202.40000000,540.50196000
2025-01-25 04:00:00,105202.40000000,105202.40000000,104620.00000000,104648.00000000,332.21617000
2025-01-25 05:00:00,104647.99000000,104701.18000000,104236.95000000,104365.97000000,368.22303000
2025-01-25 06:00:00,104365.96000000,104480.00000000,104216.81000000,104308.00000000,464.86744000
2025-01-25 07:00:00,104308.00000000,104523.25000000,104287.24000000,104385.98000000,241.89788000
2025-01-25 08:00:00,104385.99000000,104497.54000000,104135.71000000,104341.98000000,360.18470000
2025-01-25 09:00:00,104341.99000000,104450.48000000,104276.41000000,104366.63000000,262.45644000
2025-01-25 10:00:00,104366.62000000,104661.04000000,104106.09000000,104540.00000000,367.66841000
2025-01-25 11:00:00,104540.00000000,104700.01000000,104391.27000000,104670.99000000,264.28735000
2025-01-25 12:00:00,104670.99000000,104792.00000000,104456.00000000,104753.07000000,258.87101000
2025-01-25 13:00:00,104753.08000000,104868.00000000,104629.31000000,104717.04000000,395.63454000
2025-01-25 14:00:00,104717.05000000,104721.99000000,104473.16000000,104600.01000000,268.90837000
2025-01-25 15:00:00,104600.00000000,105111.11000000,104594.01000000,104897.79000000,540.70270000
2025-01-25 16:00:00,104897.79000000,104989.49000000,104591.67000000,104654.90000000,424.39657000
2025-01-25 17:00:00,104654.91000000,104934.39000000,104449.75000000,104899.71000000,546.35715000
2025-01-25 18:00:00,104899.72000000,105286.52000000,104843.25000000,104983.49000000,486.25249000
2025-01-25 19:00:00,104983.50000000,105187.50000000,104909.09000000,105055.16000000,374.57154000
2025-01-25 20:00:00,105055.16000000,105200.00000000,104965.70000000,104965.71000000,216.43100000
2025-01-25 21:00:00,104965.71000000,105123.50000000,104866.66000000,105102.84000000,391.43699000
2025-01-25 22:00:00,105102.84000000,105250.00000000,105004.53000000,105077.54000000,221.14763000
2025-01-25 23:00:00,105077.54000000,105134.90000000,104696.00000000,104746.85000000,251.95397000
2025-01-26 00:00:00,104746.86000000,104841.84000000,104515.44000000,104599.96000000,379.34566000
2025-01-26 01:00:00,104599.95000000,104772.00000000,104503.70000000,104621.37000000,307.90424000
2025-01-26 02:00:00,104621.37000000,104718.16000000,104520.03000000,104696.25000000,174.90631000
2025-01-26 03:00:00,104696.25000000,105273.24000000,104696.24000000,105062.42000000,453.45121000
2025-01-26 04:00:00,105062.41000000,105500.00000000,104978.82000000,105174.27000000,472.09784000
2025-01-26 05:00:00,105174.28000000,105200.00000000,105013.60000000,105094.12000000,304.64182000
2025-01-26 06:00:00,105094.13000000,105118.78000000,104959.20000000,104990.75000000,243.85071000
2025-01-26 07:00:00,104990.75000000,105100.00000000,104950.00000000,104998.35000000,208.35672000
2025-01-26 08:00:00,104998.36000000,105221.36000000,104863.31000000,105030.40000000,283.50224000
2025-01-26 09:00:00,105030.40000000,105030.41000000,104444.01000000,104630.03000000,621.23723000
2025-01-26 10:00:00,104630.02000000,104722.90000000,104500.00000000,104715.29000000,252.60356000
2025-01-26 11:00:00,104715.29000000,104847.69000000,104662.05000000,104818.69000000,183.22383000
2025-01-26 12:00:00,104818.68000000,104890.00000000,104703.58000000,104890.00000000,194.47816000
2025-01-26 13:00:00,104890.00000000,105126.11000000,104838.43000000,104961.73000000,523.63296000
2025-01-26 14:00:00,104961.74000000,105003.54000000,104804.00000000,104944.00000000,213.25317000
2025-01-26 15:00:00,104944.00000000,105093.22000000,104887.70000000,104967.01000000,205.59370000
2025-01-26 16:00:00,104967.02000000,105040.64000000,104896.00000000,104938.02000000,165.96771000
2025-01-26 17:00:00,104938.01000000,105050.00000000,104912.53000000,104945.11000000,182.38164000
2025-01-26 18:00:00,104945.12000000,105260.36000000,104906.89000000,105175.11000000,355.09947000
2025-01-26 19:00:00,105175.11000000,105240.00000000,105040.00000000,105081.63000000,162.98620000
2025-01-26 20:00:00,105081.64000000,105200.00000000,104918.52000000,104949.99000000,206.60846000
2025-01-26 21:00:00,104949.99000000,105006.00000000,104552.48000000,104557.19000000,392.99714000
2025-01-26 22:00:00,104557.19000000,104730.98000000,104300.01000000,104330.22000000,499.61588000
2025-01-26 23:00:00,104330.21000000,104330.21000000,102520.44000000,102620.00000000,2824.77652000
2025-01-27 00:00:00,102620.01000000,103260.00000000,101600.00000000,101728.00000000,2400.53641000
2025-01-27 01:00:00,101728.00000000,102085.04000000,101168.80000000,101308.29000000,2370.58762000
2025-01-27 02:00:00,101308.29000000,101688.00000000,100835.25000000,101000.00000000,2318.03151000
2025-01-27 03:00:00,100999.99000000,101858.19000000,100720.53000000,101395.64000000,1264.73165000
2025-01-27 04:00:00,101395.64000000,101399.99000000,100227.01000000,100410.04000000,2009.08815000
2025-01-27 05:00:00,100410.04000000,100732.00000000,99713.37000000,100374.08000000,2629.73313000
2025-01-27 06:00:00,100374.07000000,100491.99000000,98721.00000000,98956.32000000,3833.59486000
2025-01-27 07:00:00,98956.31000000,99415.92000000,97777.77000000,99048.02000000,4179.21805000
2025-01-27 08:00:00,99048.01000000,99367.73000000,98700.00000000,99043.77000000,1840.48751000
2025-01-27 09:00:00,99043.78000000,99533.33000000,98800.00000000,99424.38000000,1569.86580000
2025-01-27 10:00:00,99424.37000000,99454.76000000,98263.49000000,98392.74000000,1793.67761000
2025-01-27 11:00:00,98392.74000000,99362.03000000,98324.01000000,98761.13000000,1586.35827000
2025-01-27 12:00:00,98761.12000000,100910.27000000,98714.28000000,100619.68000000,2164.86447000
2025-01-27 13:00:00,100619.68000000,101666.66000000,100000.00000000,100483.99000000,3735.69795000
2025-01-27 14:00:00,100483.98000000,102317.94000000,100105.54000000,101920.89000000,3112.55474000
2025-01-27 15:00:00,101920.88000000,102118.49000000,100852.00000000,101112.03000000,2332.95744000
2025-01-27 16:00:00,101112.03000000,101250.56000000,99566.25000000,99744.00000000,2339.06542000
2025-01-27 17:00:00,99744.00000000,100050.02000000,99049.98000000,99150.01000000,1752.65969000
2025-01-27 18:00:00,99150.01000000,99753.89000000,98864.00000000,99180.00000000,1546.97033000
2025-01-27 19:00:00,99180.00000000,99952.00000000,99175.03000000,99700.02000000,1234.90229000
2025-01-27 20:00:00,99700.01000000,101750.40000000,99606.46000000,101386.50000000,1537.60168000
2025-01-27 21:00:00,101386.11000000,102405.00000000,100954.00000000,101349.67000000,1827.57602000
2025-01-27 22:00:00,101349.67000000,101961.09000000,101277.77000000,101637.18000000,548.21078000
2025-01-27 23:00:00,101637.18000000,102183.21000000,101637.18000000,102082.83000000,829.16272000
2025-01-28 00:00:00,102082.83000000,102892.00000000,101777.00000000,101856.01000000,1185.97000000
2025-01-28 01:00:00,101856.00000000,102000.00000000,101382.66000000,101382.67000000,818.89033000
2025-01-28 02:00:00,101382.66000000,102436.79000000,101334.55000000,102402.01000000,820.01441000
2025-01-28 03:00:00,102402.01000000,102880.00000000,102026.02000000,102636.32000000,845.36163000
2025-01-28 04:00:00,102636.32000000,103371.24000000,102600.00000000,102901.45000000,842.31078000
2025-01-28 05:00:00,102901.45000000,103339.61000000,102812.90000000,103014.59000000,600.32769000
2025-01-28 06:00:00,103014.60000000,103200.00000000,102599.20000000,102744.38000000,464.09702000
2025-01-28 07:00:00,102744.39000000,103343.65000000,102527.39000000,102789.72000000,747.72197000
2025-01-28 08:00:00,102789.72000000,103028.53000000,102607.34000000,102851.23000000,428.04639000
2025-01-28 09:00:00,102851.23000000,102965.28000000,102393.94000000,102955.99000000,668.40201000
2025-01-28 10:00:00,102955.99000000,103181.82000000,102600.79000000,102745.36000000,480.98824000
2025-01-28 11:00:00,102745.37000000,102943.07000000,102564.77000000,102762.01000000,474.16550000
2025-01-28 12:00:00,102762.02000000,102988.60000000,102476.63000000,102599.99000000,532.30825000
2025-01-28 13:00:00,102599.99000000,102938.71000000,102482.35000000,102597.36000000,415.81567000
2025-01-28 14:00:00,102597.37000000,102891.33000000,101815.26000000,102641.99000000,1942.83069000
2025-01-28 15:00:00,102642.00000000,103800.00000000,102504.00000000,102777.99000000,2215.49639000
2025-01-28 16:00:00,102777.99000000,102907.98000000,101906.24000000,102250.01000000,1546.13479000
2025-01-28 17:00:00,102250.01000000,103098.00000000,102220.07000000,102572.82000000,1402.30003000
2025-01-28 18:00:00,102572.82000000,103108.00000000,102160.00000000,102205.79000000,1038.92770000
2025-01-28 19:00:00,102205.78000000,102660.00000000,101820.15000000,102424.24000000,708.69151000
2025-01-28 20:00:00,102424.24000000,102538.00000000,101197.04000000,101264.48000000,965.13217000
2025-01-28 21:00:00,101264.02000000,101547.22000000,100272.68000000,100334.01000000,1374.70182000
2025-01-28 22:00:00,100334.00000000,101404.00000000,100274.96000000,101265.63000000,856.17912000
2025-01-28 23:00:00,101265.63000000,101450.00000000,100750.00000000,101335.52000000,647.24354000
2025-01-29 00:00:00,101335.52000000,101819.67000000,101328.01000000,101702.59000000,503.58708000
2025-01-29 01:00:00,101702.60000000,101993.68000000,101461.12000000,101845.02000000,465.55965000
2025-01-29 02:00:00,101845.02000000,102319.69000000,101696.01000000,101795.40000000,365.79734000
2025-01-29 03:00:00,101795.41000000,102162.80000000,101764.24000000,102038.20000000,361.43929000
2025-01-29 04:00:00,102038.21000000,102190.00000000,101955.51000000,102001.06000000,323.51148000
2025-01-29 05:00:00,102001.06000000,102384.61000000,101980.27000000,102262.00000000,414.72434000
2025-01-29 06:00:00,102262.00000000,102853.53000000,102237.05000000,102801.64000000,572.47612000
2025-01-29 07:00:00,102801.64000000,102815.66000000,102449.97000000,102755.82000000,453.49449000
2025-01-29 08:00:00,102755.81000000,103000.00000000,102680.00000000,102732.03000000,527.67437000
2025-01-29 09:00:00,102732.03000000,102770.00000000,102303.68000000,102334.40000000,636.15136000
2025-01-29 10:00:00,102334.41000000,102726.77000000,102180.65000000,102547.01000000,380.52460000
2025-01-29 11:00:00,102547.01000000,102809.52000000,102425.87000000,102646.00000000,665.36345000
2025-01-29 12:00:00,102646.00000000,102842.04000000,102220.13000000,102229.85000000,788.66391000
2025-01-29 13:00:00,102229.85000000,102330.81000000,101699.59000000,101836.23000000,1753.23136000
2025-01-29 14:00:00,101836.23000000,102380.00000000,101582.37000000,102029.93000000,1034.80608000
2025-01-29 15:00:00,102029.94000000,102531.64000000,101798.01000000,101980.78000000,805.96141000
2025-01-29 16:00:00,101980.78000000,102150.00000000,101675.62000000,102092.01000000,630.14712000
2025-01-29 17:00:00,102092.00000000,102777.78000000,101995.37000000,102406.98000000,812.35271000
2025-01-29 18:00:00,102406.97000000,103000.00000000,102008.00000000,102854.15000000,941.94334000
2025-01-29 19:00:00,102854.14000000,103999.00000000,101400.01000000,103583.99000000,4875.47463000
2025-01-29 20:00:00,103584.00000000,104782.68000000,102868.00000000,104193.93000000,2958.23804000
2025-01-29 21:00:00,104193.92000000,104393.93000000,103715.50000000,103741.11000000,1513.96665000
2025-01-29 22:00:00,103741.11000000,104010.94000000,103405.77000000,103492.06000000,715.81564000
2025-01-29 23:00:00,103492.07000000,104344.64000000,103460.00000000,103733.24000000,654.45356000
2025-01-30 00:00:00,103733.25000000,104123.36000000,103278.54000000,104026.04000000,797.51926000
2025-01-30 01:00:00,104026.05000000,104555.00000000,103925.00000000,104264.15000000,773.76345000
2025-01-30 02:00:00,104264.15000000,104668.35000000,103994.46000000,104663.19000000,823.76503000
2025-01-30 03:00:00,104663.19000000,105300.00000000,104493.16000000,105196.00000000,1481.85543000
2025-01-30 04:00:00,105196.00000000,105595.81000000,104842.37000000,105478.00000000,858.83312000
2025-01-30 05:00:00,105478.00000000,105520.00000000,104996.97000000,105375.70000000,805.90020000
2025-01-30 06:00:00,105375.70000000,105580.16000000,105163.44000000,105184.37000000,552.50647000
2025-01-30 07:00:00,105184.38000000,105348.00000000,104799.66000000,105132.07000000,577.84515000
2025-01-30 08:00:00,105132.07000000,105368.84000000,104925.26000000,105060.01000000,472.13816000
2025-01-30 09:00:00,105060.01000000,105534.00000000,105021.36000000,105412.05000000,501.17589000
2025-01-30 10:00:00,105412.05000000,105412.06000000,105117.63000000,105345.40000000,363.29061000
2025-01-30 11:00:00,105345.41000000,105392.00000000,105078.01000000,105300.63000000,353.61117000
2025-01-30 12:00:00,105300.63000000,105312.93000000,104836.85000000,105020.00000000,440.08456000
2025-01-30 13:00:00,105020.01000000,105367.57000000,104836.58000000,104879.99000000,806.07062000
2025-01-30 14:00:00,104879.99000000,106222.08000000,104660.00000000,105920.57000000,2212.13745000
2025-01-30 15:00:00,105920.57000000,106457.44000000,105353.85000000,105564.00000000,2128.51885000
2025-01-30 16:00:00,105563.99000000,106013.01000000,105455.30000000,105696.96000000,992.31396000
2025-01-30 17:00:00,105696.96000000,105698.27000000,104900.14000000,105300.01000000,858.48699000
2025-01-30 18:00:00,105300.01000000,105583.39000000,104762.59000000,105578.95000000,669.46961000
2025-01-30 19:00:00,105578.96000000,105776.87000000,105231.58000000,105711.27000000,622.48257000
2025-01-30 20:00:00,105711.28000000,105821.62000000,104815.82000000,104907.15000000,1118.42753000
2025-01-30 21:00:00,104907.10000000,105217.17000000,104805.15000000,105048.89000000,488.85335000
2025-01-30 22:00:00,105048.89000000,105351.29000000,104962.11000000,105094.56000000,279.52567000
2025-01-30 23:00:00,105094.57000000,105254.00000000,104693.82000000,104722.94000000,395.49962000
2025-01-31 00:00:00,104722.94000000,105029.72000000,104400.00000000,104898.49000000,652.01906000
2025-01-31 01:00:00,104898.48000000,104908.15000000,104420.97000000,104729.58000000,393.75062000
2025-01-31 02:00:00,104729.95000000,104851.99000000,104255.01000000,104341.72000000,583.78993000
2025-01-31 03:00:00,104341.73000000,104377.76000000,103930.09000000,104344.46000000,880.98826000
2025-01-31 04:00:00,104344.46000000,104547.24000000,103972.13000000,104007.58000000,395.05130000
2025-01-31 05:00:00,104007.59000000,104484.09000000,104007.59000000,104319.87000000,359.47579000
2025-01-31 06:00:00,104319.87000000,104745.10000000,104298.73000000,104511.02000000,327.85317000
2025-01-31 07:00:00,104511.03000000,104814.46000000,104002.01000000,104188.56000000,786.55841000
2025-01-31 08:00:00,104188.57000000,104321.98000000,104013.63000000,104028.78000000,441.99171000
2025-01-31 09:00:00,104028.79000000,104329.73000000,103936.54000000,104256.56000000,677.93360000
2025-01-31 10:00:00,104256.57000000,104431.49000000,104080.10000000,104284.10000000,298.57773000
2025-01-31 11:00:00,104284.10000000,104848.65000000,104284.10000000,104736.00000000,574.30716000
2025-01-31 12:00:00,104736.01000000,104918.30000000,104553.71000000,104704.68000000,613.48830000
2025-01-31 13:00:00,104704.69000000,105036.03000000,104551.09000000,104664.02000000,660.06760000
2025-01-31 14:00:00,104664.01000000,104860.00000000,104106.00000000,104442.79000000,1064.61592000
2025-01-31 15:00:00,104443.99000000,106012.00000000,104443.99000000,105464.01000000,2491.48040000
2025-01-31 16:00:00,105464.00000000,105574.40000000,104696.23000000,105081.87000000,1251.16680000
2025-01-31 17:00:00,105081.86000000,105081.87000000,104542.00000000,104580.87000000,700.49821000
2025-01-31 18:00:00,104580.87000000,104820.00000000,102605.00000000,102627.29000000,2458.07389000
2025-01-31 19:00:00,102627.29000000,103016.66000000,102122.00000000,102312.32000000,1967.10942000
2025-01-31 20:00:00,102312.31000000,102321.42000000,101603.23000000,101680.02000000,2009.54037000
2025-01-31 21:00:00,101680.02000000,102166.11000000,101560.00000000,102148.73000000,1047.57467000
2025-01-31 22:00:00,102148.72000000,102482.94000000,101918.46000000,102261.30000000,759.95722000
2025-01-31 23:00:00,102261.29000000,102439.31000000,101955.00000000,102429.56000000,587.31239000
2025-02-01 00:00:00,102429.56000000,102575.06000000,102213.07000000,102494.94000000,538.12176000
2025-02-01 01:00:00,102494.94000000,102780.27000000,102460.33000000,102566.00000000,501.43830000
2025-02-01 02:00:00,102566.00000000,102783.71000000,102400.00000000,102467.77000000,436.03518000
2025-02-01 03:00:00,102466.96000000,102518.42000000,102198.52000000,102249.19000000,334.74761000
2025-02-01 04:00:00,102249.19000000,102503.03000000,102118.56000000,102316.16000000,322.29531000
2025-02-01 05:00:00,102316.15000000,102588.57000000,102235.29000000,102500.00000000,254.68497000
2025-02-01 06:00:00,102500.00000000,102577.12000000,102184.46000000,102402.91000000,231.97083000
2025-02-01 07:00:00,102402.91000000,102494.69000000,102161.82000000,102166.49000000,243.26690000
2025-02-01 08:00:00,102166.49000000,102276.99000000,101836.43000000,102016.85000000,649.65017000
2025-02-01 09:00:00,102016.85000000,102016.85000000,101412.00000000,101675.99000000,638.00804000
2025-02-01 10:00:00,101675.99000000,101984.99000000,101626.82000000,101638.00000000,411.87457000
2025-02-01 11:00:00,101638.00000000,102055.98000000,101638.00000000,102028.81000000,329.61226000
2025-02-01 12:00:00,102028.82000000,102329.01000000,102009.12000000,102277.71000000,449.78635000
2025-02-01 13:00:00,102277.71000000,102284.46000000,101799.90000000,101869.02000000,447.84747000
2025-02-01 14:00:00,101869.04000000,102173.45000000,101812.00000000,101827.53000000,434.28009000
2025-02-01 15:00:00,101827.53000000,102185.94000000,101730.79000000,102073.89000000,372.76128000
2025-02-01 16:00:00,102073.89000000,102209.98000000,101863.77000000,101892.32000000,313.84671000
2025-02-01 17:00:00,101892.32000000,102297.99000000,101892.32000000,102262.49000000,320.90196000
2025-02-01 18:00:00,102262.50000000,102279.52000000,101965.24000000,102003.70000000,211.14828000
2025-02-01 19:00:00,102003.70000000,102023.63000000,101448.00000000,101669.60000000,626.68363000
2025-02-01 20:00:00,101669.60000000,101669.60000000,101000.00000000,101333.34000000,1283.14615000
2025-02-01 21:00:00,101333.34000000,101578.04000000,101001.00000000,101199.82000000,624.44892000
2025-02-01 22:00:00,101199.81000000,101428.00000000,100510.00000000,100666.91000000,1019.70869000
2025-02-01 23:00:00,100666.90000000,100871.45000000,100279.51000000,100635.65000000,1294.69204000
2025-02-02 00:00:00,100635.66000000,101288.51000000,100500.00000000,101243.86000000,625.08919000
2025-02-02 01:00:00,101243.86000000,101456.60000000,101165.10000000,101248.38000000,356.77551000
2025-02-02 02:00:00,101248.38000000,101271.32000000,100425.00000000,100452.16000000,711.44742000
2025-02-02 03:00:00,100452.16000000,100755.93000000,99148.91000000,99206.86000000,2872.03426000
2025-02-02 04:00:00,99206.85000000,99884.00000000,99031.19000000,99538.60000000,1247.36452000
2025-02-02 05:00:00,99538.60000000,100342.69000000,99500.00000000,100259.53000000,714.22872000
2025-02-02 06:00:00,100259.53000000,100515.99000000,100094.69000000,100265.15000000,652.60422000
2025-02-02 07:00:00,100265.15000000,100277.54000000,99565.60000000,99643.30000000,864.58592000
2025-02-02 08:00:00,99643.30000000,100100.00000000,99315.91000000,99831.04000000,917.86988000
2025-02-02 09:00:00,99831.05000000,99864.02000000,99352.94000000,99690.78000000,714.66479000
2025-02-02 10:00:00,99690.78000000,99694.72000000,99200.00000000,99417.06000000,979.95157000
2025-02-02 11:00:00,99417.07000000,99604.00000000,98645.00000000,98864.60000000,1494.73706000
2025-02-02 12:00:00,98864.60000000,99166.19000000,98157.00000000,98178.00000000,1451.82051000
2025-02-02 13:00:00,98178.00000000,98827.18000000,98160.00000000,98795.88000000,1755.25944000
2025-02-02 14:00:00,98795.89000000,99439.05000000,98705.88000000,99205.08000000,1152.42229000
2025-02-02 15:00:00,99205.08000000,99405.74000000,98720.55000000,99346.87000000,905.88368000
2025-02-02 16:00:00,99346.87000000,99361.97000000,98075.02000000,98264.00000000,1453.70445000
2025-02-02 17:00:00,98264.01000000,98580.38000000,97019.00000000,97228.85000000,3212.44953000
2025-02-02 18:00:00,97228.86000000,97931.65000000,96821.54000000,97087.92000000,2847.73150000
2025-02-02 19:00:00,97087.92000000,98700.00000000,96842.33000000,98273.16000000,2181.85188000
2025-02-02 20:00:00,98273.17000000,98628.74000000,97650.54000000,97798.00000000,983.70523000
2025-02-02 21:00:00,97798.01000000,97977.02000000,96573.47000000,97020.54000000,1618.13720000
2025-02-02 22:00:00,97020.56000000,98022.20000000,96150.00000000,97994.46000000,2148.57890000
2025-02-02 23:00:00,97994.47000000,97994.47000000,96543.10000000,97700.59000000,2756.60172000
2025-02-03 00:00:00,97700.59000000,97782.79000000,95500.00000000,96511.33000000,5020.71343000
2025-02-03 01:00:00,96511.33000000,96945.03000000,92000.00000000,93435.82000000,10531.22735000
2025-02-03 02:00:00,93436.97000000,94980.00000000,91231.00000000,93566.01000000,10595.36035000
2025-02-03 03:00:00,93566.00000000,94688.00000000,93426.49000000,94038.74000000,3582.18997000
2025-02-03 04:00:00,94038.75000000,94490.72000000,92646.36000000,92786.53000000,2460.88916000
2025-02-03 05:00:00,92786.53000000,94273.84000000,92760.80000000,94216.00000000,1715.26085000
2025-02-03 06:00:00,94215.99000000,94600.00000000,93657.33000000,93911.04000000,1706.31998000
2025-02-03 07:00:00,93911.05000000,95426.63000000,93846.32000000,95333.01000000,1900.84801000
2025-02-03 08:00:00,95333.01000000,95634.39000000,94850.85000000,95340.00000000,1832.12634000
2025-02-03 09:00:00,95339.99000000,95950.68000000,95222.03000000,95277.00000000,2095.83840000
2025-02-03 10:00:00,95277.00000000,95725.25000000,94799.29000000,95702.67000000,1312.01995000
2025-02-03 11:00:00,95702.68000000,95716.21000000,94953.60000000,95107.89000000,1052.64002000
2025-02-03 12:00:00,95107.89000000,95625.00000000,94757.22000000,94764.01000000,1513.65910000
2025-02-03 13:00:00,94764.01000000,95400.00000000,94367.92000000,94664.51000000,1688.05730000
2025-02-03 14:00:00,94664.52000000,96702.12000000,94131.14000000,96589.50000000,4472.01696000
2025-02-03 15:00:00,96589.50000000,99500.00000000,96190.47000000,98842.00000000,6474.82871000
2025-02-03 16:00:00,98842.00000000,99041.89000000,98164.00000000,98543.08000000,2895.80358000
2025-02-03 17:00:00,98543.08000000,99313.09000000,98038.58000000,99206.38000000,2550.55263000
2025-02-03 18:00:00,99206.38000000,99943.63000000,98941.17000000,99816.05000000,2002.92563000
2025-02-03 19:00:00,99816.05000000,101880.00000000,99576.02000000,101880.00000000,3045.16271000
2025-02-03 20:00:00,101879.99000000,101951.82000000,100980.00000000,101083.00000000,2835.10342000
2025-02-03 21:00:00,101081.40000000,101978.84000000,100918.00000000,101802.55000000,1241.22572000
2025-02-03 22:00:00,101802.56000000,102500.01000000,101479.14000000,101695.62000000,1708.85442000
2025-02-03 23:00:00,101695.62000000,101827.98000000,101270.49000000,101328.52000000,931.11451000
2025-02-04 00:00:00,101328.51000000,101660.94000000,100985.09000000,101058.01000000,998.44302000
2025-02-04 01:00:00,101058.01000000,101732.31000000,100743.33000000,101382.68000000,1233.14083000
2025-02-04 02:00:00,101382.69000000,101435.66000000,100804.54000000,100839.99000000,759.92949000
2025-02-04 03:00:00,100839.99000000,101021.78000000,100534.03000000,100629.70000000,836.28422000
2025-02-04 04:00:00,100629.70000000,100764.11000000,100009.97000000,100053.12000000,1381.80512000
2025-02-04 05:00:00,100053.11000000,100094.09000000,98229.82000000,98865.99000000,3289.06115000
2025-02-04 06:00:00,98866.00000000,99673.60000000,98838.28000000,99367.58000000,1435.39110000
2025-02-04 07:00:00,99367.58000000,99473.85000000,98316.27000000,98448.02000000,1388.95315000
2025-02-04 08:00:00,98448.01000000,98730.80000000,97860.00000000,98304.34000000,1752.20972000
2025-02-04 09:00:00,98304.35000000,98809.18000000,98271.73000000,98338.23000000,985.16981000
2025-02-04 10:00:00,98338.23000000,98976.96000000,98338.22000000,98779.91000000,824.21046000
2025-02-04 11:00:00,98779.91000000,99445.17000000,98742.47000000,98967.70000000,977.64392000
2025-02-04 12:00:00,98967.70000000,99789.00000000,98967.70000000,99362.04000000,1083.80926000
2025-02-04 13:00:00,99362.04000000,99545.35000000,98958.90000000,99007.22000000,1220.15944000
2025-02-04 14:00:00,99007.22000000,100415.00000000,98561.48000000,99984.72000000,3030.76129000
2025-02-04 15:00:00,99984.72000000,100223.38000000,98275.98000000,99347.19000000,3087.63726000
2025-02-04 16:00:00,99347.18000000,99949.50000000,99028.46000000,99043.48000000,1429.42951000
2025-02-04 17:00:00,99043.48000000,99613.25000000,98829.64000000,99168.35000000,1585.36646000
2025-02-04 18:00:00,99168.35000000,99566.66000000,98778.58000000,99415.20000000,900.05624000
2025-02-04 19:00:00,99415.20000000,100777.93000000,98782.60000000,98859.77000000,2703.09828000
2025-02-04 20:00:00,98859.78000000,99444.02000000,97965.63000000,98652.18000000,3369.18259000
2025-02-04 21:00:00,98652.18000000,98673.86000000,96422.00000000,96514.47000000,2950.33720000
2025-02-04 22:00:00,96514.47000000,97967.40000000,96150.00000000,97691.20000000,2046.93005000
2025-02-04 23:00:00,97691.20000000,98224.97000000,97473.32000000,97763.13000000,998.97740000
2025-02-05 00:00:00,97763.14000000,98390.70000000,97711.70000000,98274.01000000,760.72898000
2025-02-05 01:00:00,98274.01000000,98930.44000000,97662.18000000,97849.82000000,1269.69391000
2025-02-05 02:00:00,97849.81000000,98192.00000000,97131.43000000,97993.99000000,1357.78340000
2025-02-05 03:00:00,97994.00000000,98324.16000000,97771.82000000,98040.00000000,651.17813000
2025-02-05 04:00:00,98040.01000000,98332.41000000,97916.02000000,98046.00000000,624.88451000
2025-02-05 05:00:00,98045.99000000,98300.00000000,97681.53000000,98138.40000000,775.46553000
2025-02-05 06:00:00,98138.40000000,98222.00000000,97559.12000000,97652.00000000,913.99827000
2025-02-05 07:00:00,97652.00000000,97984.53000000,97352.77000000,97864.43000000,919.15325000
2025-02-05 08:00:00,97864.43000000,98038.00000000,97572.00000000,97634.24000000,516.01346000
2025-02-05 09:00:00,97634.25000000,97970.61000000,97257.05000000,97405.61000000,787.76544000
2025-02-05 10:00:00,97405.61000000,98040.71000000,97348.30000000,97734.96000000,916.77973000
2025-02-05 11:00:00,97734.97000000,98256.00000000,97708.00000000,98198.00000000,908.03831000
2025-02-05 12:00:00,98198.00000000,98710.38000000,97992.00000000,98057.61000000,1291.30146000
2025-02-05 13:00:00,98057.62000000,98683.82000000,97941.60000000,98570.01000000,801.11162000
2025-02-05 14:00:00,98570.00000000,99149.00000000,98121.81000000,98292.27000000,1394.10911000
2025-02-05 15:00:00,98292.27000000,98550.00000000,97734.69000000,98116.24000000,1705.48267000
2025-02-05 16:00:00,98116.24000000,98277.02000000,97326.99000000,97974.01000000,1327.04092000
2025-02-05 17:00:00,97974.01000000,98256.36000000,97349.98000000,97550.74000000,1048.82805000
2025-02-05 18:00:00,97550.12000000,97700.00000000,96517.22000000,96723.66000000,1407.67838000
2025-02-05 19:00:00,96723.66000000,97519.54000000,96500.00000000,97370.00000000,1038.45413000
2025-02-05 20:00:00,97370.00000000,97706.37000000,96870.39000000,97323.39000000,1258.92036000
2025-02-05 21:00:00,97323.40000000,97532.61000000,96769.23000000,96904.11000000,1234.05224000
2025-02-05 22:00:00,96904.11000000,97047.89000000,96241.12000000,96445.63000000,2445.99875000
2025-02-05 23:00:00,96445.64000000,96853.57000000,96155.00000000,96612.43000000,878.84383000
2025-02-06 00:00:00,96612.44000000,96999.26000000,96430.78000000,96826.96000000,983.47440000
2025-02-06 01:00:00,96826.97000000,97218.84000000,96639.65000000,97159.68000000,631.64258000
2025-02-06 02:00:00,97159.69000000,97458.02000000,97103.47000000,97364.08000000,505.10172000
2025-02-06 03:00:00,97364.09000000,97493.07000000,97073.36000000,97355.67000000,431.93324000
2025-02-06 04:00:00,97355.66000000,97860.85000000,97273.71000000,97617.01000000,450.85205000
2025-02-06 05:00:00,97617.02000000,97885.99000000,97600.00000000,97831.47000000,382.19163000
2025-02-06 06:00:00,97831.47000000,98436.61000000,97704.00000000,98386.89000000,681.94765000
2025-02-06 07:00:00,98386.90000000,98386.90000000,98012.73000000,98195.61000000,560.46930000
2025-02-06 08:00:00,98195.60000000,98321.84000000,97910.01000000,98128.43000000,415.07048000
2025-02-06 09:00:00,98128.42000000,98725.16000000,98110.70000000,98614.41000000,732.24998000
2025-02-06 10:00:00,98614.40000000,99040.00000000,98614.40000000,99013.30000000,796.00614000
2025-02-06 11:00:00,99013.30000000,99120.00000000,98405.00000000,98877.99000000,786.10715000
2025-02-06 12:00:00,98877.99000000,99040.09000000,98283.45000000,98346.09000000,860.66993000
2025-02-06 13:00:00,98346.09000000,98783.40000000,98166.70000000,98604.50000000,908.47146000
2025-02-06 14:00:00,98604.50000000,98924.09000000,97795.76000000,97835.98000000,1875.16497000
2025-02-06 15:00:00,97835.98000000,98064.34000000,96930.17000000,97333.09000000,2557.26573000
2025-02-06 16:00:00,97333.09000000,97547.71000000,96400.00000000,96586.96000000,1720.11273000
2025-02-06 17:00:00,96586.96000000,97188.16000000,96340.81000000,96715.35000000,1010.11114000
2025-02-06 18:00:00,96715.35000000,96837.19000000,95888.00000000,96316.84000000,1582.11331000
2025-02-06 19:00:00,96316.83000000,96945.85000000,95676.64000000,95983.00000000,1722.22240000
2025-02-06 20:00:00,95982.99000000,97093.50000000,95800.00000000,96926.63000000,1109.34467000
2025-02-06 21:00:00,96926.63000000,96944.16000000,96093.35000000,96807.43000000,1623.48129000
2025-02-06 22:00:00,96807.43000000,96959.99000000,96154.70000000,96959.99000000,682.05363000
2025-02-06 23:00:00,96959.99000000,96959.99000000,96202.98000000,96554.35000000,507.14647000
2025-02-07 00:00:00,96554.35000000,96928.00000000,96409.65000000,96507.75000000,899.43427000
2025-02-07 01:00:00,96507.76000000,97805.60000000,96505.33000000,97404.01000000,938.87169000
2025-02-07 02:00:00,97404.01000000,97621.59000000,97047.59000000,97575.85000000,921.02017000
2025-02-07 03:00:00,97575.86000000,97772.00000000,97250.00000000,97444.04000000,397.34967000
2025-02-07 04:00:00,97444.04000000,97883.12000000,97383.63000000,97434.79000000,358.25754000
2025-02-07 05:00:00,97434.79000000,97543.42000000,97142.13000000,97338.20000000,422.13585000
2025-02-07 06:00:00,97338.20000000,97362.53000000,96566.00000000,96746.87000000,944.72455000
2025-02-07 07:00:00,96746.87000000,97213.54000000,96645.45000000,96757.05000000,748.38174000
2025-02-07 08:00:00,96757.04000000,97258.76000000,96613.24000000,97021.47000000,723.04148000
2025-02-07 09:00:00,97021.47000000,97388.00000000,97021.47000000,97295.23000000,557.76092000
2025-02-07 10:00:00,97295.24000000,97486.05000000,97248.22000000,97261.51000000,390.17165000
2025-02-07 11:00:00,97261.52000000,97750.00000000,97261.51000000,97750.00000000,552.57830000
2025-02-07 12:00:00,97749.99000000,98085.85000000,97500.00000000,97963.58000000,865.98738000
2025-02-07 13:00:00,97963.58000000,98862.38000000,97165.51000000,98828.01000000,2502.91288000
2025-02-07 14:00:00,98828.01000000,100137.99000000,98688.00000000,99710.92000000,3730.76190000
2025-02-07 15:00:00,99710.91000000,99710.91000000,97616.27000000,98283.98000000,5294.68336000
2025-02-07 16:00:00,98283.98000000,98563.55000000,97638.29000000,97827.66000000,2962.02555000
2025-02-07 17:00:00,97827.67000000,98166.67000000,97145.81000000,97434.78000000,1557.74255000
2025-02-07 18:00:00,97434.79000000,98353.10000000,97300.01000000,97751.99000000,932.05680000
2025-02-07 19:00:00,97752.00000000,97831.99000000,96856.78000000,96898.56000000,1307.40157000
2025-02-07 20:00:00,96898.56000000,96944.10000000,95620.34000000,95764.31000000,2130.34759000
2025-02-07 21:00:00,95764.30000000,96174.79000000,95693.75000000,96011.42000000,1332.88857000
2025-02-07 22:00:00,96011.43000000,96100.86000000,95632.23000000,96062.76000000,682.10739000
2025-02-07 23:00:00,96062.77000000,96518.16000000,95866.80000000,96506.80000000,641.57728000
2025-02-08 00:00:00,96506.80000000,96851.48000000,96335.42000000,96650.14000000,562.29789000
2025-02-08 01:00:00,96650.15000000,96789.57000000,96395.12000000,96509.20000000,689.19360000
2025-02-08 02:00:00,96509.20000000,96818.33000000,96399.12000000,96751.01000000,455.40440000
2025-02-08 03:00:00,96751.02000000,96880.00000000,96542.02000000,96699.23000000,299.48534000
2025-02-08 04:00:00,96699.24000000,96699.24000000,96222.00000000,96300.01000000,418.74542000
2025-02-08 05:00:00,96300.01000000,96369.45000000,96064.61000000,96211.08000000,426.23813000
2025-02-08 06:00:00,96211.08000000,96224.00000000,95853.90000000,95994.55000000,417.26990000
2025-02-08 07:00:00,95994.56000000,96318.80000000,95785.09000000,96209.92000000,527.23259000
2025-02-08 08:00:00,96209.92000000,96293.48000000,95879.69000000,95893.84000000,419.39566000
2025-02-08 09:00:00,95893.84000000,96201.86000000,95893.83000000,96163.05000000,224.77228000
2025-02-08 10:00:00,96163.05000000,96289.00000000,96010.52000000,96050.64000000,268.26864000
2025-02-08 11:00:00,96050.63000000,96120.66000000,95865.71000000,96120.00000000,251.58047000
2025-02-08 12:00:00,96120.00000000,96270.28000000,95864.93000000,96059.24000000,539.02009000
2025-02-08 13:00:00,96059.25000000,96517.52000000,96011.58000000,96246.70000000,669.24464000
2025-02-08 14:00:00,96246.69000000,96376.60000000,95950.22000000,96091.34000000,722.98440000
2025-02-08 15:00:00,96091.34000000,96200.04000000,95688.00000000,95843.74000000,568.28343000
2025-02-08 16:00:00,95843.74000000,96132.08000000,95749.88000000,96132.07000000,404.70549000
2025-02-08 17:00:00,96132.07000000,96391.03000000,96132.07000000,96377.71000000,498.44753000
2025-02-08 18:00:00,96377.71000000,96526.59000000,96235.23000000,96512.00000000,353.52885000
2025-02-08 19:00:00,96512.00000000,96750.00000000,96399.27000000,96579.99000000,279.95367000
2025-02-08 20:00:00,96579.99000000,96638.89000000,96358.50000000,96455.92000000,264.21148000
2025-02-08 21:00:00,96455.92000000,96600.00000000,96360.00000000,96527.36000000,224.76729000
2025-02-08 22:00:00,96527.37000000,96712.00000000,96388.88000000,96473.90000000,286.06330000
2025-02-08 23:00:00,96473.91000000,96687.02000000,96430.43000000,96444.74000000,376.14845000
2025-02-09 00:00:00,96444.75000000,96584.91000000,96360.14000000,96568.00000000,346.91772000
2025-02-09 01:00:00,96568.01000000,96992.37000000,96484.00000000,96992.36000000,532.69426000
2025-02-09 02:00:00,96992.36000000,97042.59000000,96687.81000000,96727.31000000,434.32910000
2025-02-09 03:00:00,96727.32000000,97300.00000000,96690.31000000,97300.00000000,750.43192000
2025-02-09 04:00:00,97299.99000000,97323.09000000,96964.14000000,97220.59000000,401.46362000
2025-02-09 05:00:00,97220.58000000,97227.39000000,97000.00000000,97029.28000000,222.88816000
2025-02-09 06:00:00,97029.28000000,97068.04000000,96777.77000000,97005.89000000,288.62500000
2025-02-09 07:00:00,97005.89000000,97127.94000000,96932.88000000,97057.83000000,217.20888000
2025-02-09 08:00:00,97057.83000000,97294.46000000,97055.55000000,97086.00000000,333.14767000
2025-02-09 09:00:00,97086.00000000,97086.00000000,96898.05000000,96924.53000000,428.91316000
2025-02-09 10:00:00,96924.53000000,96924.53000000,96656.79000000,96762.01000000,525.83504000
2025-02-09 11:00:00,96762.01000000,97020.00000000,96509.96000000,96554.01000000,522.89259000
2025-02-09 12:00:00,96554.01000000,96703.99000000,96314.30000000,96535.26000000,612.90916000
2025-02-09 13:00:00,96535.27000000,96544.63000000,95800.01000000,95877.92000000,1129.42710000
2025-02-09 14:00:00,95877.93000000,96305.30000000,95700.00000000,96127.73000000,847.92385000
2025-02-09 15:00:00,96127.51000000,96653.06000000,96109.93000000,96488.15000000,625.59676000
2025-02-09 16:00:00,96488.14000000,96545.65000000,96326.96000000,96442.16000000,413.88468000
2025-02-09 17:00:00,96442.16000000,96567.80000000,95900.00000000,96171.17000000,549.43351000
2025-02-09 18:00:00,96171.18000000,96281.45000000,95982.00000000,96212.00000000,248.89382000
2025-02-09 19:00:00,96212.00000000,96273.63000000,95888.88000000,96064.74000000,292.10619000
2025-02-09 20:00:00,96064.73000000,96760.00000000,96048.81000000,96322.24000000,385.93272000
2025-02-09 21:00:00,96322.23000000,96331.81000000,94713.00000000,95173.78000000,2070.22704000
2025-02-09 22:00:00,95173.79000000,96464.77000000,94779.19000000,95831.64000000,1356.05815000
2025-02-09 23:00:00,95830.19000000,96572.85000000,95722.22000000,96462.75000000,583.17603000
2025-02-10 00:00:00,96462.75000000,97131.47000000,96452.09000000,96717.98000000,855.85027000
2025-02-10 01:00:00,96717.99000000,96833.34000000,95256.00000000,95576.00000000,1127.48293000
2025-02-10 02:00:00,95576.00000000,96070.36000000,95419.47000000,95798.82000000,1042.27393000
2025-02-10 03:00:00,95798.83000000,97098.35000000,95762.00000000,96814.98000000,1416.36294000
2025-02-10 04:00:00,96814.97000000,97170.00000000,96632.81000000,96935.46000000,632.94413000
2025-02-10 05:00:00,96935.46000000,97640.02000000,96764.75000000,97015.26000000,1519.53410000
2025-02-10 06:00:00,97015.26000000,97219.99000000,96800.00000000,97142.43000000,808.23303000
2025-02-10 07:00:00,97142.43000000,97482.87000000,97108.88000000,97429.83000000,755.46407000
2025-02-10 08:00:00,97429.83000000,97899.99000000,97358.79000000,97683.99000000,1238.61637000
2025-02-10 09:00:00,97684.00000000,97880.33000000,97451.73000000,97664.78000000,659.22257000
2025-02-10 10:00:00,97664.77000000,97954.69000000,97589.94000000,97728.29000000,1021.79544000
2025-02-10 11:00:00,97728.29000000,97899.00000000,97599.88000000,97661.16000000,600.83887000
2025-02-10 12:00:00,97661.15000000,97788.24000000,97180.55000000,97358.58000000,592.57733000
2025-02-10 13:00:00,97358.59000000,98345.00000000,97356.03000000,98215.72000000,1115.72278000
2025-02-10 14:00:00,98215.71000000,98312.00000000,97070.00000000,97270.64000000,1686.99088000
2025-02-10 15:00:00,97270.65000000,97566.03000000,96866.66000000,97218.69000000,1141.04586000
2025-02-10 16:00:00,97218.68000000,97380.00000000,96866.39000000,97300.75000000,941.39367000
2025-02-10 17:00:00,97300.75000000,97516.10000000,96884.01000000,97500.00000000,584.34440000
2025-02-10 18:00:00,97499.99000000,97557.02000000,97186.04000000,97549.99000000,749.86472000
2025-02-10 19:00:00,97549.98000000,97643.29000000,97265.91000000,97376.00000000,509.73780000
2025-02-10 20:00:00,97376.00000000,97489.78000000,97219.46000000,97331.95000000,521.01283000
2025-02-10 21:00:00,97331.96000000,97378.57000000,97128.79000000,97375.81000000,562.27809000
2025-02-10 22:00:00,97375.80000000,97490.71000000,97280.40000000,97390.26000000,248.77910000
2025-02-10 23:00:00,97390.26000000,97449.06000000,97240.00000000,97430.82000000,240.50926000
2025-02-11 00:00:00,97430.82000000,98149.92000000,97416.62000000,97783.12000000,680.58059000
2025-02-11 01:00:00,97783.12000000,98100.00000000,97783.12000000,97994.23000000,505.79967000
2025-02-11 02:00:00,97994.24000000,98098.00000000,97464.67000000,97764.00000000,533.86507000
2025-02-11 03:00:00,97764.00000000,97766.88000000,97480.16000000,97607.30000000,304.67644000
2025-02-11 04:00:00,97607.31000000,98193.74000000,97558.99000000,98064.93000000,495.20890000
2025-02-11 05:00:00,98064.93000000,98478.42000000,98008.00000000,98412.24000000,896.14152000
2025-02-11 06:00:00,98412.24000000,98476.00000000,98135.67000000,98424.33000000,555.33406000
2025-02-11 07:00:00,98424.32000000,98464.03000000,98258.46000000,98268.97000000,639.99685000
2025-02-11 08:00:00,98268.98000000,98330.00000000,98109.29000000,98223.79000000,470.44777000
2025-02-11 09:00:00,98223.79000000,98300.05000000,97913.80000000,97999.99000000,446.38960000
2025-02-11 10:00:00,97999.99000000,98132.71000000,97885.62000000,97961.25000000,484.84762000
2025-02-11 11:00:00,97961.24000000,98232.91000000,97894.38000000,98151.52000000,302.01527000
2025-02-11 12:00:00,98151.51000000,98158.89000000,97680.49000000,97766.13000000,550.95842000
2025-02-11 13:00:00,97766.13000000,97850.00000000,96670.00000000,96799.53000000,1309.33900000
2025-02-11 14:00:00,96799.53000000,97321.73000000,96595.33000000,96962.03000000,1274.66509000
2025-02-11 15:00:00,96962.04000000,97262.56000000,96631.38000000,97007.53000000,1110.13994000
2025-02-11 16:00:00,97007.54000000,97045.53000000,96303.00000000,96365.05000000,1198.98433000
2025-02-11 17:00:00,96365.04000000,96395.28000000,95950.00000000,96165.29000000,1067.45280000
2025-02-11 18:00:00,96165.29000000,96165.29000000,95409.92000000,95469.28000000,1234.84113000
2025-02-11 19:00:00,95469.28000000,95658.24000000,94876.88000000,95040.82000000,1383.45885000
2025-02-11 20:00:00,95040.81000000,95439.27000000,94928.47000000,95305.00000000,911.18485000
2025-02-11 21:00:00,95305.01000000,96449.26000000,95256.80000000,96390.23000000,916.87274000
2025-02-11 22:00:00,96390.22000000,96512.70000000,95353.64000000,95580.23000000,843.55750000
2025-02-11 23:00:00,95580.24000000,95966.65000000,95490.05000000,95778.20000000,531.00578000
2025-02-12 00:00:00,95778.21000000,96120.00000000,95672.56000000,96060.00000000,576.62562000
2025-02-12 01:00:00,96060.00000000,96263.99000000,95817.69000000,96207.32000000,373.26635000
2025-02-12 02:00:00,96207.33000000,96214.70000000,95384.61000000,95579.14000000,657.69595000
2025-02-12 03:00:00,95579.13000000,95762.67000000,95100.00000000,95299.27000000,799.73342000
2025-02-12 04:00:00,95299.28000000,95611.12000000,95267.71000000,95556.98000000,551.85072000
2025-02-12 05:00:00,95556.99000000,95933.30000000,95514.60000000,95886.54000000,318.13104000
2025-02-12 06:00:00,95886.54000000,95952.09000000,95684.00000000,95817.87000000,353.46652000
2025-02-12 07:00:00,95817.87000000,96188.68000000,95793.11000000,96069.58000000,716.35723000
2025-02-12 08:00:00,96069.58000000,96469.78000000,96047.73000000,96358.46000000,480.83950000
2025-02-12 09:00:00,96358.46000000,96377.36000000,96014.69000000,96129.28000000,981.15914000
2025-02-12 10:00:00,96129.28000000,96196.00000000,95913.49000000,95978.01000000,397.44155000
2025-02-12 11:00:00,95978.00000000,96377.32000000,95978.00000000,96094.65000000,437.01756000
2025-02-12 12:00:00,96094.65000000,96350.00000000,95944.44000000,95982.97000000,471.65116000
2025-02-12 13:00:00,95982.97000000,96631.66000000,94088.23000000,94975.38000000,6201.22653000
2025-02-12 14:00:00,94975.37000000,95685.90000000,94500.00000000,95628.91000000,2815.25179000
2025-02-12 15:00:00,95628.92000000,95999.65000000,94708.17000000,95816.18000000,2317.41055000
2025-02-12 16:00:00,95816.18000000,97094.34000000,95120.30000000,96986.14000000,2240.81919000
2025-02-12 17:00:00,96986.14000000,97700.00000000,96769.23000000,97354.89000000,2542.31272000
2025-02-12 18:00:00,97354.88000000,97450.00000000,96625.00000000,96921.43000000,1188.43319000
2025-02-12 19:00:00,96921.42000000,97278.16000000,96353.47000000,97205.06000000,717.99366000
2025-02-12 20:00:00,97205.06000000,97623.48000000,96931.89000000,97025.24000000,938.18608000
2025-02-12 21:00:00,97026.53000000,97908.99000000,96854.97000000,97646.50000000,1037.19237000
2025-02-12 22:00:00,97646.51000000,98119.99000000,97416.40000000,97806.57000000,1180.16505000
2025-02-12 23:00:00,97806.57000000,98000.01000000,97579.31000000,97869.99000000,856.93936000
2025-02-13 00:00:00,97870.00000000,97870.00000000,97534.07000000,97818.91000000,621.42152000
2025-02-13 01:00:00,97818.91000000,98083.91000000,97743.57000000,97986.19000000,683.24154000
2025-02-13 02:00:00,97986.18000000,97986.19000000,97367.45000000,97473.66000000,446.21833000
2025-02-13 03:00:00,97473.67000000,97631.03000000,97430.00000000,97498.42000000,376.45603000
2025-02-13 04:00:00,97498.43000000,97564.83000000,96767.28000000,96927.46000000,711.63196000
2025-02-13 05:00:00,96927.46000000,96929.67000000,96503.38000000,96666.38000000,746.30255000
2025-02-13 06:00:00,96666.37000000,96757.50000000,95800.00000000,96056.72000000,1088.55194000
2025-02-13 07:00:00,96056.72000000,96231.67000000,95901.00000000,96070.23000000,837.45143000
2025-02-13 08:00:00,96070.23000000,96175.34000000,95649.85000000,95943.62000000,1211.55455000
2025-02-13 09:00:00,95943.62000000,96297.76000000,95786.20000000,96262.25000000,640.54269000
2025-02-13 10:00:00,96262.24000000,96336.00000000,96103.14000000,96155.86000000,421.26729000
2025-02-13 11:00:00,96155.87000000,96288.74000000,95599.57000000,95925.11000000,881.28275000
2025-02-13 12:00:00,95925.12000000,96069.81000000,95707.02000000,95820.28000000,779.42863000
2025-02-13 13:00:00,95820.29000000,96301.59000000,95636.79000000,96074.66000000,1318.76591000
2025-02-13 14:00:00,96074.67000000,96104.49000000,95336.00000000,95857.03000000,1756.05228000
2025-02-13 15:00:00,95857.03000000,96480.06000000,95519.99000000,95998.00000000,1574.35787000
2025-02-13 16:00:00,95998.00000000,96002.24000000,95217.36000000,95359.22000000,1167.88640000
2025-02-13 17:00:00,95359.22000000,96023.58000000,95287.00000000,95692.09000000,825.45363000
2025-02-13 18:00:00,95692.08000000,95981.20000000,95320.75000000,95964.01000000,845.96591000
2025-02-13 19:00:00,95964.01000000,96361.58000000,95561.46000000,95627.76000000,850.37150000
2025-02-13 20:00:00,95627.75000000,96291.95000000,95600.00000000,96264.52000000,680.56341000
2025-02-13 21:00:00,96264.52000000,96774.71000000,96253.33000000,96488.00000000,718.62221000
2025-02-13 22:00:00,96487.99000000,96600.00000000,96265.16000000,96411.40000000,330.24155000
2025-02-13 23:00:00,96411.40000000,96630.00000000,96312.51000000,96608.14000000,408.14428000
2025-02-14 00:00:00,96608.13000000,96965.51000000,96531.36000000,96750.83000000,427.84311000
2025-02-14 01:00:00,96750.83000000,96884.62000000,96356.41000000,96529.27000000,463.70552000
2025-02-14 02:00:00,96529.28000000,96835.30000000,96441.27000000,96528.47000000,459.07477000
2025-02-14 03:00:00,96528.47000000,97190.00000000,96527.71000000,97129.98000000,455.17130000
2025-02-14 04:00:00,97129.98000000,97248.60000000,96750.00000000,96750.00000000,434.86356000
2025-02-14 05:00:00,96750.01000000,96908.16000000,96561.36000000,96683.29000000,432.68245000
2025-02-14 06:00:00,96683.30000000,96857.18000000,96611.11000000,96834.29000000,489.84611000
2025-02-14 07:00:00,96834.30000000,97075.33000000,96806.51000000,96944.09000000,425.14091000
2025-02-14 08:00:00,96944.09000000,97025.56000000,96799.99000000,96871.97000000,344.28951000
2025-02-14 09:00:00,96871.96000000,97153.50000000,96831.00000000,97108.31000000,553.35115000
2025-02-14 10:00:00,97108.31000000,97196.00000000,96962.26000000,97017.40000000,460.85165000
2025-02-14 11:00:00,97017.41000000,97143.20000000,96800.00000000,96887.56000000,399.89281000
2025-02-14 12:00:00,96887.55000000,96887.56000000,96516.20000000,96652.58000000,342.62053000
2025-02-14 13:00:00,96652.58000000,96980.00000000,96450.34000000,96786.68000000,601.84618000
2025-02-14 14:00:00,96786.68000000,97568.28000000,96572.00000000,97290.95000000,1394.19724000
2025-02-14 15:00:00,97290.95000000,97409.30000000,96252.82000000,96924.39000000,1660.70388000
2025-02-14 16:00:00,96924.57000000,97700.00000000,96494.17000000,97658.70000000,994.97707000
2025-02-14 17:00:00,97658.70000000,98826.00000000,97142.00000000,98526.00000000,2618.64400000
2025-02-14 18:00:00,98525.99000000,98738.57000000,98166.66000000,98192.84000000,1370.44479000
2025-02-14 19:00:00,98192.84000000,98450.00000000,97656.00000000,97940.45000000,1025.49335000
2025-02-14 20:00:00,97940.44000000,98264.85000000,97003.28000000,97196.09000000,1052.02168000
2025-02-14 21:00:00,97196.10000000,97492.69000000,96697.56000000,97456.79000000,1072.77905000
2025-02-14 22:00:00,97456.78000000,97538.11000000,96922.23000000,97134.59000000,435.45827000
2025-02-14 23:00:00,97134.60000000,97519.99000000,96995.41000000,97500.48000000,257.12757000
2025-02-15 00:00:00,97500.47000000,97516.20000000,97223.58000000,97470.88000000,490.01632000
2025-02-15 01:00:00,97470.87000000,97833.42000000,97436.93000000,97804.24000000,352.00246000
2025-02-15 02:00:00,97804.24000000,97918.53000000,97625.30000000,97839.04000000,362.11893000
2025-02-15 03:00:00,97839.05000000,97972.26000000,97642.16000000,97653.19000000,302.29454000
2025-02-15 04:00:00,97653.19000000,97780.73000000,97482.21000000,97527.63000000,358.46801000
2025-02-15 05:00:00,97527.64000000,97640.97000000,97450.01000000,97611.17000000,221.13608000
2025-02-15 06:00:00,97611.18000000,97664.06000000,97439.04000000,97488.61000000,210.60577000
2025-02-15 07:00:00,97488.62000000,97526.54000000,97345.50000000,97346.26000000,239.22000000
2025-02-15 08:00:00,97346.27000000,97544.00000000,97301.77000000,97505.51000000,208.69423000
2025-02-15 09:00:00,97505.51000000,97606.80000000,97441.49000000,97562.55000000,224.44139000
2025-02-15 10:00:00,97562.56000000,97731.09000000,97458.00000000,97653.95000000,204.41389000
2025-02-15 11:00:00,97653.94000000,97669.83000000,97472.75000000,97615.59000000,236.62887000
2025-02-15 12:00:00,97615.59000000,97833.42000000,97531.52000000,97753.82000000,316.93458000
2025-02-15 13:00:00,97753.81000000,97962.51000000,97677.28000000,97716.89000000,706.14764000
2025-02-15 14:00:00,97716.89000000,97756.00000000,97426.57000000,97593.61000000,673.38862000
2025-02-15 15:00:00,97593.62000000,97722.22000000,97548.23000000,97633.22000000,312.88733000
2025-02-15 16:00:00,97633.21000000,97714.39000000,97455.48000000,97535.39000000,278.61059000
2025-02-15 17:00:00,97535.39000000,97584.84000000,97304.38000000,97410.28000000,331.54700000
2025-02-15 18:00:00,97410.29000000,97584.91000000,97368.82000000,97540.79000000,178.74962000
2025-02-15 19:00:00,97540.80000000,97650.00000000,97509.61000000,97531.90000000,132.93067000
2025-02-15 20:00:00,97531.91000000,97641.78000000,97414.05000000,97539.40000000,186.07288000
2025-02-15 21:00:00,97539.40000000,97691.47000000,97539.39000000,97684.23000000,178.14951000
2025-02-15 22:00:00,97684.23000000,97741.35000000,97432.50000000,97545.76000000,290.27263000
2025-02-15 23:00:00,97545.77000000,97634.22000000,97426.56000000,97569.66000000,353.64527000
2025-02-16 00:00:00,97569.67000000,97704.47000000,97554.65000000,97594.57000000,146.65876000
2025-02-16 01:00:00,97594.58000000,97660.38000000,97538.87000000,97643.00000000,128.32038000
2025-02-16 02:00:00,97643.01000000,97653.30000000,97469.29000000,97524.87000000,306.89676000
2025-02-16 03:00:00,97524.87000000,97547.17000000,97411.11000000,97547.17000000,353.50903000
2025-02-16 04:00:00,97547.17000000,97583.49000000,97472.04000000,97530.81000000,212.15882000
2025-02-16 05:00:00,97530.81000000,97682.04000000,97485.94000000,97603.30000000,142.81440000
2025-02-16 06:00:00,97603.30000000,97625.63000000,97451.99000000,97487.26000000,175.63311000
2025-02-16 07:00:00,97487.27000000,97487.27000000,97212.00000000,97248.98000000,215.82070000
2025-02-16 08:00:00,97248.98000000,97331.42000000,97131.06000000,97163.86000000,297.81595000
2025-02-16 09:00:00,97163.87000000,97365.74000000,97061.58000000,97365.74000000,271.70559000
2025-02-16 10:00:00,97365.73000000,97388.89000000,97166.66000000,97180.98000000,225.84623000
2025-02-16 11:00:00,97180.98000000,97336.03000000,97152.00000000,97336.00000000,391.60188000
2025-02-16 12:00:00,97335.99000000,97336.00000000,97096.00000000,97125.63000000,349.35885000
2025-02-16 13:00:00,97125.64000000,97212.43000000,96788.21000000,96842.37000000,697.90050000
2025-02-16 14:00:00,96842.37000000,97029.90000000,96645.35000000,96969.58000000,530.02677000
2025-02-16 15:00:00,96969.58000000,97092.35000000,96911.00000000,96911.01000000,305.78814000
2025-02-16 16:00:00,96911.01000000,97115.00000000,96880.00000000,97052.64000000,239.19143000
2025-02-16 17:00:00,97052.64000000,97169.15000000,96931.06000000,96982.95000000,229.87909000
2025-02-16 18:00:00,96982.94000000,97000.00000000,96609.05000000,96872.59000000,410.32977000
2025-02-16 19:00:00,96872.58000000,97108.18000000,96763.11000000,97058.47000000,308.17023000
2025-02-16 20:00:00,97058.47000000,97160.74000000,96861.38000000,96909.54000000,304.09755000
2025-02-16 21:00:00,96909.55000000,97282.38000000,96852.01000000,97165.09000000,315.91771000
2025-02-16 22:00:00,97165.10000000,97187.18000000,96570.47000000,96865.79000000,334.51883000
2025-02-16 23:00:00,96865.79000000,96884.89000000,96046.18000000,96118.12000000,1297.46442000
2025-02-17 00:00:00,96118.12000000,96443.50000000,96023.17000000,96319.22000000,559.72483000
2025-02-17 01:00:00,96319.22000000,96533.52000000,96060.50000000,96508.63000000,408.53426000
2025-02-17 02:00:00,96508.63000000,96638.05000000,96156.55000000,96228.98000000,411.70054000
2025-02-17 03:00:00,96228.97000000,96280.00000000,96032.99000000,96215.33000000,486.61263000
2025-02-17 04:00:00,96215.32000000,96259.84000000,96013.00000000,96026.01000000,488.42242000
2025-02-17 05:00:00,96026.01000000,96328.14000000,95800.00000000,96242.66000000,913.03802000
2025-02-17 06:00:00,96242.67000000,96445.45000000,96208.00000000,96376.77000000,512.87016000
2025-02-17 07:00:00,96376.78000000,96463.20000000,95900.94000000,96068.22000000,811.65071000
2025-02-17 08:00:00,96068.21000000,96298.72000000,95937.05000000,96144.03000000,549.74974000
2025-02-17 09:00:00,96144.03000000,96318.62000000,96076.92000000,96166.26000000,367.32057000
2025-02-17 10:00:00,96166.26000000,96395.68000000,96050.00000000,96106.17000000,523.65421000
2025-02-17 11:00:00,96106.18000000,96300.00000000,95990.00000000,96063.18000000,841.85531000
2025-02-17 12:00:00,96063.17000000,96510.66000000,96059.40000000,96457.76000000,726.17384000
2025-02-17 13:00:00,96457.75000000,96482.35000000,96253.90000000,96411.95000000,372.70067000
2025-02-17 14:00:00,96411.96000000,97046.59000000,96400.00000000,96799.99000000,1627.34188000
2025-02-17 15:00:00,96800.00000000,96898.90000000,95564.00000000,95659.46000000,1708.38819000
2025-02-17 16:00:00,95659.45000000,95945.49000000,95303.21000000,95334.75000000,1651.99450000
2025-02-17 17:00:00,95334.75000000,95725.00000000,95288.00000000,95479.78000000,718.30989000
2025-02-17 18:00:00,95479.78000000,95770.86000000,95249.74000000,95340.83000000,628.41742000
2025-02-17 19:00:00,95340.83000000,95596.24000000,95205.00000000,95531.36000000,483.41093000
2025-02-17 20:00:00,95531.36000000,96267.45000000,95488.90000000,95971.36000000,569.50858000
2025-02-17 21:00:00,95971.35000000,96413.43000000,95917.51000000,96409.33000000,465.72247000
2025-02-17 22:00:00,96409.33000000,96413.43000000,95829.63000000,95875.48000000,351.44277000
2025-02-17 23:00:00,95875.48000000,96009.11000000,95673.02000000,95780.00000000,313.50056000
2025-02-18 00:00:00,95780.01000000,96058.62000000,95538.01000000,95637.93000000,519.60690000
2025-02-18 01:00:00,95637.93000000,96300.00000000,95606.46000000,96266.24000000,463.75520000
2025-02-18 02:00:00,96266.24000000,96322.97000000,96015.00000000,96064.47000000,338.79648000
2025-02-18 03:00:00,96064.47000000,96290.00000000,96000.00000000,96200.00000000,280.18512000
2025-02-18 04:00:00,96200.00000000,96300.73000000,95968.10000000,96070.81000000,359.46021000
2025-02-18 05:00:00,96070.81000000,96110.63000000,95539.14000000,95609.49000000,605.16098000
2025-02-18 06:00:00,95609.50000000,95641.79000000,95254.12000000,95382.75000000,1410.87424000
2025-02-18 07:00:00,95382.74000000,95713.19000000,95298.06000000,95456.93000000,800.99003000
2025-02-18 08:00:00,95456.92000000,95582.11000000,95050.00000000,95238.89000000,971.76662000
2025-02-18 09:00:00,95238.89000000,95780.50000000,95149.04000000,95775.95000000,719.87581000
2025-02-18 10:00:00,95775.94000000,95872.17000000,95634.05000000,95742.50000000,370.88341000
2025-02-18 11:00:00,95742.50000000,95782.10000000,95566.84000000,95640.34000000,420.65539000
2025-02-18 12:00:00,95640.35000000,96281.05000000,95600.17000000,96194.00000000,733.80088000
2025-02-18 13:00:00,96194.00000000,96482.91000000,96107.77000000,96230.00000000,963.65132000
2025-02-18 14:00:00,96230.00000000,96753.91000000,95375.12000000,95536.83000000,1540.36172000
2025-02-18 15:00:00,95536.83000000,95730.77000000,95200.00000000,95546.48000000,1236.23066000
2025-02-18 16:00:00,95546.49000000,95633.15000000,94617.45000000,94639.98000000,2070.63374000
2025-02-18 17:00:00,94639.98000000,94878.74000000,94102.15000000,94102.16000000,1522.90388000
2025-02-18 18:00:00,94102.16000000,94350.87000000,93600.00000000,93924.03000000,1837.49675000
2025-02-18 19:00:00,93924.03000000,94403.88000000,93388.09000000,94104.14000000,1415.12054000
2025-02-18 20:00:00,94104.15000000,94458.40000000,93730.72000000,94196.02000000,1086.13890000
2025-02-18 21:00:00,94196.77000000,95351.40000000,94118.80000000,95065.46000000,1602.56826000
2025-02-18 22:00:00,95065.46000000,95534.25000000,94855.67000000,95304.43000000,1040.64682000
2025-02-18 23:00:00,95304.42000000,95685.00000000,95257.15000000,95671.74000000,1056.63085000
2025-02-19 00:00:00,95671.74000000,95849.06000000,95279.94000000,95330.15000000,904.11812000
2025-02-19 01:00:00,95330.15000000,95480.00000000,95055.00000000,95479.99000000,488.98003000
2025-02-19 02:00:00,95480.00000000,95961.54000000,95458.03000000,95831.76000000,399.44242000
2025-02-19 03:00:00,95831.76000000,95837.82000000,95565.57000000,95710.26000000,366.08760000
2025-02-19 04:00:00,95710.25000000,95768.95000000,95213.85000000,95213.85000000,432.62013000
2025-02-19 05:00:00,95213.84000000,95340.05000000,95029.99000000,95289.33000000,2130.11933000
2025-02-19 06:00:00,95289.34000000,95652.00000000,95249.65000000,95616.31000000,436.36604000
2025-02-19 07:00:00,95616.31000000,95846.15000000,95588.00000000,95687.71000000,442.08407000
2025-02-19 08:00:00,95687.71000000,95866.00000000,95616.60000000,95629.99000000,345.76152000
2025-02-19 09:00:00,95629.99000000,96024.25000000,95629.70000000,95937.40000000,642.82945000
2025-02-19 10:00:00,95937.40000000,96468.99000000,95937.39000000,96330.32000000,966.08574000
2025-02-19 11:00:00,96330.31000000,96423.08000000,96205.40000000,96422.60000000,457.23042000
2025-02-19 12:00:00,96422.60000000,96495.00000000,96138.40000000,96166.44000000,530.93187000
2025-02-19 13:00:00,96166.45000000,96481.60000000,96166.44000000,96277.54000000,657.87540000
2025-02-19 14:00:00,96277.54000000,96700.00000000,95692.00000000,95766.33000000,1149.73460000
2025-02-19 15:00:00,95766.33000000,96405.45000000,95536.36000000,95943.74000000,1211.59966000
2025-02-19 16:00:00,95943.74000000,96375.39000000,95930.54000000,96300.00000000,731.71551000
2025-02-19 17:00:00,96300.00000000,96480.00000000,96122.00000000,96389.57000000,505.12119000
2025-02-19 18:00:00,96389.57000000,96414.72000000,95640.03000000,95670.54000000,605.05322000
2025-02-19 19:00:00,95670.53000000,96242.80000000,95407.41000000,96206.54000000,921.93012000
2025-02-19 20:00:00,96206.54000000,96479.99000000,96101.89000000,96180.72000000,801.25950000
2025-02-19 21:00:00,96180.72000000,96490.37000000,96058.38000000,96315.64000000,436.68390000
2025-02-19 22:00:00,96315.65000000,96621.86000000,96305.35000000,96539.85000000,330.61374000
2025-02-19 23:00:00,96539.84000000,96899.99000000,96522.55000000,96644.37000000,544.26596000
2025-02-20 00:00:00,96644.37000000,96853.99000000,96415.09000000,96853.98000000,361.82303000
2025-02-20 01:00:00,96853.98000000,97000.00000000,96627.09000000,96767.67000000,564.83079000
2025-02-20 02:00:00,96767.67000000,97275.54000000,96739.48000000,97134.52000000,975.14038000
2025-02-20 03:00:00,97134.52000000,97362.83000000,96979.29000000,97055.25000000,821.46063000
2025-02-20 04:00:00,97055.24000000,97339.11000000,97034.59000000,97224.46000000,848.42996000
2025-02-20 05:00:00,97224.46000000,97224.46000000,96891.47000000,96909.99000000,667.47648000
2025-02-20 06:00:00,96909.99000000,96999.30000000,96781.57000000,96907.99000000,494.40390000
2025-02-20 07:00:00,96908.00000000,97088.87000000,96804.00000000,96867.92000000,330.86128000
2025-02-20 08:00:00,96867.92000000,97197.74000000,96801.61000000,97150.01000000,395.65532000
2025-02-20 09:00:00,97150.01000000,97284.00000000,97150.00000000,97184.63000000,437.65289000
2025-02-20 10:00:00,97184.63000000,97374.00000000,97095.75000000,97373.98000000,380.16934000
2025-02-20 11:00:00,97373.98000000,97384.03000000,97156.19000000,97207.92000000,376.29918000
2025-02-20 12:00:00,97207.93000000,97549.88000000,97207.92000000,97428.36000000,625.06274000
2025-02-20 13:00:00,97428.37000000,97566.26000000,97268.51000000,97562.19000000,579.18384000
2025-02-20 14:00:00,97562.20000000,98062.15000000,96877.51000000,96966.91000000,1978.87773000
2025-02-20 15:00:00,96966.92000000,97326.07000000,96799.42000000,96903.77000000,1218.04897000
2025-02-20 16:00:00,96903.76000000,97968.00000000,96888.00000000,97550.73000000,1157.08865000
2025-02-20 17:00:00,97550.73000000,97999.99000000,97541.40000000,97954.95000000,675.22698000
2025-02-20 18:00:00,97954.95000000,98436.00000000,97943.34000000,98295.08000000,1292.67668000
2025-02-20 19:00:00,98295.09000000,98518.00000000,98241.99000000,98422.80000000,694.65442000
2025-02-20 20:00:00,98422.80000000,98711.36000000,98313.73000000,98453.61000000,835.26935000
2025-02-20 21:00:00,98453.61000000,98498.43000000,98000.00000000,98089.46000000,623.55744000
2025-02-20 22:00:00,98089.45000000,98371.66000000,98062.08000000,98134.95000000,336.52181000
2025-02-20 23:00:00,98134.95000000,98510.89000000,98115.00000000,98305.00000000,387.01998000
2025-02-21 00:00:00,98305.01000000,98505.00000000,98084.06000000,98236.32000000,519.87416000
2025-02-21 01:00:00,98236.32000000,98350.00000000,98113.20000000,98312.00000000,439.00436000
2025-02-21 02:00:00,98312.00000000,98373.72000000,98111.11000000,98111.12000000,663.00593000
2025-02-21 03:00:00,98111.13000000,98298.26000000,98085.15000000,98141.99000000,681.75535000
2025-02-21 04:00:00,98141.99000000,98271.15000000,98117.73000000,98204.01000000,473.82511000
2025-02-21 05:00:00,98204.02000000,98389.31000000,98156.94000000,98333.58000000,529.58796000
2025-02-21 06:00:00,98333.59000000,98421.35000000,98292.63000000,98409.99000000,351.55104000
2025-02-21 07:00:00,98410.00000000,98610.17000000,98172.00000000,98179.76000000,701.51737000
2025-02-21 08:00:00,98179.77000000,98261.91000000,98150.00000000,98213.41000000,369.05095000
2025-02-21 09:00:00,98213.41000000,98896.81000000,98111.11000000,98337.70000000,1333.69974000
2025-02-21 10:00:00,98337.70000000,98679.83000000,98240.63000000,98612.00000000,708.61090000
2025-02-21 11:00:00,98612.00000000,98833.11000000,98490.57000000,98629.30000000,1059.33669000
2025-02-21 12:00:00,98629.31000000,98957.93000000,98531.29000000,98904.00000000,884.67204000
2025-02-21 13:00:00,98903.99000000,99475.00000000,98800.00000000,99334.93000000,1714.51363000
2025-02-21 14:00:00,99334.92000000,99380.17000000,98345.69000000,98777.77000000,1637.06895000
2025-02-21 15:00:00,98777.78000000,99333.34000000,97177.31000000,98104.04000000,4683.56662000
2025-02-21 16:00:00,98104.04000000,98757.00000000,97709.92000000,98215.81000000,2505.67226000
2025-02-21 17:00:00,98215.81000000,98430.58000000,96832.01000000,96971.90000000,2514.76545000
2025-02-21 18:00:00,96971.91000000,97223.40000000,96515.49000000,96543.52000000,1909.78074000
2025-02-21 19:00:00,96543.52000000,96829.00000000,95247.15000000,95285.11000000,2511.89738000
2025-02-21 20:00:00,95285.11000000,95671.90000000,94871.95000000,95066.25000000,3052.23437000
2025-02-21 21:00:00,95066.24000000,95480.00000000,95006.13000000,95395.03000000,1568.74037000
2025-02-21 22:00:00,95395.03000000,95930.60000000,95245.49000000,95823.53000000,839.00621000
2025-02-21 23:00:00,95823.53000000,96202.68000000,95666.88000000,96181.98000000,596.54382000
2025-02-22 00:00:00,96181.99000000,96214.59000000,95770.49000000,96185.90000000,768.47820000
2025-02-22 01:00:00,96185.91000000,96451.15000000,96123.72000000,96233.20000000,648.88943000
2025-02-22 02:00:00,96233.20000000,96455.97000000,96107.00000000,96343.22000000,535.98292000
2025-02-22 03:00:00,96343.22000000,96358.00000000,96156.53000000,96299.07000000,294.62585000
2025-02-22 04:00:00,96299.08000000,96470.59000000,96273.85000000,96387.36000000,379.90865000
2025-02-22 05:00:00,96387.36000000,96530.00000000,96312.00000000,96509.83000000,276.29303000
2025-02-22 06:00:00,96509.83000000,96578.99000000,96327.12000000,96395.18000000,421.81388000
2025-02-22 07:00:00,96395.19000000,96511.93000000,96288.09000000,96288.09000000,316.89443000
2025-02-22 08:00:00,96288.09000000,96348.60000000,96159.01000000,96219.80000000,439.13440000
2025-02-22 09:00:00,96219.81000000,96529.79000000,96151.00000000,96493.95000000,763.64740000
2025-02-22 10:00:00,96493.96000000,96583.70000000,96437.24000000,96500.16000000,488.18431000
2025-02-22 11:00:00,96500.17000000,96611.53000000,96500.16000000,96580.00000000,368.66866000
2025-02-22 12:00:00,96580.00000000,96980.00000000,96575.00000000,96823.94000000,584.35002000
2025-02-22 13:00:00,96823.94000000,96916.83000000,96523.98000000,96566.03000000,506.64162000
2025-02-22 14:00:00,96566.04000000,96716.71000000,96498.27000000,96535.90000000,599.34114000
2025-02-22 15:00:00,96535.91000000,96708.43000000,96485.37000000,96592.00000000,600.52191000
2025-02-22 16:00:00,96592.01000000,96811.03000000,96455.00000000,96504.01000000,677.72506000
2025-02-22 17:00:00,96504.01000000,96685.99000000,96476.00000000,96639.38000000,477.95750000
2025-02-22 18:00:00,96639.39000000,96823.53000000,96415.09000000,96449.99000000,543.04760000
2025-02-22 19:00:00,96449.98000000,96645.00000000,96345.49000000,96639.99000000,607.21529000
2025-02-22 20:00:00,96640.00000000,96645.00000000,96508.00000000,96578.01000000,231.41537000
2025-02-22 21:00:00,96578.01000000,96677.69000000,96527.20000000,96658.57000000,257.60903000
2025-02-22 22:00:00,96658.57000000,96700.00000000,96603.77000000,96634.06000000,206.03183000
2025-02-22 23:00:00,96634.06000000,96658.40000000,96472.22000000,96551.01000000,273.79955000
2025-02-23 00:00:00,96551.01000000,96650.00000000,96492.00000000,96643.46000000,317.52544000
2025-02-23 01:00:00,96643.47000000,96643.47000000,96355.17000000,96452.83000000,372.84935000
2025-02-23 02:00:00,96452.83000000,96500.00000000,96387.24000000,96410.27000000,302.49628000
2025-02-23 03:00:00,96410.28000000,96566.04000000,96371.95000000,96414.00000000,333.76565000
2025-02-23 04:00:00,96414.00000000,96520.00000000,96377.35000000,96395.88000000,214.54975000
2025-02-23 05:00:00,96395.88000000,96406.45000000,96194.65000000,96208.62000000,399.58071000
2025-02-23 06:00:00,96208.63000000,96352.95000000,96143.99000000,96342.91000000,280.52995000
2025-02-23 07:00:00,96342.92000000,96558.01000000,96298.37000000,96508.85000000,350.86348000
2025-02-23 08:00:00,96508.85000000,96508.86000000,96308.00000000,96364.32000000,215.88877000
2025-02-23 09:00:00,96364.32000000,96470.59000000,96255.61000000,96286.02000000,332.26349000
2025-02-23 10:00:00,96286.02000000,96298.87000000,96083.33000000,96193.88000000,346.00256000
2025-02-23 11:00:00,96193.89000000,96245.99000000,96085.70000000,96115.99000000,329.09804000
2025-02-23 12:00:00,96115.99000000,96158.50000000,95657.05000000,95732.93000000,768.22512000
2025-02-23 13:00:00,95732.94000000,95979.65000000,95721.33000000,95977.96000000,628.74852000
2025-02-23 14:00:00,95977.96000000,96049.44000000,95544.00000000,95593.89000000,586.69558000
2025-02-23 15:00:00,95593.88000000,95731.73000000,95414.25000000,95436.18000000,769.27792000
2025-02-23 16:00:00,95436.19000000,95624.31000000,95420.50000000,95420.50000000,621.06610000
2025-02-23 17:00:00,95420.51000000,95750.00000000,95227.94000000,95656.78000000,961.97983000
2025-02-23 18:00:00,95656.78000000,95876.00000000,95622.65000000,95740.00000000,745.89738000
2025-02-23 19:00:00,95739.99000000,95849.12000000,95702.08000000,95755.99000000,317.09421000
2025-02-23 20:00:00,95756.00000000,95811.44000000,95680.00000000,95777.70000000,123.97647000
2025-02-23 21:00:00,95777.71000000,95777.71000000,95637.45000000,95755.25000000,218.63363000
2025-02-23 22:00:00,95755.25000000,95940.83000000,95522.78000000,95787.13000000,515.65844000
2025-02-23 23:00:00,95787.14000000,96332.44000000,95774.60000000,96258.00000000,832.18246000
2025-02-24 00:00:00,96258.00000000,96500.00000000,96157.42000000,96247.35000000,788.41339000
2025-02-24 01:00:00,96247.36000000,96339.63000000,95763.43000000,95971.24000000,552.50951000
2025-02-24 02:00:00,95971.25000000,96200.00000000,95752.68000000,95829.35000000,463.98693000
2025-02-24 03:00:00,95829.36000000,95829.36000000,95311.00000000,95433.21000000,836.49275000
2025-02-24 04:00:00,95433.21000000,95597.02000000,95078.01000000,95298.00000000,1274.41220000
2025-02-24 05:00:00,95298.00000000,95764.99000000,95240.01000000,95727.39000000,692.75876000
2025-02-24 06:00:00,95727.39000000,95896.00000000,95609.78000000,95864.31000000,449.42534000
2025-02-24 07:00:00,95864.31000000,95945.00000000,95696.00000000,95872.02000000,661.05123000
2025-02-24 08:00:00,95872.02000000,95945.00000000,95375.89000000,95509.49000000,891.90784000
2025-02-24 09:00:00,95509.50000000,96177.18000000,95499.94000000,95765.76000000,932.58562000
2025-02-24 10:00:00,95765.76000000,95915.97000000,95355.00000000,95631.66000000,915.45093000
2025-02-24 11:00:00,95631.66000000,95860.00000000,95411.01000000,95821.45000000,544.13545000
2025-02-24 12:00:00,95821.45000000,95946.61000000,95679.74000000,95798.46000000,464.81304000
2025-02-24 13:00:00,95798.46000000,96095.32000000,95339.35000000,95594.57000000,1215.76059000
2025-02-24 14:00:00,95594.57000000,95800.00000000,94578.00000000,94674.44000000,2391.99764000
2025-02-24 15:00:00,94674.45000000,94960.00000000,93817.06000000,94323.95000000,3501.03824000
2025-02-24 16:00:00,94323.95000000,94980.00000000,94153.72000000,94434.49000000,1938.90205000
2025-02-24 17:00:00,94434.48000000,95194.59000000,94328.01000000,94644.00000000,1543.22677000
2025-02-24 18:00:00,94644.01000000,94852.59000000,94135.13000000,94161.67000000,855.28907000
2025-02-24 19:00:00,94161.66000000,94559.05000000,93666.22000000,93943.51000000,1261.38223000
2025-02-24 20:00:00,93943.52000000,94571.43000000,93830.66000000,94020.00000000,1459.16938000
2025-02-24 21:00:00,94019.99000000,94349.22000000,93618.00000000,93979.44000000,918.26069000
2025-02-24 22:00:00,93979.45000000,93996.00000000,92368.00000000,92432.06000000,3526.47090000
2025-02-24 23:00:00,92432.07000000,92871.89000000,91349.26000000,91552.88000000,3470.66244000
2025-02-25 00:00:00,91552.88000000,92162.37000000,90912.01000000,91857.29000000,4144.00066000
2025-02-25 01:00:00,91857.30000000,92401.01000000,91165.18000000,92018.41000000,1991.95503000
2025-02-25 02:00:00,92018.41000000,92536.93000000,91595.00000000,92376.68000000,1485.32454000
2025-02-25 03:00:00,92376.68000000,92540.69000000,91944.73000000,92153.93000000,1125.17194000
2025-02-25 04:00:00,92153.93000000,92327.88000000,91812.70000000,91900.01000000,1293.62476000
2025-02-25 05:00:00,91900.01000000,92111.12000000,91706.87000000,92070.34000000,1240.02979000
2025-02-25 06:00:00,92070.35000000,92128.51000000,91206.92000000,91275.99000000,1819.89948000
2025-02-25 07:00:00,91276.00000000,91441.82000000,88200.00000000,89320.01000000,10387.01114000
2025-02-25 08:00:00,89320.01000000,90000.00000000,89012.03000000,89400.53000000,3990.95851000
2025-02-25 09:00:00,89400.54000000,89598.02000000,88289.63000000,88303.73000000,3167.36352000
2025-02-25 10:00:00,88303.74000000,88905.67000000,86888.10000000,88213.77000000,6720.41889000
2025-02-25 11:00:00,88213.76000000,89358.12000000,87618.90000000,89239.39000000,3806.46431000
2025-02-25 12:00:00,89239.39000000,89531.25000000,88908.91000000,89395.98000000,2746.76537000
2025-02-25 13:00:00,89395.99000000,89544.40000000,88750.41000000,88826.11000000,2049.23300000
2025-02-25 14:00:00,88826.11000000,89384.65000000,87077.00000000,87157.25000000,5213.02907000
2025-02-25 15:00:00,87157.25000000,87781.40000000,86050.99000000,87231.26000000,8048.18646000
2025-02-25 16:00:00,87231.63000000,87777.00000000,86157.69000000,87460.00000000,4726.16396000
2025-02-25 17:00:00,87459.99000000,87805.40000000,86831.52000000,87259.99000000,2146.52763000
2025-02-25 18:00:00,87259.99000000,87791.56000000,86918.41000000,87070.07000000,1695.81182000
2025-02-25 19:00:00,87070.07000000,88065.45000000,86508.76000000,87947.25000000,2099.34234000
2025-02-25 20:00:00,87947.24000000,89013.66000000,87622.64000000,88161.03000000,4017.02160000
2025-02-25 21:00:00,88161.03000000,88833.33000000,87761.90000000,88821.00000000,1685.53774000
2025-02-25 22:00:00,88821.01000000,89460.17000000,88512.34000000,88807.64000000,1505.50283000
2025-02-25 23:00:00,88807.64000000,89139.75000000,88675.14000000,88680.40000000,1227.76672000
2025-02-26 00:00:00,88680.39000000,88690.00000000,88148.48000000,88150.00000000,1008.55025000
2025-02-26 01:00:00,88150.01000000,88850.07000000,88149.98000000,88705.66000000,859.07406000
2025-02-26 02:00:00,88705.66000000,89198.23000000,88434.78000000,89018.87000000,797.74749000
2025-02-26 03:00:00,89018.86000000,89414.15000000,88886.35000000,88900.00000000,839.97669000
2025-02-26 04:00:00,88900.01000000,89245.29000000,88673.11000000,88693.95000000,899.05159000
2025-02-26 05:00:00,88693.96000000,88890.00000000,88392.45000000,88423.60000000,988.78032000
2025-02-26 06:00:00,88423.59000000,88940.01000000,88422.79000000,88920.18000000,919.32888000
2025-02-26 07:00:00,88920.18000000,89163.39000000,88399.43000000,88720.02000000,1036.33862000
2025-02-26 08:00:00,88720.01000000,88807.80000000,88138.00000000,88484.54000000,1065.37357000
2025-02-26 09:00:00,88484.54000000,89289.67000000,88464.00000000,89115.98000000,1242.78583000
2025-02-26 10:00:00,89115.99000000,89314.45000000,88882.35000000,89262.66000000,896.12405000
2025-02-26 11:00:00,89262.67000000,89270.00000000,88534.55000000,88616.80000000,971.12242000
2025-02-26 12:00:00,88616.80000000,88674.00000000,87616.24000000,87938.81000000,1495.00066000
2025-02-26 13:00:00,87938.81000000,88090.90000000,87031.73000000,87191.99000000,1626.13903000
2025-02-26 14:00:00,87191.99000000,87741.33000000,85418.72000000,87621.22000000,6538.63785000
2025-02-26 15:00:00,87621.21000000,88530.00000000,87422.00000000,87567.53000000,3566.70518000
2025-02-26 16:00:00,87567.53000000,87806.62000000,86280.82000000,86805.99000000,2995.10715000
2025-02-26 17:00:00,86806.00000000,87303.47000000,85687.81000000,86051.33000000,2306.12765000
2025-02-26 18:00:00,86051.33000000,86498.00000000,83418.00000000,84258.94000000,7003.15035000
2025-02-26 19:00:00,84258.25000000,85084.64000000,83745.88000000,83856.99000000,5331.27874000
2025-02-26 20:00:00,83856.98000000,84620.00000000,82256.01000000,84385.89000000,6344.90853000
2025-02-26 21:00:00,84384.34000000,85131.82000000,83464.00000000,84610.86000000,4334.71538000
2025-02-26 22:00:00,84611.99000000,85400.00000000,84119.97000000,84433.51000000,2622.32191000
2025-02-26 23:00:00,84433.50000000,84782.25000000,83918.38000000,84250.09000000,1205.19789000
2025-02-27 00:00:00,84250.09000000,84808.11000000,84026.96000000,84742.39000000,2478.54167000
2025-02-27 01:00:00,84742.38000000,85466.55000000,84324.01000000,84763.25000000,1558.86472000
2025-02-27 02:00:00,84763.25000000,85214.25000000,84199.46000000,84295.20000000,1689.21881000
2025-02-27 03:00:00,84295.19000000,85342.50000000,84272.91000000,85226.32000000,1178.77310000
2025-02-27 04:00:00,85226.32000000,85369.39000000,84694.29000000,85161.93000000,1354.89632000
2025-02-27 05:00:00,85161.93000000,85944.76000000,85057.67000000,85883.13000000,1433.68123000
2025-02-27 06:00:00,85883.13000000,86737.00000000,85707.64000000,86265.84000000,1364.85224000
2025-02-27 07:00:00,86265.84000000,86600.00000000,86106.26000000,86272.01000000,1336.21438000
2025-02-27 08:00:00,86272.01000000,86447.61000000,85900.00000000,86078.47000000,898.27844000
2025-02-27 09:00:00,86078.47000000,86352.51000000,85846.87000000,86169.81000000,1056.88458000
2025-02-27 10:00:00,86169.81000000,87073.42000000,86026.38000000,87013.46000000,1227.38744000
2025-02-27 11:00:00,87013.47000000,87078.46000000,86389.86000000,86698.60000000,920.03781000
2025-02-27 12:00:00,86698.60000000,86795.90000000,86252.53000000,86330.59000000,997.71723000
2025-02-27 13:00:00,86330.59000000,86769.93000000,85778.98000000,86117.57000000,1960.01107000
2025-02-27 14:00:00,86117.57000000,86411.76000000,84951.51000000,84968.65000000,4500.81704000
2025-02-27 15:00:00,84969.99000000,86145.52000000,84640.75000000,85500.84000000,4924.24541000
2025-02-27 16:00:00,85500.84000000,85691.51000000,84355.04000000,84471.69000000,1998.80556000
2025-02-27 17:00:00,84471.70000000,85039.67000000,84355.05000000,84597.00000000,2099.43718000
2025-02-27 18:00:00,84597.00000000,84990.24000000,84516.00000000,84640.00000000,926.58937000
2025-02-27 19:00:00,84640.00000000,84647.96000000,83614.75000000,84113.98000000,1733.10248000
2025-02-27 20:00:00,84113.98000000,84164.97000000,82716.49000000,83524.98000000,3204.30191000
2025-02-27 21:00:00,83522.02000000,84433.97000000,83223.74000000,84409.18000000,1878.95127000
2025-02-27 22:00:00,84409.18000000,84758.63000000,83881.08000000,84716.34000000,994.53745000
2025-02-27 23:00:00,84716.01000000,84927.84000000,84422.02000000,84708.58000000,789.30768000
2025-02-28 00:00:00,84708.57000000,84892.85000000,84214.43000000,84258.65000000,919.55976000
2025-02-28 01:00:00,84258.65000000,84405.17000000,81111.00000000,81661.55000000,7113.15311000
2025-02-28 02:00:00,81661.55000000,82874.00000000,79532.00000000,80805.50000000,11937.38959000
2025-02-28 03:00:00,80805.50000000,81539.25000000,80256.05000000,80452.44000000,4133.11073000
2025-02-28 04:00:00,80452.89000000,80969.69000000,79400.00000000,80410.50000000,5207.49450000
2025-02-28 05:00:00,80410.49000000,80547.32000000,79152.00000000,79973.79000000,4262.42065000
2025-02-28 06:00:00,79973.79000000,80440.44000000,79034.97000000,79344.56000000,3849.39411000
2025-02-28 07:00:00,79344.56000000,80275.72000000,78820.06000000,79204.59000000,4679.55925000
2025-02-28 08:00:00,79204.60000000,79438.33000000,78258.52000000,78975.99000000,4691.80611000
2025-02-28 09:00:00,78975.98000000,80729.91000000,78896.22000000,80343.11000000,3560.42579000
2025-02-28 10:00:00,80343.11000000,80467.43000000,79544.71000000,80011.02000000,1692.08922000
2025-02-28 11:00:00,80011.02000000,80854.46000000,79981.13000000,80513.38000000,2009.50205000
2025-02-28 12:00:00,80512.97000000,80829.92000000,80075.47000000,80779.61000000,1874.89584000
2025-02-28 13:00:00,80779.62000000,81764.94000000,80621.10000000,81512.42000000,3963.49211000
2025-02-28 14:00:00,81512.42000000,82549.47000000,81072.23000000,82105.05000000,4593.23048000
2025-02-28 15:00:00,82105.06000000,84425.89000000,81998.26000000,84005.05000000,5193.46468000
2025-02-28 16:00:00,84005.05000000,84920.00000000,83426.00000000,84363.69000000,3435.29976000
2025-02-28 17:00:00,84363.68000000,84400.00000000,83584.90000000,83605.12000000,1966.06295000
2025-02-28 18:00:00,83605.11000000,85120.00000000,83196.71000000,84440.97000000,2582.55550000
2025-02-28 19:00:00,84440.97000000,84810.35000000,84209.84000000,84449.99000000,1656.89446000
2025-02-28 20:00:00,84450.00000000,84795.03000000,83600.00000000,84191.27000000,2215.50549000
2025-02-28 21:00:00,84190.51000000,84596.00000000,84000.17000000,84258.37000000,862.30163000
2025-02-28 22:00:00,84258.38000000,84481.14000000,83888.00000000,84149.98000000,650.29671000
2025-02-28 23:00:00,84149.99000000,84548.43000000,84014.00000000,84349.94000000,598.13521000
2025-03-01 00:00:00,84349.95000000,84628.93000000,83824.78000000,83857.92000000,636.60016000
2025-03-01 01:00:00,83857.91000000,84870.68000000,83845.86000000,84656.93000000,1147.78686000
2025-03-01 02:00:00,84656.93000000,85678.11000000,84358.34000000,85240.46000000,2313.11212000
2025-03-01 03:00:00,85240.45000000,85511.91000000,84961.44000000,85330.84000000,1000.29878000
2025-03-01 04:00:00,85330.83000000,86558.00000000,85304.00000000,86190.01000000,1664.09676000
2025-03-01 05:00:00,86190.00000000,86266.25000000,85569.91000000,85588.19000000,871.35628000
2025-03-01 06:00:00,85588.19000000,85663.49000000,84828.86000000,85075.62000000,1526.55776000
2025-03-01 07:00:00,85075.63000000,85075.63000000,84740.15000000,84740.15000000,3116.38081000
2025-03-01 08:00:00,84740.16000000,85335.19000000,84740.15000000,85303.37000000,1088.87896000
2025-03-01 09:00:00,85303.37000000,85508.79000000,85118.03000000,85380.00000000,639.99578000
2025-03-01 10:00:00,85379.99000000,85436.00000000,84800.00000000,84900.01000000,1584.91058000
2025-03-01 11:00:00,84900.01000000,84967.92000000,84382.62000000,84632.79000000,1523.87619000
2025-03-01 12:00:00,84632.79000000,84943.08000000,84477.25000000,84758.86000000,1051.89415000
2025-03-01 13:00:00,84758.86000000,84935.68000000,84334.39000000,84532.24000000,1237.26383000
2025-03-01 14:00:00,84532.25000000,84858.56000000,84423.98000000,84713.99000000,638.44367000
2025-03-01 15:00:00,84714.00000000,84924.53000000,84560.89000000,84800.00000000,629.19528000
2025-03-01 16:00:00,84800.01000000,85298.79000000,84700.00000000,85274.82000000,935.29327000
2025-03-01 17:00:00,85274.81000000,85373.40000000,84958.05000000,85214.70000000,999.09519000
2025-03-01 18:00:00,85214.69000000,85338.64000000,85075.47000000,85327.57000000,410.57763000
2025-03-01 19:00:00,85327.58000000,85591.84000000,85207.54000000,85485.41000000,490.48001000
2025-03-01 20:00:00,85485.41000000,85595.95000000,85339.62000000,85537.73000000,370.51549000
2025-03-01 21:00:00,85537.73000000,86150.00000000,85285.88000000,86076.86000000,646.38322000
2025-03-01 22:00:00,86076.86000000,86262.74000000,85668.30000000,86116.35000000,814.11210000
2025-03-01 23:00:00,86116.36000000,86200.00000000,85679.24000000,86064.53000000,447.94976000
2025-03-02 00:00:00,86064.54000000,86318.18000000,85801.00000000,86026.62000000,551.73014000
2025-03-02 01:00:00,86026.62000000,86377.44000000,85990.00000000,86354.93000000,560.64417000
2025-03-02 02:00:00,86354.94000000,86498.00000000,85611.79000000,85774.01000000,845.94134000
2025-03-02 03:00:00,85774.01000000,86219.82000000,85773.59000000,85873.07000000,445.52217000
2025-03-02 04:00:00,85873.06000000,85886.00000000,85531.87000000,85752.80000000,704.94079000
2025-03-02 05:00:00,85752.80000000,86048.61000000,85672.84000000,85957.51000000,350.53721000
2025-03-02 06:00:00,85957.51000000,86589.97000000,85923.58000000,86277.65000000,583.42796000
2025-03-02 07:00:00,86277.66000000,86350.00000000,86075.09000000,86232.42000000,577.23760000
2025-03-02 08:00:00,86232.42000000,86263.23000000,85708.93000000,85754.71000000,704.89479000
2025-03-02 09:00:00,85754.72000000,86120.00000000,85633.13000000,85901.30000000,567.84232000
2025-03-02 10:00:00,85901.30000000,86008.81000000,85792.45000000,86006.00000000,442.91374000
2025-03-02 11:00:00,86006.01000000,86220.22000000,85954.00000000,86105.89000000,365.30841000
2025-03-02 12:00:00,86105.88000000,86105.89000000,85750.00000000,85986.18000000,363.10992000
2025-03-02 13:00:00,85986.19000000,86000.00000000,85477.81000000,85710.81000000,554.51268000
2025-03-02 14:00:00,85710.81000000,85911.84000000,85050.60000000,85107.45000000,1406.02942000
2025-03-02 15:00:00,85107.45000000,88673.09000000,85075.47000000,87427.99000000,7619.50810000
2025-03-02 16:00:00,87428.00000000,91959.99000000,87278.51000000,91200.00000000,11741.72701000
2025-03-02 17:00:00,91200.00000000,95000.00000000,90636.00000000,94093.75000000,11108.97765000
2025-03-02 18:00:00,94093.74000000,94399.80000000,92364.39000000,92794.19000000,5106.30539000
2025-03-02 19:00:00,92794.19000000,93555.81000000,92608.69000000,93522.00000000,2361.41051000
2025-03-02 20:00:00,93522.01000000,94446.27000000,93502.00000000,94330.00000000,2236.99961000
2025-03-02 21:00:00,94330.00000000,94419.83000000,93670.72000000,94298.00000000,1491.71759000
2025-03-02 22:00:00,94298.01000000,94760.00000000,93911.11000000,94247.40000000,1309.20675000
2025-03-02 23:00:00,94247.40000000,94883.51000000,93800.00000000,94270.00000000,2888.64518000
2025-03-03 00:00:00,94269.99000000,94416.46000000,93289.79000000,93314.89000000,1894.72864000
2025-03-03 01:00:00,93314.89000000,93419.99000000,92649.58000000,93084.64000000,1902.36584000
2025-03-03 02:00:00,93084.64000000,93442.83000000,92433.50000000,93318.24000000,1492.22069000
2025-03-03 03:00:00,93318.23000000,93437.68000000,92450.00000000,92709.98000000,1333.44949000
2025-03-03 04:00:00,92709.98000000,92947.67000000,92590.25000000,92866.00000000,996.20708000
2025-03-03 05:00:00,92866.01000000,93361.46000000,92830.44000000,93344.00000000,1122.18278000
2025-03-03 06:00:00,93344.78000000,93344.78000000,91341.64000000,91645.99000000,2089.28035000
2025-03-03 07:00:00,91646.00000000,92564.30000000,91181.00000000,92363.58000000,1644.84850000
2025-03-03 08:00:00,92363.58000000,92394.03000000,91142.00000000,91477.54000000,1993.37636000
2025-03-03 09:00:00,91477.54000000,92082.75000000,91190.27000000,91847.76000000,1993.82412000
2025-03-03 10:00:00,91847.76000000,92581.86000000,91546.71000000,92546.77000000,1133.77337000
2025-03-03 11:00:00,92546.76000000,92917.99000000,92415.57000000,92739.99000000,1193.27894000
2025-03-03 12:00:00,92740.00000000,93255.58000000,92663.19000000,93027.34000000,1342.19068000
2025-03-03 13:00:00,93027.35000000,93690.00000000,92882.38000000,93586.83000000,1261.80234000
2025-03-03 14:00:00,93586.82000000,93721.37000000,89136.45000000,89278.88000000,6172.59027000
2025-03-03 15:00:00,89264.51000000,91307.00000000,89117.00000000,90035.37000000,5771.66863000
2025-03-03 16:00:00,90035.38000000,90750.91000000,89691.02000000,90154.00000000,2111.23659000
2025-03-03 17:00:00,90154.00000000,91000.00000000,89912.00000000,90300.01000000,1626.75033000
2025-03-03 18:00:00,90300.01000000,90450.47000000,86781.98000000,87132.80000000,7319.60685000
2025-03-03 19:00:00,87132.80000000,87724.13000000,85555.45000000,85606.00000000,5058.10691000
2025-03-03 20:00:00,85606.01000000,86412.00000000,85200.01000000,86074.00000000,5130.45282000
2025-03-03 21:00:00,86073.99000000,86582.12000000,85117.11000000,85374.33000000,1914.40913000
2025-03-03 22:00:00,85374.33000000,87038.46000000,85308.00000000,86650.96000000,1533.83791000
2025-03-03 23:00:00,86650.96000000,86808.00000000,86000.00000000,86220.61000000,1138.91356000
2025-03-04 00:00:00,86221.16000000,86807.98000000,85880.00000000,86046.43000000,1487.09374000
2025-03-04 01:00:00,86046.43000000,86196.00000000,82641.51000000,83380.55000000,5790.28933000
2025-03-04 02:00:00,83380.72000000,84413.62000000,82464.84000000,83936.41000000,4168.58785000
2025-03-04 03:00:00,83936.41000000,84465.48000000,83602.81000000,83983.72000000,1821.83781000
2025-03-04 04:00:00,83983.73000000,84037.74000000,83315.90000000,83416.95000000,1308.62514000
2025-03-04 05:00:00,83416.95000000,84581.60000000,83354.27000000,84273.99000000,1392.08932000
2025-03-04 06:00:00,84274.00000000,84411.76000000,83584.90000000,83883.58000000,854.00368000
2025-03-04 07:00:00,83884.06000000,84024.00000000,83140.00000000,83186.40000000,1401.07810000
2025-03-04 08:00:00,83186.40000000,83934.51000000,83040.29000000,83893.09000000,1496.65224000
2025-03-04 09:00:00,83893.09000000,84181.53000000,83642.01000000,83748.00000000,990.95954000
2025-03-04 10:00:00,83748.00000000,84067.02000000,83492.02000000,83971.93000000,845.80624000
2025-03-04 11:00:00,83971.93000000,84373.84000000,83698.11000000,83937.94000000,1132.88002000
2025-03-04 12:00:00,83937.93000000,83979.66000000,83248.66000000,83763.73000000,1007.91883000
2025-03-04 13:00:00,83763.73000000,83764.56000000,82300.00000000,82804.00000000,2427.20219000
2025-03-04 14:00:00,82804.00000000,84977.65000000,82062.06000000,83201.41000000,6008.25724000
2025-03-04 15:00:00,83201.40000000,83373.42000000,81500.00000000,82985.06000000,4824.82043000
2025-03-04 16:00:00,82985.05000000,83825.72000000,82013.11000000,83555.37000000,2320.23524000
2025-03-04 17:00:00,83555.50000000,85529.80000000,83406.37000000,85443.89000000,2938.55269000
2025-03-04 18:00:00,85443.88000000,86927.68000000,85148.68000000,86764.24000000,2506.83663000
2025-03-04 19:00:00,86764.25000000,88487.91000000,86537.71000000,88206.19000000,4362.43625000
2025-03-04 20:00:00,88206.19000000,88840.03000000,86692.90000000,86825.27000000,2560.35950000
2025-03-04 21:00:00,86825.27000000,88967.52000000,86582.27000000,87517.49000000,2669.37298000
2025-03-04 22:00:00,87517.49000000,87969.77000000,87416.00000000,87486.00000000,666.89699000
2025-03-04 23:00:00,87485.99000000,87747.30000000,87088.96000000,87281.98000000,626.31508000
2025-03-05 00:00:00,87281.98000000,87281.98000000,86334.53000000,86800.36000000,1522.96488000
2025-03-05 01:00:00,86800.36000000,87794.52000000,86603.78000000,87643.11000000,1122.00439000
2025-03-05 02:00:00,87643.11000000,87888.88000000,87029.56000000,87466.55000000,1118.23188000
2025-03-05 03:00:00,87466.55000000,87888.00000000,86777.00000000,86843.40000000,1006.57606000
2025-03-05 04:00:00,86843.40000000,87398.00000000,86722.81000000,86915.94000000,1897.85746000
2025-03-05 05:00:00,86915.93000000,87245.00000000,86848.46000000,87145.98000000,684.96672000
2025-03-05 06:00:00,87145.99000000,87588.60000000,87000.00000000,87490.12000000,549.24596000
2025-03-05 07:00:00,87490.13000000,87727.27000000,87360.10000000,87619.49000000,751.77648000
2025-03-05 08:00:00,87619.49000000,87924.68000000,87600.00000000,87760.00000000,607.65237000
2025-03-05 09:00:00,87760.00000000,88829.68000000,87673.04000000,88469.01000000,1438.43365000
2025-03-05 10:00:00,88469.00000000,90660.00000000,88363.13000000,89926.07000000,3368.49428000
2025-03-05 11:00:00,89926.07000000,90127.00000000,89564.00000000,89814.26000000,1336.71799000
2025-03-05 12:00:00,89814.26000000,90933.82000000,89814.26000000,90355.97000000,2250.85661000
2025-03-05 13:00:00,90355.97000000,90588.00000000,89103.52000000,89473.92000000,3234.22601000
2025-03-05 14:00:00,89473.92000000,89839.01000000,88157.25000000,88519.93000000,3303.02094000
2025-03-05 15:00:00,88519.94000000,89550.72000000,87926.06000000,88344.25000000,3436.16876000
2025-03-05 16:00:00,88344.25000000,89480.00000000,87600.00000000,88926.53000000,3228.25926000
2025-03-05 17:00:00,88927.14000000,90475.30000000,88785.63000000,89687.99000000,2097.96445000
2025-03-05 18:00:00,89687.99000000,89943.40000000,88881.66000000,89712.00000000,1534.43714000
2025-03-05 19:00:00,89712.01000000,90152.00000000,89472.26000000,89750.00000000,895.33123000
2025-03-05 20:00:00,89750.00000000,90555.00000000,89677.80000000,90499.64000000,910.19826000
2025-03-05 21:00:00,90499.64000000,90700.00000000,89932.13000000,90377.54000000,650.85875000
2025-03-05 22:00:00,90377.27000000,90536.91000000,90026.96000000,90449.46000000,542.42499000
2025-03-05 23:00:00,90449.47000000,91000.00000000,90296.04000000,90606.01000000,775.34311000
2025-03-06 00:00:00,90606.00000000,90815.31000000,89986.73000000,90046.34000000,842.00257000
2025-03-06 01:00:00,90046.35000000,91903.01000000,90046.35000000,91057.19000000,1922.33779000
2025-03-06 02:00:00,91057.20000000,92000.00000000,90999.77000000,91812.00000000,1603.59852000
2025-03-06 03:00:00,91811.99000000,92025.00000000,91405.76000000,91605.01000000,970.85739000
2025-03-06 04:00:00,91605.02000000,92454.44000000,91526.36000000,92287.45000000,1011.95626000
2025-03-06 05:00:00,92287.45000000,92810.64000000,92124.00000000,92737.98000000,1140.44077000
2025-03-06 06:00:00,92737.99000000,92769.26000000,91784.35000000,91916.00000000,1461.30795000
2025-03-06 07:00:00,91916.01000000,91993.83000000,91265.96000000,91346.48000000,878.69496000
2025-03-06 08:00:00,91346.49000000,91590.99000000,91121.34000000,91156.08000000,1002.72035000
2025-03-06 09:00:00,91156.08000000,91176.00000000,90613.17000000,90752.14000000,1048.44799000
2025-03-06 10:00:00,90752.14000000,91667.50000000,90613.37000000,91290.88000000,1054.01322000
2025-03-06 11:00:00,91290.89000000,91606.53000000,91003.71000000,91350.00000000,789.74756000
2025-03-06 12:00:00,91350.00000000,91399.01000000,89829.02000000,90102.02000000,1644.55126000
2025-03-06 13:00:00,90102.02000000,90471.02000000,89450.06000000,89569.13000000,1518.79331000
2025-03-06 14:00:00,89569.13000000,90387.37000000,89117.68000000,89803.99000000,2999.48127000
2025-03-06 15:00:00,89803.99000000,91457.03000000,89631.91000000,90820.69000000,2271.16246000
2025-03-06 16:00:00,90820.69000000,91066.44000000,89220.00000000,89316.02000000,1916.09183000
2025-03-06 17:00:00,89316.03000000,89360.80000000,88007.19000000,88628.01000000,2520.88804000
2025-03-06 18:00:00,88628.00000000,88965.18000000,88140.07000000,88428.41000000,1182.11830000
2025-03-06 19:00:00,88428.41000000,89395.83000000,87836.00000000,88526.18000000,1528.60773000
2025-03-06 20:00:00,88526.23000000,89370.46000000,88461.22000000,89045.44000000,1217.70980000
2025-03-06 21:00:00,89047.25000000,89940.00000000,88971.09000000,89939.00000000,1000.11785000
2025-03-06 22:00:00,89939.19000000,90781.20000000,89515.13000000,90313.66000000,1969.31411000
2025-03-06 23:00:00,90313.66000000,90571.78000000,89889.24000000,89931.89000000,847.48773000
2025-03-07 00:00:00,89931.88000000,91283.02000000,84667.03000000,85529.22000000,9907.82883000
2025-03-07 01:00:00,85529.23000000,88983.80000000,85200.00000000,88263.85000000,5350.69975000
2025-03-07 02:00:00,88263.84000000,88460.00000000,87235.00000000,87235.00000000,2042.75158000
2025-03-07 03:00:00,87235.01000000,87694.00000000,86778.57000000,86991.25000000,1392.05525000
2025-03-07 04:00:00,86991.26000000,87885.65000000,86857.14000000,87636.41000000,973.84984000
2025-03-07 05:00:00,87636.41000000,88450.00000000,87587.34000000,88221.21000000,1066.61425000
2025-03-07 06:00:00,88221.21000000,88357.52000000,87801.47000000,88208.23000000,1036.79142000
2025-03-07 07:00:00,88208.23000000,88612.96000000,88100.36000000,88365.18000000,873.47903000
2025-03-07 08:00:00,88365.19000000,88486.65000000,87985.30000000,88365.78000000,731.44291000
2025-03-07 09:00:00,88365.77000000,89704.00000000,88357.55000000,88933.70000000,1315.00452000
2025-03-07 10:00:00,88933.71000000,89285.27000000,88740.73000000,89263.40000000,627.13976000
2025-03-07 11:00:00,89263.41000000,89452.00000000,88821.97000000,88966.96000000,695.28880000
2025-03-07 12:00:00,88966.96000000,89320.98000000,88292.46000000,89051.13000000,1390.78884000
2025-03-07 13:00:00,89050.76000000,90346.13000000,88977.94000000,89135.98000000,3156.31229000
2025-03-07 14:00:00,89135.99000000,91100.00000000,88655.34000000,90440.74000000,3357.70486000
2025-03-07 15:00:00,90440.74000000,90787.53000000,88022.47000000,88457.99000000,4428.55225000
2025-03-07 16:00:00,88457.99000000,88983.33000000,86623.43000000,87237.37000000,4416.63143000
2025-03-07 17:00:00,87237.36000000,88636.36000000,86554.77000000,87685.99000000,3478.29411000
2025-03-07 18:00:00,87685.99000000,89023.41000000,87507.35000000,88589.33000000,1975.64801000
2025-03-07 19:00:00,88589.33000000,88911.51000000,87315.94000000,87820.10000000,1543.74974000
2025-03-07 20:00:00,87820.09000000,88511.00000000,86544.27000000,86987.72000000,2594.08291000
2025-03-07 21:00:00,86986.73000000,87373.13000000,85573.07000000,86314.63000000,3337.15538000
2025-03-07 22:00:00,86314.64000000,86845.67000000,85600.37000000,86745.15000000,1305.83593000
2025-03-07 23:00:00,86745.14000000,86836.00000000,85976.00000000,86801.75000000,982.65544000
2025-03-08 00:00:00,86801.74000000,86897.25000000,86538.59000000,86726.80000000,774.07981000
2025-03-08 01:00:00,86726.79000000,86761.50000000,85218.47000000,86105.99000000,1381.62062000
2025-03-08 02:00:00,86105.99000000,86341.13000000,85943.25000000,86180.19000000,717.50376000
2025-03-08 03:00:00,86180.19000000,86183.83000000,85456.00000000,85919.12000000,557.03426000
2025-03-08 04:00:00,85919.12000000,86500.00000000,85653.66000000,86444.53000000,642.75837000
2025-03-08 05:00:00,86444.52000000,86462.70000000,86019.11000000,86279.12000000,302.64705000
2025-03-08 06:00:00,86279.13000000,86662.00000000,86270.00000000,86465.00000000,565.67980000
2025-03-08 07:00:00,86464.99000000,86535.18000000,86106.37000000,86197.14000000,460.04445000
2025-03-08 08:00:00,86197.14000000,86326.26000000,86040.01000000,86071.57000000,448.83906000
2025-03-08 09:00:00,86071.57000000,86450.01000000,85828.20000000,85943.28000000,494.55943000
2025-03-08 10:00:00,85943.29000000,86264.00000000,85943.28000000,86123.19000000,371.08485000
2025-03-08 11:00:00,86123.20000000,86132.78000000,85762.72000000,85955.88000000,460.84829000
2025-03-08 12:00:00,85955.89000000,86411.17000000,85808.82000000,86209.72000000,649.57361000
2025-03-08 13:00:00,86209.72000000,86537.84000000,86128.72000000,86327.96000000,826.86145000
2025-03-08 14:00:00,86327.96000000,86626.32000000,86205.33000000,86361.69000000,503.84305000
2025-03-08 15:00:00,86361.68000000,86627.51000000,86200.00000000,86400.00000000,466.88681000
2025-03-08 16:00:00,86400.00000000,86450.97000000,85818.70000000,86148.09000000,581.90760000
2025-03-08 17:00:00,86148.10000000,86155.89000000,85661.76000000,85943.08000000,836.73089000
2025-03-08 18:00:00,85943.07000000,86084.45000000,85869.44000000,86044.02000000,215.55897000
2025-03-08 19:00:00,86044.02000000,86500.00000000,85800.00000000,86233.52000000,587.19603000
2025-03-08 20:00:00,86233.52000000,86368.59000000,86185.00000000,86281.39000000,192.87450000
2025-03-08 21:00:00,86281.40000000,86500.00000000,86200.00000000,86228.16000000,219.78668000
2025-03-08 22:00:00,86228.17000000,86382.58000000,85852.12000000,86350.00000000,400.87514000
2025-03-08 23:00:00,86350.01000000,86400.00000000,86066.17000000,86222.45000000,330.43606000
2025-03-09 00:00:00,86222.46000000,86463.00000000,86116.60000000,86416.12000000,350.50278000
2025-03-09 01:00:00,86416.11000000,86500.00000000,86098.33000000,86198.39000000,257.53715000
2025-03-09 02:00:00,86198.39000000,86276.42000000,86001.48000000,86003.33000000,283.22646000
2025-03-09 03:00:00,86003.32000000,86217.45000000,85939.85000000,86115.71000000,332.21281000
2025-03-09 04:00:00,86115.71000000,86125.27000000,85942.00000000,86053.74000000,291.30421000
2025-03-09 05:00:00,86053.74000000,86158.83000000,85976.02000000,86034.01000000,217.69929000
2025-03-09 06:00:00,86034.00000000,86048.00000000,85809.48000000,85910.00000000,409.14686000
2025-03-09 07:00:00,85910.00000000,86156.17000000,85846.91000000,86004.61000000,457.17501000
2025-03-09 08:00:00,86004.61000000,86098.00000000,85777.00000000,85792.00000000,297.44422000
2025-03-09 09:00:00,85792.00000000,85891.64000000,85382.39000000,85564.00000000,471.15347000
2025-03-09 10:00:00,85564.00000000,85620.00000000,84708.01000000,84844.10000000,1265.34082000
2025-03-09 11:00:00,84844.11000000,85098.38000000,84625.01000000,85024.01000000,949.54327000
2025-03-09 12:00:00,85024.00000000,85058.34000000,84240.36000000,84599.99000000,1390.32594000
2025-03-09 13:00:00,84600.00000000,84700.00000000,83483.13000000,83489.95000000,1412.09732000
2025-03-09 14:00:00,83489.96000000,83817.25000000,83000.00000000,83602.57000000,1909.96106000
2025-03-09 15:00:00,83602.58000000,83768.34000000,82711.50000000,83080.41000000,2011.81321000
2025-03-09 16:00:00,83080.40000000,83758.22000000,82327.59000000,82496.01000000,2326.08392000
2025-03-09 17:00:00,82496.01000000,82944.00000000,82223.00000000,82366.00000000,1427.44276000
2025-03-09 18:00:00,82365.99000000,83340.58000000,82264.00000000,82670.00000000,1491.41884000
2025-03-09 19:00:00,82670.00000000,82988.11000000,82336.36000000,82640.86000000,1010.21232000
2025-03-09 20:00:00,82640.86000000,83539.66000000,82615.38000000,83083.15000000,858.57068000
2025-03-09 21:00:00,83083.16000000,83090.02000000,81555.00000000,81845.11000000,1681.29860000
2025-03-09 22:00:00,81845.12000000,82066.23000000,80202.53000000,80358.19000000,2498.36258000
2025-03-09 23:00:00,80358.18000000,81042.41000000,80000.00000000,80734.37000000,2515.51987000
2025-03-10 00:00:00,80734.48000000,81500.00000000,80037.62000000,81292.00000000,2119.91701000
2025-03-10 01:00:00,81292.01000000,81888.00000000,80802.59000000,81766.01000000,1700.61474000
2025-03-10 02:00:00,81766.01000000,82744.00000000,81526.25000000,82198.12000000,1747.39590000
2025-03-10 03:00:00,82198.12000000,82333.37000000,81791.82000000,82047.49000000,1063.09038000
2025-03-10 04:00:00,82047.49000000,82659.14000000,82004.00000000,82634.05000000,647.00669000
2025-03-10 05:00:00,82634.05000000,82797.95000000,82124.35000000,82308.52000000,761.63193000
2025-03-10 06:00:00,82308.51000000,82425.71000000,81977.27000000,82332.67000000,718.31521000
2025-03-10 07:00:00,82333.81000000,82687.50000000,82048.44000000,82318.77000000,735.02286000
2025-03-10 08:00:00,82318.78000000,82391.75000000,81151.00000000,81350.46000000,1240.84016000
2025-03-10 09:00:00,81350.46000000,84123.46000000,81325.32000000,82514.26000000,3135.77870000
2025-03-10 10:00:00,82514.27000000,82683.99000000,81630.59000000,82288.19000000,960.18393000
2025-03-10 11:00:00,82288.19000000,83826.02000000,82065.73000000,83582.00000000,1355.26923000
2025-03-10 12:00:00,83582.00000000,83771.94000000,82634.16000000,83248.12000000,1804.51434000
2025-03-10 13:00:00,83248.12000000,83313.99000000,81423.51000000,81528.94000000,2151.30539000
2025-03-10 14:00:00,81528.93000000,81528.93000000,79177.03000000,79847.08000000,6049.79262000
2025-03-10 15:00:00,79847.09000000,81118.32000000,79570.57000000,80043.85000000,2855.95678000
2025-03-10 16:00:00,80043.84000000,80250.00000000,78992.10000000,79009.98000000,2435.72646000
2025-03-10 17:00:00,79009.01000000,79327.98000000,78202.00000000,78459.91000000,4021.36721000
2025-03-10 18:00:00,78459.90000000,79147.05000000,77501.10000000,77655.26000000,3305.83539000
2025-03-10 19:00:00,77655.25000000,79533.57000000,77459.91000000,79060.84000000,3706.69015000
2025-03-10 20:00:00,79060.84000000,79729.73000000,78409.40000000,79304.98000000,1749.77269000
2025-03-10 21:00:00,79304.97000000,79886.03000000,78959.90000000,79565.81000000,1079.83363000
2025-03-10 22:00:00,79566.86000000,79845.42000000,79200.00000000,79502.36000000,890.45364000
2025-03-10 23:00:00,79502.36000000,79708.00000000,78449.98000000,78595.86000000,1397.06901000
2025-03-11 00:00:00,78595.86000000,79235.77000000,76606.00000000,77673.60000000,5219.87886000
2025-03-11 01:00:00,77673.60000000,79130.93000000,76816.52000000,79130.66000000,3194.38716000
2025-03-11 02:00:00,79130.65000000,79650.00000000,78938.00000000,79354.53000000,1754.34261000
2025-03-11 03:00:00,79354.54000000,79938.27000000,79279.90000000,79522.29000000,953.63506000
2025-03-11 04:00:00,79522.29000000,80245.26000000,79439.90000000,79759.91000000,1261.68280000
2025-03-11 05:00:00,79759.91000000,80457.00000000,79719.87000000,80261.78000000,1400.52299000
2025-03-11 06:00:00,80261.78000000,80547.79000000,80091.18000000,80099.33000000,727.41838000
2025-03-11 07:00:00,80099.32000000,80614.89000000,80088.00000000,80424.95000000,1177.73486000
2025-03-11 08:00:00,80424.94000000,81525.62000000,80325.22000000,81131.16000000,2032.15403000
2025-03-11 09:00:00,81131.15000000,81900.05000000,81129.98000000,81460.39000000,1344.56881000
2025-03-11 10:00:00,81460.38000000,81886.31000000,81269.85000000,81808.26000000,1037.52973000
2025-03-11 11:00:00,81808.25000000,82092.34000000,81400.00000000,81720.34000000,1184.00715000
2025-03-11 12:00:00,81720.33000000,81909.69000000,81017.00000000,81225.50000000,1849.73630000
2025-03-11 13:00:00,81225.49000000,82225.21000000,80536.33000000,80898.49000000,4637.72925000
2025-03-11 14:00:00,80898.50000000,81374.92000000,79058.00000000,79773.04000000,6591.00781000
2025-03-11 15:00:00,79773.05000000,81666.00000000,79653.69000000,81232.24000000,3555.27893000
2025-03-11 16:00:00,81232.23000000,81900.00000000,80609.96000000,81386.80000000,2212.88519000
2025-03-11 17:00:00,81386.79000000,81727.27000000,80777.75000000,81305.57000000,1542.25683000
2025-03-11 18:00:00,81305.58000000,83470.01000000,81288.61000000,83280.94000000,2780.96936000
2025-03-11 19:00:00,83280.95000000,83617.40000000,82846.31000000,83104.01000000,1549.39261000
2025-03-11 20:00:00,83104.01000000,83170.38000000,82586.84000000,82799.68000000,845.30440000
2025-03-11 21:00:00,82799.68000000,83265.38000000,82799.67000000,83110.72000000,576.90124000
2025-03-11 22:00:00,83110.71000000,83306.87000000,82981.30000000,83133.48000000,560.56990000
2025-03-11 23:00:00,83133.48000000,83185.00000000,82550.52000000,82932.99000000,780.17427000
2025-03-12 00:00:00,82932.99000000,83142.11000000,82604.95000000,82765.52000000,658.58485000
2025-03-12 01:00:00,82765.52000000,83783.26000000,82752.58000000,83313.60000000,1260.16624000
2025-03-12 02:00:00,83313.60000000,83330.04000000,82217.01000000,82430.79000000,1790.05082000
2025-03-12 03:00:00,82430.80000000,82620.01000000,82100.61000000,82127.72000000,1003.13679000
2025-03-12 04:00:00,82127.73000000,82180.00000000,81617.76000000,81811.05000000,1145.12345000
2025-03-12 05:00:00,81811.05000000,82048.93000000,81617.00000000,81987.43000000,734.00302000
2025-03-12 06:00:00,81987.44000000,81987.44000000,81296.00000000,81425.98000000,774.02218000
2025-03-12 07:00:00,81425.97000000,82541.47000000,81332.66000000,82447.79000000,1412.35169000
2025-03-12 08:00:00,82447.78000000,82841.82000000,82000.29000000,82689.67000000,1582.29339000
2025-03-12 09:00:00,82689.66000000,82933.32000000,82228.09000000,82680.06000000,1177.88498000
2025-03-12 10:00:00,82680.06000000,82771.05000000,82106.09000000,82492.67000000,1102.97753000
2025-03-12 11:00:00,82492.67000000,83076.79000000,82430.01000000,83004.45000000,1011.46578000
2025-03-12 12:00:00,83004.45000000,84539.85000000,82873.20000000,84069.00000000,3646.97894000
2025-03-12 13:00:00,84069.01000000,84217.12000000,82357.44000000,82686.27000000,3372.60984000
2025-03-12 14:00:00,82686.26000000,82920.35000000,81528.58000000,81535.72000000,2050.67834000
2025-03-12 15:00:00,81535.72000000,82013.40000000,80607.65000000,81738.97000000,2743.33871000
2025-03-12 16:00:00,81738.97000000,82287.52000000,81626.64000000,81970.76000000,1321.98489000
2025-03-12 17:00:00,81970.77000000,82884.51000000,81780.01000000,81844.41000000,1198.71111000
2025-03-12 18:00:00,81844.41000000,82803.76000000,81723.00000000,82628.68000000,844.66253000
2025-03-12 19:00:00,82628.67000000,83165.46000000,82487.85000000,82915.93000000,850.15300000
2025-03-12 20:00:00,82915.94000000,83189.23000000,82709.36000000,83124.95000000,576.74871000
2025-03-12 21:00:00,83124.95000000,83321.51000000,82852.29000000,83093.69000000,387.93382000
2025-03-12 22:00:00,83093.69000000,83693.00000000,83087.40000000,83651.15000000,607.96587000
2025-03-12 23:00:00,83651.15000000,83887.26000000,83409.09000000,83680.12000000,680.15952000
2025-03-13 00:00:00,83680.12000000,84000.00000000,83438.67000000,83444.88000000,1194.25124000
2025-03-13 01:00:00,83444.89000000,84222.00000000,83312.92000000,83919.68000000,950.45575000
2025-03-13 02:00:00,83919.69000000,84336.33000000,83743.14000000,83785.58000000,902.34187000
2025-03-13 03:00:00,83785.59000000,84199.54000000,83542.53000000,83577.14000000,720.43836000
2025-03-13 04:00:00,83577.14000000,83709.03000000,83201.91000000,83286.63000000,739.22902000
2025-03-13 05:00:00,83286.63000000,83540.83000000,83077.00000000,83157.16000000,747.63636000
2025-03-13 06:00:00,83157.16000000,83329.42000000,82851.00000000,83292.60000000,814.14759000
2025-03-13 07:00:00,83292.60000000,83559.06000000,83127.98000000,83151.99000000,783.38238000
2025-03-13 08:00:00,83152.00000000,83262.58000000,82400.04000000,82973.35000000,822.40169000
2025-03-13 09:00:00,82973.34000000,83522.61000000,82969.79000000,83426.87000000,964.97054000
2025-03-13 10:00:00,83426.87000000,83488.43000000,83001.00000000,83191.67000000,754.49967000
2025-03-13 11:00:00,83191.67000000,83229.42000000,82708.29000000,82975.86000000,657.69577000
2025-03-13 12:00:00,82975.86000000,83900.00000000,82286.00000000,82517.99000000,1673.24224000
2025-03-13 13:00:00,82518.00000000,83111.64000000,81600.00000000,81777.15000000,2056.53095000
2025-03-13 14:00:00,81777.15000000,82524.46000000,81546.52000000,82009.50000000,1725.43591000
2025-03-13 15:00:00,82009.51000000,82193.66000000,80954.29000000,81044.72000000,2175.89338000
2025-03-13 16:00:00,81044.72000000,81264.73000000,80666.00000000,80876.36000000,1686.93991000
2025-03-13 17:00:00,80876.36000000,80893.02000000,79939.90000000,80064.00000000,2988.91877000
2025-03-13 18:00:00,80063.99000000,80957.84000000,79996.65000000,80820.05000000,1638.17538000
2025-03-13 19:00:00,80820.05000000,81031.81000000,80137.47000000,80211.40000000,1081.83567000
2025-03-13 20:00:00,80210.40000000,80735.83000000,80189.89000000,80379.05000000,770.63142000
2025-03-13 21:00:00,80379.05000000,80882.65000000,80280.66000000,80819.99000000,713.67943000
2025-03-13 22:00:00,80819.99000000,81400.00000000,80730.48000000,81395.54000000,550.15428000
2025-03-13 23:00:00,81395.54000000,81484.23000000,81046.57000000,81115.78000000,433.38654000
2025-03-14 00:00:00,81115.78000000,81694.41000000,80818.84000000,81503.31000000,721.32303000
2025-03-14 01:00:00,81503.31000000,81876.17000000,81206.04000000,81603.08000000,506.51801000
2025-03-14 02:00:00,81603.07000000,82270.51000000,81588.51000000,82226.98000000,714.90216000
2025-03-14 03:00:00,82226.98000000,82247.70000000,81708.96000000,81888.77000000,803.86317000
2025-03-14 04:00:00,81888.77000000,82040.00000000,81841.99000000,81948.16000000,371.30991000
2025-03-14 05:00:00,81948.17000000,82218.03000000,81820.22000000,82141.96000000,622.41868000
2025-03-14 06:00:00,82141.96000000,82191.22000000,81780.08000000,82038.09000000,405.28499000
2025-03-14 07:00:00,82038.09000000,82454.50000000,81895.95000000,82170.85000000,622.58387000
2025-03-14 08:00:00,82170.84000000,82647.21000000,82170.84000000,82593.44000000,641.79384000
2025-03-14 09:00:00,82593.45000000,82940.34000000,82569.31000000,82776.50000000,710.88441000
2025-03-14 10:00:00,82776.51000000,83300.01000000,82672.29000000,83042.22000000,1268.05152000
2025-03-14 11:00:00,83042.21000000,83348.46000000,82975.33000000,83253.15000000,719.70825000
2025-03-14 12:00:00,83253.15000000,83526.96000000,83052.41000000,83420.87000000,921.32806000
2025-03-14 13:00:00,83420.87000000,83888.00000000,83040.83000000,83602.16000000,1846.65606000
2025-03-14 14:00:00,83602.15000000,83602.15000000,82640.59000000,83524.80000000,3070.46253000
2025-03-14 15:00:00,83524.80000000,85309.71000000,83524.80000000,84724.58000000,5578.42625000
2025-03-14 16:00:00,84724.58000000,84950.00000000,83949.19000000,84787.37000000,2261.19233000
2025-03-14 17:00:00,84787.37000000,84838.00000000,84194.01000000,84365.18000000,861.11789000
2025-03-14 18:00:00,84365.18000000,84726.42000000,84203.66000000,84570.54000000,803.03307000
2025-03-14 19:00:00,84570.54000000,84929.45000000,84458.44000000,84554.00000000,737.19220000
2025-03-14 20:00:00,84554.00000000,84554.01000000,83717.69000000,84127.20000000,1000.57350000
2025-03-14 21:00:00,84127.21000000,84299.70000000,83953.57000000,84205.79000000,383.76632000
2025-03-14 22:00:00,84205.79000000,84512.05000000,84105.73000000,84438.06000000,849.70705000
2025-03-14 23:00:00,84438.07000000,84445.20000000,83950.06000000,83983.20000000,436.43045000
2025-03-15 00:00:00,83983.19000000,84351.88000000,83964.57000000,84297.14000000,404.85017000
2025-03-15 01:00:00,84297.13000000,84583.04000000,84107.27000000,84353.85000000,433.04240000
2025-03-15 02:00:00,84353.85000000,84632.08000000,84160.37000000,84557.95000000,452.46432000
2025-03-15 03:00:00,84557.96000000,84676.28000000,84418.38000000,84491.99000000,510.72249000
2025-03-15 04:00:00,84492.00000000,84559.00000000,84300.04000000,84456.57000000,295.90084000
2025-03-15 05:00:00,84456.58000000,84478.03000000,84266.25000000,84266.26000000,264.13452000
2025-03-15 06:00:00,84266.26000000,84308.16000000,84160.37000000,84183.28000000,311.33661000
2025-03-15 07:00:00,84183.28000000,84192.21000000,83791.09000000,83827.31000000,916.14417000
2025-03-15 08:00:00,83827.32000000,84032.90000000,83618.00000000,83891.36000000,779.80417000
2025-03-15 09:00:00,83891.37000000,83975.22000000,83710.32000000,83966.95000000,949.50063000
2025-03-15 10:00:00,83966.95000000,83994.11000000,83667.23000000,83912.19000000,385.90322000
2025-03-15 11:00:00,83912.19000000,84184.58000000,83842.95000000,84103.74000000,436.48745000
2025-03-15 12:00:00,84103.74000000,84272.19000000,84010.58000000,84136.53000000,638.42673000
2025-03-15 13:00:00,84136.53000000,84499.74000000,84132.08000000,84460.00000000,810.25080000
2025-03-15 14:00:00,84459.99000000,84459.99000000,84106.83000000,84131.75000000,859.80380000
2025-03-15 15:00:00,84131.75000000,84408.60000000,84131.75000000,84346.02000000,487.41953000
2025-03-15 16:00:00,84346.03000000,84498.72000000,84196.00000000,84362.91000000,680.60018000
2025-03-15 17:00:00,84362.90000000,84495.43000000,84277.66000000,84422.25000000,392.01683000
2025-03-15 18:00:00,84422.25000000,84476.46000000,84125.01000000,84223.29000000,284.29156000
2025-03-15 19:00:00,84223.28000000,84320.49000000,84076.92000000,84299.98000000,324.78211000
2025-03-15 20:00:00,84299.99000000,84450.00000000,84299.98000000,84389.31000000,174.96258000
2025-03-15 21:00:00,84389.31000000,84467.70000000,84237.58000000,84388.73000000,199.25715000
2025-03-15 22:00:00,84388.73000000,84450.10000000,84322.82000000,84382.65000000,161.41378000
2025-03-15 23:00:00,84382.65000000,84411.69000000,84268.40000000,84338.44000000,171.21716000
2025-03-16 00:00:00,84338.44000000,84391.06000000,84213.03000000,84253.52000000,183.74346000
2025-03-16 01:00:00,84253.53000000,84277.03000000,83840.00000000,83869.31000000,457.47235000
2025-03-16 02:00:00,83869.32000000,84130.39000000,83733.86000000,83966.05000000,320.67384000
2025-03-16 03:00:00,83966.05000000,84393.72000000,83906.26000000,84332.34000000,252.10048000
2025-03-16 04:00:00,84332.35000000,84418.00000000,84245.98000000,84408.97000000,266.06424000
2025-03-16 05:00:00,84408.97000000,84411.85000000,84305.95000000,84395.31000000,207.70079000
2025-03-16 06:00:00,84395.31000000,84400.00000000,84228.00000000,84228.00000000,145.78217000
2025-03-16 07:00:00,84228.01000000,84373.64000000,83972.57000000,84273.96000000,345.16527000
2025-03-16 08:00:00,84273.95000000,84335.43000000,84162.83000000,84268.36000000,218.05774000
2025-03-16 09:00:00,84268.36000000,84271.03000000,83800.00000000,83897.02000000,456.91285000
2025-03-16 10:00:00,83897.02000000,84066.92000000,83649.04000000,83666.98000000,458.63630000
2025-03-16 11:00:00,83666.98000000,83691.61000000,82381.46000000,82410.02000000,1849.03880000
2025-03-16 12:00:00,82410.01000000,82931.41000000,82400.00000000,82755.89000000,1045.99634000
2025-03-16 13:00:00,82755.89000000,83151.81000000,82498.38000000,82596.10000000,1101.71905000
2025-03-16 14:00:00,82596.09000000,83385.97000000,82575.36000000,83373.16000000,862.87399000
2025-03-16 15:00:00,83373.15000000,83508.95000000,82981.14000000,83320.83000000,771.86427000
2025-03-16 16:00:00,83320.83000000,85117.04000000,83293.42000000,83634.53000000,3344.71639000
2025-03-16 17:00:00,83633.49000000,84118.56000000,83483.45000000,83913.22000000,905.46005000
2025-03-16 18:00:00,83913.22000000,84094.52000000,83633.14000000,83701.75000000,531.09149000
2025-03-16 19:00:00,83701.76000000,83727.28000000,82562.36000000,83098.47000000,1100.67190000
2025-03-16 20:00:00,83098.47000000,83453.01000000,82910.77000000,83216.98000000,547.08888000
2025-03-16 21:00:00,83216.99000000,83224.31000000,82688.82000000,82766.52000000,482.34007000
2025-03-16 22:00:00,82766.51000000,82846.00000000,82090.70000000,82093.71000000,911.28605000
2025-03-16 23:00:00,82093.72000000,82632.00000000,81981.12000000,82574.53000000,829.66854000
2025-03-17 00:00:00,82574.52000000,83156.50000000,82523.00000000,83054.91000000,514.41819000
2025-03-17 01:00:00,83054.90000000,83400.00000000,82825.55000000,83233.80000000,552.38898000
2025-03-17 02:00:00,83233.80000000,83375.35000000,82981.68000000,83212.51000000,364.65635000
2025-03-17 03:00:00,83212.51000000,83725.39000000,83212.50000000,83675.65000000,708.95371000
2025-03-17 04:00:00,83675.64000000,83869.77000000,83522.00000000,83615.53000000,468.72749000
2025-03-17 05:00:00,83615.53000000,83615.53000000,83120.00000000,83120.00000000,603.93675000
2025-03-17 06:00:00,83120.01000000,83295.07000000,82682.62000000,83220.91000000,642.44701000
2025-03-17 07:00:00,83220.91000000,83636.36000000,83212.83000000,83567.87000000,721.46174000
2025-03-17 08:00:00,83567.88000000,83719.39000000,83221.18000000,83547.17000000,511.92445000
2025-03-17 09:00:00,83547.16000000,83783.02000000,83431.09000000,83664.31000000,550.97551000
2025-03-17 10:00:00,83664.31000000,83687.17000000,83260.04000000,83344.34000000,424.06115000
2025-03-17 11:00:00,83344.34000000,83699.00000000,83220.11000000,83514.73000000,417.30684000
2025-03-17 12:00:00,83514.73000000,84000.00000000,83002.01000000,83052.00000000,1602.93914000
2025-03-17 13:00:00,83052.01000000,83735.84000000,82808.52000000,83023.38000000,1353.72595000
2025-03-17 14:00:00,83023.37000000,83358.50000000,82456.00000000,82913.03000000,1546.82937000
2025-03-17 15:00:00,82913.03000000,83701.71000000,82706.58000000,83531.06000000,969.57355000
2025-03-17 16:00:00,83531.07000000,83878.90000000,83103.60000000,83448.86000000,972.11069000
2025-03-17 17:00:00,83448.86000000,84336.89000000,83358.49000000,84197.46000000,1045.92714000
2025-03-17 18:00:00,84197.46000000,84585.00000000,83983.74000000,84496.58000000,1090.21429000
2025-03-17 19:00:00,84496.57000000,84756.83000000,84311.07000000,84482.55000000,725.81983000
2025-03-17 20:00:00,84482.55000000,84506.80000000,83846.15000000,83954.36000000,506.33404000
2025-03-17 21:00:00,83954.36000000,84251.86000000,83883.87000000,84077.80000000,377.45641000
2025-03-17 22:00:00,84077.80000000,84249.99000000,84000.02000000,84061.19000000,218.83761000
2025-03-17 23:00:00,84061.19000000,84140.98000000,83746.12000000,84010.03000000,323.71739000
2025-03-18 00:00:00,84010.02000000,84021.74000000,83702.53000000,83790.24000000,280.13543000
2025-03-18 01:00:00,83790.24000000,83915.98000000,83015.39000000,83161.97000000,903.36529000
2025-03-18 02:00:00,83161.98000000,83532.61000000,83081.67000000,83367.64000000,445.46915000
2025-03-18 03:00:00,83367.65000000,83367.65000000,82960.00000000,83147.60000000,598.19056000
2025-03-18 04:00:00,83147.60000000,83205.77000000,82838.80000000,82989.11000000,621.00490000
2025-03-18 05:00:00,82989.11000000,83128.10000000,82895.57000000,83010.87000000,743.92420000
2025-03-18 06:00:00,83010.86000000,83019.40000000,82244.68000000,82450.01000000,1234.93820000
2025-03-18 07:00:00,82450.02000000,83280.00000000,82358.69000000,83163.81000000,1191.95624000
2025-03-18 08:00:00,83163.81000000,83452.30000000,83048.71000000,83281.29000000,526.74962000
2025-03-18 09:00:00,83281.29000000,83349.06000000,82780.00000000,82840.51000000,458.74305000
2025-03-18 10:00:00,82840.50000000,82942.10000000,82596.85000000,82819.65000000,479.85282000
2025-03-18 11:00:00,82819.65000000,82861.76000000,82500.00000000,82581.10000000,394.26285000
2025-03-18 12:00:00,82581.09000000,82821.60000000,82330.38000000,82404.66000000,658.78879000
2025-03-18 13:00:00,82404.65000000,82480.47000000,81134.66000000,81366.64000000,2072.84164000
2025-03-18 14:00:00,81365.78000000,81978.86000000,81150.28000000,81854.71000000,1493.47462000
2025-03-18 15:00:00,81854.72000000,82212.93000000,81537.02000000,81610.21000000,1017.77265000
2025-03-18 16:00:00,81610.22000000,82160.49000000,81547.22000000,81851.51000000,678.82544000
2025-03-18 17:00:00,81851.52000000,81975.80000000,81332.58000000,81466.70000000,894.91848000
2025-03-18 18:00:00,81466.69000000,81950.80000000,81245.65000000,81889.38000000,568.60084000
2025-03-18 19:00:00,81889.38000000,82476.26000000,81762.45000000,82317.21000000,898.10914000
2025-03-18 20:00:00,82317.20000000,82353.80000000,81870.23000000,82050.00000000,438.19738000
2025-03-18 21:00:00,82050.00000000,82208.90000000,81934.76000000,82062.98000000,250.73575000
2025-03-18 22:00:00,82062.98000000,82566.35000000,82000.00000000,82395.74000000,392.05825000
2025-03-18 23:00:00,82395.74000000,82810.95000000,82395.74000000,82715.03000000,367.98354000
2025-03-19 00:00:00,82715.03000000,83280.00000000,82603.20000000,83118.00000000,948.61607000
2025-03-19 01:00:00,83118.00000000,83166.30000000,82582.00000000,82598.70000000,749.40105000
2025-03-19 02:00:00,82598.70000000,82900.00000000,82547.16000000,82868.91000000,424.72904000
2025-03-19 03:00:00,82868.91000000,83083.00000000,82740.94000000,83037.17000000,628.95132000
2025-03-19 04:00:00,83037.17000000,83078.46000000,82792.91000000,82952.87000000,399.46826000
2025-03-19 05:00:00,82952.88000000,83320.00000000,82910.72000000,83241.99000000,603.39392000
2025-03-19 06:00:00,83242.00000000,83322.81000000,83117.81000000,83200.00000000,354.68616000
2025-03-19 07:00:00,83200.00000000,83364.16000000,83039.99000000,83190.00000000,531.22582000
2025-03-19 08:00:00,83190.00000000,83500.00000000,83178.74000000,83413.01000000,651.99833000
2025-03-19 09:00:00,83413.01000000,83596.47000000,83360.16000000,83527.37000000,851.15994000
2025-03-19 10:00:00,83527.38000000,83800.00000000,83448.62000000,83467.41000000,859.93957000
2025-03-19 11:00:00,83467.41000000,84119.09000000,83381.97000000,83881.40000000,1193.46598000
2025-03-19 12:00:00,83881.40000000,83927.56000000,83510.21000000,83748.75000000,931.05539000
2025-03-19 13:00:00,83748.75000000,84343.56000000,83623.43000000,84092.16000000,1810.23924000
2025-03-19 14:00:00,84092.17000000,84389.71000000,83873.05000000,84318.59000000,1651.63215000
2025-03-19 15:00:00,84318.59000000,84888.00000000,84111.84000000,84733.05000000,1440.02090000
2025-03-19 16:00:00,84733.05000000,84826.29000000,84428.72000000,84574.01000000,1422.34293000
2025-03-19 17:00:00,84574.01000000,84705.56000000,83753.39000000,84230.97000000,1625.57252000
2025-03-19 18:00:00,84230.97000000,85870.01000000,83578.32000000,85612.25000000,4366.47391000
2025-03-19 19:00:00,85612.24000000,85950.00000000,84926.73000000,85433.38000000,2451.04868000
2025-03-19 20:00:00,85433.38000000,85854.99000000,85200.10000000,85353.99000000,1272.17922000
2025-03-19 21:00:00,85354.00000000,85914.71000000,85331.89000000,85635.99000000,480.21091000
2025-03-19 22:00:00,85636.00000000,86500.00000000,85635.99000000,86158.52000000,1291.15663000
2025-03-19 23:00:00,86158.52000000,87000.00000000,86158.52000000,86845.94000000,1212.08580000
2025-03-20 00:00:00,86845.93000000,87453.67000000,85942.16000000,86017.68000000,2268.33245000
2025-03-20 01:00:00,86017.68000000,86369.57000000,85733.11000000,85867.96000000,943.13783000
2025-03-20 02:00:00,85867.97000000,86121.87000000,85619.56000000,86065.51000000,664.59119000
2025-03-20 03:00:00,86065.51000000,86128.00000000,85818.77000000,85891.02000000,430.06208000
2025-03-20 04:00:00,85891.01000000,85930.39000000,85430.38000000,85684.78000000,557.66112000
2025-03-20 05:00:00,85684.78000000,85838.85000000,85468.75000000,85827.28000000,879.80074000
2025-03-20 06:00:00,85827.27000000,86013.05000000,85632.08000000,85759.28000000,537.82095000
2025-03-20 07:00:00,85759.29000000,86000.00000000,85695.86000000,85816.39000000,414.39218000
2025-03-20 08:00:00,85816.39000000,86300.00000000,85705.18000000,86241.05000000,580.18306000
2025-03-20 09:00:00,86241.06000000,86268.64000000,85795.53000000,85877.28000000,474.26737000
2025-03-20 10:00:00,85877.28000000,85943.74000000,84755.14000000,85173.78000000,1525.49548000
2025-03-20 11:00:00,85173.78000000,85514.15000000,85168.36000000,85502.17000000,469.16074000
2025-03-20 12:00:00,85502.16000000,85564.00000000,85207.99000000,85356.07000000,443.50635000
2025-03-20 13:00:00,85356.06000000,85870.00000000,85080.57000000,85513.81000000,1078.68485000
2025-03-20 14:00:00,85513.44000000,86532.04000000,85471.10000000,86171.86000000,1757.65291000
2025-03-20 15:00:00,86171.86000000,86219.05000000,84565.16000000,84691.76000000,2658.10530000
2025-03-20 16:00:00,84691.27000000,84908.00000000,83655.23000000,83802.01000000,2113.09312000
2025-03-20 17:00:00,83802.01000000,84366.52000000,83741.62000000,84093.43000000,1306.38278000
2025-03-20 18:00:00,84093.43000000,84344.00000000,83945.65000000,84060.53000000,640.18218000
2025-03-20 19:00:00,84060.53000000,84419.99000000,83922.00000000,84174.79000000,556.02857000
2025-03-20 20:00:00,84176.87000000,84609.21000000,84141.30000000,84530.10000000,484.79628000
2025-03-20 21:00:00,84530.09000000,84601.89000000,84250.67000000,84350.00000000,411.19854000
2025-03-20 22:00:00,84350.00000000,84500.00000000,83980.58000000,84141.31000000,494.26998000
2025-03-20 23:00:00,84141.30000000,84360.00000000,83922.01000000,84223.39000000,401.49858000
2025-03-21 00:00:00,84223.38000000,84535.27000000,84180.09000000,84507.07000000,382.39992000
2025-03-21 01:00:00,84507.08000000,84789.62000000,84371.37000000,84775.07000000,348.21253000
2025-03-21 02:00:00,84775.07000000,84850.33000000,84520.67000000,84685.40000000,336.72525000
2025-03-21 03:00:00,84685.39000000,84731.21000000,84270.25000000,84451.96000000,335.46598000
2025-03-21 04:00:00,84451.97000000,84798.93000000,84451.96000000,84662.74000000,337.33979000
2025-03-21 05:00:00,84662.75000000,84672.88000000,84336.95000000,84469.66000000,281.44277000
2025-03-21 06:00:00,84469.67000000,84476.31000000,84017.53000000,84200.00000000,776.05419000
2025-03-21 07:00:00,84200.00000000,84269.71000000,83700.47000000,83937.98000000,762.07705000
2025-03-21 08:00:00,83937.99000000,84156.00000000,83732.09000000,84022.32000000,431.88665000
2025-03-21 09:00:00,84022.31000000,84337.66000000,83801.89000000,84137.99000000,419.98348000
2025-03-21 10:00:00,84137.99000000,84286.63000000,83892.82000000,84164.17000000,320.85737000
2025-03-21 11:00:00,84164.18000000,84173.92000000,83941.92000000,84046.52000000,313.69765000
2025-03-21 12:00:00,84046.52000000,84358.51000000,83377.95000000,83467.98000000,925.01088000
2025-03-21 13:00:00,83467.98000000,84101.28000000,83175.25000000,83935.70000000,1163.35707000
2025-03-21 14:00:00,83935.71000000,84290.27000000,83509.31000000,84240.33000000,821.90289000
2025-03-21 15:00:00,84240.33000000,84271.74000000,83559.82000000,83565.48000000,563.57801000
2025-03-21 16:00:00,83565.47000000,84140.78000000,83379.00000000,84095.97000000,754.01133000
2025-03-21 17:00:00,84095.97000000,84148.97000000,83711.20000000,84024.11000000,435.76594000
2025-03-21 18:00:00,84024.12000000,84435.87000000,83905.49000000,84101.66000000,643.58473000
2025-03-21 19:00:00,84101.66000000,84199.29000000,83800.00000000,83956.36000000,396.26692000
2025-03-21 20:00:00,83956.35000000,84231.73000000,83813.21000000,84216.20000000,334.98292000
2025-03-21 21:00:00,84216.21000000,84584.00000000,84173.92000000,84394.00000000,415.26153000
2025-03-21 22:00:00,84394.01000000,84414.86000000,84100.82000000,84185.39000000,225.94187000
2025-03-21 23:00:00,84185.38000000,84226.26000000,84050.16000000,84088.79000000,231.16771000
2025-03-22 00:00:00,84088.79000000,84255.45000000,84043.47000000,84206.24000000,284.79547000
2025-03-22 01:00:00,84206.24000000,84338.98000000,83989.58000000,84075.48000000,280.44797000
2025-03-22 02:00:00,84075.48000000,84254.74000000,84019.64000000,84188.96000000,197.76333000
2025-03-22 03:00:00,84188.97000000,84296.02000000,84135.89000000,84256.74000000,243.93485000
2025-03-22 04:00:00,84256.73000000,84392.16000000,84210.00000000,84367.40000000,178.54541000
2025-03-22 05:00:00,84367.41000000,84429.09000000,84258.62000000,84323.30000000,183.25451000
2025-03-22 06:00:00,84323.30000000,84400.00000000,84153.21000000,84335.83000000,193.48849000
2025-03-22 07:00:00,84335.83000000,84382.36000000,84220.90000000,84274.72000000,199.70833000
2025-03-22 08:00:00,84274.71000000,84286.58000000,84109.00000000,84222.01000000,223.78121000
2025-03-22 09:00:00,84222.01000000,84539.17000000,84222.01000000,84360.01000000,322.33818000
2025-03-22 10:00:00,84360.01000000,84440.00000000,84360.00000000,84413.62000000,127.10886000
2025-03-22 11:00:00,84413.63000000,84419.80000000,84204.68000000,84239.25000000,198.34352000
2025-03-22 12:00:00,84239.24000000,84296.39000000,84176.49000000,84232.39000000,218.30063000
2025-03-22 13:00:00,84232.40000000,84242.30000000,84040.99000000,84168.31000000,255.74960000
2025-03-22 14:00:00,84168.31000000,84203.69000000,84001.71000000,84007.23000000,274.82755000
2025-03-22 15:00:00,84007.23000000,84130.43000000,83975.42000000,84109.09000000,268.67853000
2025-03-22 16:00:00,84109.08000000,84160.00000000,84063.53000000,84141.00000000,210.74680000
2025-03-22 17:00:00,84141.00000000,84258.42000000,84130.57000000,84238.83000000,187.61090000
2025-03-22 18:00:00,84238.83000000,84320.00000000,84191.52000000,84239.14000000,250.47953000
2025-03-22 19:00:00,84239.14000000,84271.74000000,84162.04000000,84171.59000000,169.93759000
2025-03-22 20:00:00,84171.59000000,84204.19000000,83944.69000000,83944.69000000,244.79410000
2025-03-22 21:00:00,83944.70000000,84103.99000000,83841.41000000,84010.87000000,216.42605000
2025-03-22 22:00:00,84010.87000000,84069.75000000,83958.82000000,83961.39000000,143.99744000
2025-03-22 23:00:00,83961.39000000,83961.39000000,83625.10000000,83840.59000000,345.16229000
2025-03-23 00:00:00,83840.59000000,84048.54000000,83809.75000000,84007.00000000,228.18973000
2025-03-23 01:00:00,84007.00000000,84132.59000000,83978.74000000,84067.56000000,162.78143000
2025-03-23 02:00:00,84067.57000000,84277.07000000,83993.12000000,84233.78000000,195.88491000
2025-03-23 03:00:00,84233.78000000,84250.02000000,84131.81000000,84224.39000000,148.34163000
2025-03-23 04:00:00,84224.39000000,84229.37000000,84070.22000000,84100.00000000,177.81647000
2025-03-23 05:00:00,84099.99000000,84240.00000000,84099.99000000,84230.10000000,102.65029000
2025-03-23 06:00:00,84230.11000000,84288.62000000,84192.57000000,84242.24000000,135.71372000
2025-03-23 07:00:00,84242.25000000,84328.24000000,84216.98000000,84279.82000000,120.90156000
2025-03-23 08:00:00,84279.82000000,84354.20000000,84263.05000000,84347.12000000,208.36154000
2025-03-23 09:00:00,84347.12000000,84376.25000000,84320.00000000,84325.66000000,170.00464000
2025-03-23 10:00:00,84325.67000000,84500.00000000,84314.31000000,84461.98000000,220.59011000
2025-03-23 11:00:00,84461.98000000,85027.32000000,84461.97000000,84679.99000000,1038.99732000
2025-03-23 12:00:00,84680.00000000,84811.48000000,84573.40000000,84725.24000000,314.80166000
2025-03-23 13:00:00,84725.24000000,85108.47000000,84644.24000000,85093.59000000,630.37542000
2025-03-23 14:00:00,85093.59000000,85214.35000000,84850.43000000,84899.76000000,579.89326000
2025-03-23 15:00:00,84899.77000000,85254.17000000,84899.76000000,85189.41000000,440.67070000
2025-03-23 16:00:00,85189.41000000,85394.37000000,84942.77000000,85250.00000000,588.31748000
2025-03-23 17:00:00,85250.01000000,85413.05000000,84876.87000000,85017.66000000,462.33011000
2025-03-23 18:00:00,85017.67000000,85036.00000000,84800.00000000,84972.78000000,336.96182000
2025-03-23 19:00:00,84972.79000000,85080.00000000,84903.94000000,85011.19000000,193.58100000
2025-03-23 20:00:00,85011.20000000,85272.65000000,85011.19000000,85102.62000000,223.47842000
2025-03-23 21:00:00,85102.61000000,85184.00000000,84923.91000000,85179.99000000,220.04471000
2025-03-23 22:00:00,85179.99000000,85679.18000000,85160.37000000,85361.21000000,672.70218000
2025-03-23 23:00:00,85361.22000000,86129.64000000,85361.22000000,86082.50000000,888.58802000
2025-03-24 00:00:00,86082.50000000,86641.13000000,85865.64000000,86021.74000000,1253.79740000
2025-03-24 01:00:00,86021.74000000,86038.78000000,85528.38000000,85563.04000000,808.31786000
2025-03-24 02:00:00,85563.03000000,85950.00000000,85519.09000000,85883.16000000,491.12974000
2025-03-24 03:00:00,85883.16000000,86577.15000000,85875.91000000,86532.07000000,1018.39825000
2025-03-24 04:00:00,86532.07000000,86932.47000000,86532.06000000,86841.83000000,1254.55624000
2025-03-24 05:00:00,86841.83000000,87027.32000000,86812.05000000,86899.73000000,899.47140000
2025-03-24 06:00:00,86899.72000000,87300.00000000,86899.72000000,87113.37000000,1182.96937000
2025-03-24 07:00:00,87113.37000000,87178.52000000,86753.10000000,86874.52000000,840.27046000
2025-03-24 08:00:00,86874.52000000,87519.38000000,86838.76000000,87416.35000000,1152.73374000
2025-03-24 09:00:00,87416.34000000,87513.52000000,87125.72000000,87163.73000000,697.87829000
2025-03-24 10:00:00,87163.73000000,87909.99000000,87129.63000000,87801.27000000,1152.29060000
2025-03-24 11:00:00,87801.28000000,87858.82000000,87515.25000000,87689.52000000,731.38051000
2025-03-24 12:00:00,87689.52000000,87711.70000000,87246.89000000,87328.10000000,1023.53081000
2025-03-24 13:00:00,87328.09000000,87710.33000000,87138.60000000,87704.46000000,1429.38625000
2025-03-24 14:00:00,87704.47000000,88765.43000000,87640.77000000,87961.90000000,4043.87489000
2025-03-24 15:00:00,87961.90000000,88372.00000000,87678.06000000,88350.01000000,1848.70464000
2025-03-24 16:00:00,88350.01000000,88499.98000000,87690.59000000,88057.54000000,1818.05892000
2025-03-24 17:00:00,88057.53000000,88486.55000000,87941.06000000,88461.88000000,1471.35010000
2025-03-24 18:00:00,88461.88000000,88536.00000000,88123.11000000,88464.38000000,915.48486000
2025-03-24 19:00:00,88464.38000000,88508.00000000,87967.82000000,88222.00000000,1445.94120000
2025-03-24 20:00:00,88222.01000000,88481.14000000,87807.62000000,87832.00000000,1094.06938000
2025-03-24 21:00:00,87832.00000000,88274.00000000,87797.21000000,88100.01000000,1366.12115000
2025-03-24 22:00:00,88100.01000000,88184.79000000,87302.88000000,87457.65000000,1519.59209000
2025-03-24 23:00:00,87457.66000000,87537.22000000,87050.60000000,87498.16000000,656.31296000
2025-03-25 00:00:00,87498.16000000,87679.25000000,87262.00000000,87599.99000000,716.31289000
2025-03-25 01:00:00,87600.00000000,87600.00000000,86813.16000000,87088.31000000,821.47808000
2025-03-25 02:00:00,87088.31000000,87088.31000000,86820.29000000,86854.94000000,499.30174000
2025-03-25 03:00:00,86854.94000000,86984.16000000,86330.66000000,86520.88000000,930.82585000
2025-03-25 04:00:00,86520.89000000,86666.66000000,86310.00000000,86547.17000000,652.11850000
2025-03-25 05:00:00,86547.16000000,86772.72000000,86400.00000000,86656.07000000,763.58885000
2025-03-25 06:00:00,86656.06000000,86879.77000000,86524.00000000,86534.50000000,672.24724000
2025-03-25 07:00:00,86534.49000000,86815.22000000,86332.87000000,86436.82000000,837.82470000
2025-03-25 08:00:00,86436.82000000,86764.46000000,86406.49000000,86714.79000000,590.42873000
2025-03-25 09:00:00,86714.80000000,87350.00000000,86642.00000000,87221.66000000,856.95188000
2025-03-25 10:00:00,87221.65000000,87285.99000000,86947.21000000,87130.14000000,512.36018000
2025-03-25 11:00:00,87130.14000000,87500.00000000,87051.56000000,87370.43000000,720.34277000
2025-03-25 12:00:00,87370.44000000,87443.40000000,86929.46000000,87084.02000000,820.26612000
2025-03-25 13:00:00,87084.01000000,87992.00000000,87043.47000000,87594.40000000,1842.02583000
2025-03-25 14:00:00,87594.41000000,88228.00000000,87333.34000000,88022.40000000,1612.85101000
2025-03-25 15:00:00,88022.39000000,88258.80000000,87713.62000000,87774.37000000,1355.39717000
2025-03-25 16:00:00,87774.37000000,87979.99000000,87633.01000000,87792.40000000,925.68272000
2025-03-25 17:00:00,87792.41000000,88321.27000000,87792.41000000,87937.27000000,781.72672000
2025-03-25 18:00:00,87937.27000000,88059.99000000,87588.59000000,87822.00000000,677.98013000
2025-03-25 19:00:00,87822.00000000,88250.00000000,87816.67000000,88116.23000000,883.99101000
2025-03-25 20:00:00,88116.23000000,88539.63000000,87807.32000000,87849.98000000,1448.76327000
2025-03-25 21:00:00,87849.99000000,88198.12000000,87702.92000000,87746.00000000,1029.18285000
2025-03-25 22:00:00,87746.00000000,87805.82000000,87161.32000000,87464.73000000,1483.32257000
2025-03-25 23:00:00,87464.72000000,87503.45000000,87132.65000000,87392.87000000,1208.28167000
2025-03-26 00:00:00,87392.88000000,87814.00000000,87199.99000000,87652.00000000,743.29052000
2025-03-26 01:00:00,87652.00000000,87892.14000000,87567.42000000,87836.04000000,483.00014000
2025-03-26 02:00:00,87836.04000000,87836.04000000,87300.00000000,87324.60000000,567.91066000
2025-03-26 03:00:00,87324.61000000,87405.37000000,87030.56000000,87153.51000000,581.95224000
2025-03-26 04:00:00,87153.50000000,87455.64000000,87052.00000000,87326.78000000,593.36059000
2025-03-26 05:00:00,87326.79000000,87630.00000000,87215.69000000,87520.35000000,667.80685000
2025-03-26 06:00:00,87520.36000000,87923.92000000,87442.83000000,87909.07000000,540.14228000
2025-03-26 07:00:00,87909.07000000,88275.00000000,87754.35000000,88140.45000000,1053.47194000
2025-03-26 08:00:00,88140.45000000,88200.00000000,87886.10000000,87959.73000000,525.11331000
2025-03-26 09:00:00,87959.73000000,88056.61000000,87837.49000000,87939.99000000,393.09750000
2025-03-26 10:00:00,87940.00000000,88259.81000000,87939.99000000,88208.47000000,556.20541000
2025-03-26 11:00:00,88208.47000000,88242.00000000,87923.91000000,87954.96000000,940.31797000
2025-03-26 12:00:00,87954.97000000,88000.00000000,87586.72000000,87813.17000000,825.39906000
2025-03-26 13:00:00,87813.16000000,87920.08000000,86719.00000000,86841.31000000,1682.40584000
2025-03-26 14:00:00,86841.30000000,87294.05000000,86434.36000000,86773.14000000,1940.95752000
2025-03-26 15:00:00,86773.14000000,87018.87000000,86546.23000000,86752.52000000,1188.33868000
2025-03-26 16:00:00,86752.52000000,87058.40000000,86391.30000000,86513.99000000,751.20508000
2025-03-26 17:00:00,86513.99000000,86829.88000000,86476.88000000,86569.99000000,568.00228000
2025-03-26 18:00:00,86570.00000000,86750.01000000,86181.39000000,86198.53000000,562.82437000
2025-03-26 19:00:00,86198.52000000,86800.77000000,85860.00000000,86567.19000000,1124.92816000
2025-03-26 20:00:00,86567.18000000,87404.34000000,86520.10000000,87280.00000000,896.05809000
2025-03-26 21:00:00,87280.00000000,87302.00000000,86728.91000000,87109.65000000,541.36601000
2025-03-26 22:00:00,87109.64000000,87147.92000000,86753.52000000,86829.48000000,347.87603000
2025-03-26 23:00:00,86829.48000000,86952.20000000,86562.00000000,86909.17000000,333.75432000
2025-03-27 00:00:00,86909.17000000,87308.00000000,86796.26000000,87285.29000000,439.26833000
2025-03-27 01:00:00,87285.30000000,87519.38000000,87178.79000000,87378.87000000,484.20578000
2025-03-27 02:00:00,87378.88000000,87756.39000000,87338.79000000,87575.39000000,474.68254000
2025-03-27 03:00:00,87575.38000000,87675.00000000,87434.78000000,87670.18000000,493.00757000
2025-03-27 04:00:00,87670.17000000,87691.34000000,87411.42000000,87521.61000000,389.92917000
2025-03-27 05:00:00,87521.60000000,87521.60000000,87262.55000000,87314.72000000,498.02432000
2025-03-27 06:00:00,87314.71000000,87547.60000000,87280.00000000,87352.68000000,421.13139000
2025-03-27 07:00:00,87352.68000000,87439.30000000,87249.68000000,87399.99000000,466.03302000
2025-03-27 08:00:00,87399.99000000,87597.60000000,87255.63000000,87434.82000000,539.09820000
2025-03-27 09:00:00,87434.82000000,87537.74000000,87385.85000000,87415.56000000,453.07467000
2025-03-27 10:00:00,87415.57000000,87597.60000000,87108.99000000,87195.59000000,529.03139000
2025-03-27 11:00:00,87195.59000000,87316.29000000,86787.00000000,86943.52000000,674.57069000
2025-03-27 12:00:00,86943.51000000,87110.10000000,86724.85000000,86761.05000000,665.70609000
2025-03-27 13:00:00,86761.04000000,86861.71000000,85800.00000000,86383.83000000,2610.92782000
2025-03-27 14:00:00,86383.82000000,87321.56000000,86189.19000000,87297.33000000,2709.46975000
2025-03-27 15:00:00,87297.34000000,87575.00000000,86752.58000000,86974.07000000,1554.66361000
2025-03-27 16:00:00,86974.07000000,87271.43000000,86805.20000000,86835.24000000,671.69986000
2025-03-27 17:00:00,86835.24000000,87150.95000000,86796.00000000,86913.05000000,596.49192000
2025-03-27 18:00:00,86913.04000000,87420.00000000,86876.00000000,87206.52000000,473.09632000
2025-03-27 19:00:00,87206.52000000,87429.21000000,87022.99000000,87060.41000000,473.80058000
2025-03-27 20:00:00,87060.40000000,87346.07000000,86943.04000000,87307.57000000,454.46299000
2025-03-27 21:00:00,87307.57000000,87728.27000000,87239.13000000,87568.68000000,488.70362000
2025-03-27 22:00:00,87568.67000000,87600.00000000,87309.97000000,87350.71000000,263.44675000
2025-03-27 23:00:00,87350.70000000,87361.07000000,87128.01000000,87232.01000000,273.51259000
2025-03-28 00:00:00,87232.01000000,87402.08000000,86929.58000000,87354.01000000,438.18173000
2025-03-28 01:00:00,87354.01000000,87515.67000000,87116.00000000,87230.29000000,516.42696000
2025-03-28 02:00:00,87230.30000000,87327.98000000,86950.75000000,86987.77000000,388.73132000
2025-03-28 03:00:00,86987.78000000,87018.36000000,86750.00000000,86787.16000000,568.38044000
2025-03-28 04:00:00,86787.17000000,86832.64000000,85952.54000000,86305.38000000,1475.68093000
2025-03-28 05:00:00,86305.38000000,86305.38000000,85827.97000000,86059.02000000,1025.35492000
2025-03-28 06:00:00,86059.02000000,86250.00000000,85648.25000000,85719.27000000,1011.00124000
2025-03-28 07:00:00,85719.27000000,85888.60000000,85162.48000000,85212.99000000,2159.05919000
2025-03-28 08:00:00,85212.98000000,85441.25000000,85050.01000000,85213.87000000,1389.57870000
2025-03-28 09:00:00,85213.87000000,85417.47000000,85005.00000000,85148.00000000,1298.56622000
2025-03-28 10:00:00,85148.00000000,85250.79000000,84896.00000000,84941.49000000,988.61456000
2025-03-28 11:00:00,84941.49000000,85255.26000000,84800.00000000,85255.26000000,1274.00029000
2025-03-28 12:00:00,85255.25000000,85609.74000000,84888.00000000,85028.27000000,1145.41519000
2025-03-28 13:00:00,85028.27000000,85575.68000000,84904.96000000,84994.00000000,1317.09060000
2025-03-28 14:00:00,84994.00000000,85120.19000000,84148.80000000,84172.01000000,3331.05298000
2025-03-28 15:00:00,84172.01000000,84530.45000000,83953.86000000,84051.16000000,2589.07955000
2025-03-28 16:00:00,84051.15000000,84217.61000000,83671.90000000,83794.73000000,1152.23131000
2025-03-28 17:00:00,83794.72000000,84010.41000000,83585.00000000,84008.45000000,1114.86590000
2025-03-28 18:00:00,84008.46000000,84169.52000000,83720.00000000,83880.00000000,755.86923000
2025-03-28 19:00:00,83879.99000000,83893.48000000,83636.36000000,83790.73000000,834.89668000
2025-03-28 20:00:00,83790.74000000,84160.38000000,83714.28000000,83794.41000000,1271.03433000
2025-03-28 21:00:00,83794.41000000,84110.36000000,83697.83000000,84052.29000000,295.77685000
2025-03-28 22:00:00,84052.29000000,84480.36000000,84052.29000000,84480.35000000,382.78331000
2025-03-28 23:00:00,84480.35000000,84538.69000000,84200.01000000,84424.38000000,459.05926000
2025-03-29 00:00:00,84424.38000000,84624.73000000,84353.49000000,84396.89000000,414.88307000
2025-03-29 01:00:00,84396.89000000,84502.42000000,84216.00000000,84281.90000000,283.36385000
2025-03-29 02:00:00,84281.91000000,84423.53000000,83817.23000000,83851.40000000,407.56827000
2025-03-29 03:00:00,83851.39000000,84254.72000000,83709.67000000,84166.30000000,420.19860000
2025-03-29 04:00:00,84166.30000000,84258.45000000,83968.81000000,84072.96000000,287.24956000
2025-03-29 05:00:00,84072.97000000,84093.99000000,83858.22000000,84012.64000000,235.85366000
2025-03-29 06:00:00,84012.65000000,84012.65000000,83672.74000000,83787.28000000,335.98213000
2025-03-29 07:00:00,83787.28000000,83892.00000000,83662.86000000,83731.82000000,244.43629000
2025-03-29 08:00:00,83731.83000000,83944.36000000,83666.65000000,83934.95000000,340.17747000
2025-03-29 09:00:00,83934.94000000,83947.42000000,83266.65000000,83544.80000000,720.14163000
2025-03-29 10:00:00,83544.80000000,83559.23000000,82820.85000000,82927.81000000,735.21277000
2025-03-29 11:00:00,82927.80000000,83108.08000000,82007.00000000,82293.56000000,1843.36930000
2025-03-29 12:00:00,82293.56000000,82527.70000000,82145.22000000,82462.70000000,634.07629000
2025-03-29 13:00:00,82462.69000000,82863.49000000,82454.44000000,82851.95000000,578.26067000
2025-03-29 14:00:00,82851.95000000,82882.01000000,82459.00000000,82504.01000000,452.61380000
2025-03-29 15:00:00,82504.02000000,82617.01000000,82383.20000000,82414.23000000,295.79723000
2025-03-29 16:00:00,82414.22000000,82683.78000000,82173.19000000,82198.43000000,538.75064000
2025-03-29 17:00:00,82198.44000000,82625.05000000,81644.81000000,82332.63000000,1231.20197000
2025-03-29 18:00:00,82332.62000000,82673.00000000,82214.88000000,82343.64000000,368.88573000
2025-03-29 19:00:00,82343.64000000,82758.41000000,82209.59000000,82758.40000000,370.86895000
2025-03-29 20:00:00,82758.40000000,82787.29000000,82422.22000000,82511.17000000,376.35969000
2025-03-29 21:00:00,82511.16000000,82685.45000000,82353.51000000,82518.74000000,212.79105000
2025-03-29 22:00:00,82518.74000000,82522.00000000,82258.86000000,82389.75000000,188.29229000
2025-03-29 23:00:00,82389.75000000,82679.52000000,82342.00000000,82648.54000000,180.06373000
2025-03-30 00:00:00,82648.53000000,82888.93000000,82500.00000000,82799.73000000,310.37514000
2025-03-30 01:00:00,82799.73000000,83075.48000000,82762.71000000,82941.13000000,445.84784000
2025-03-30 02:00:00,82941.14000000,83372.81000000,82925.67000000,83330.00000000,417.67201000
2025-03-30 03:00:00,83330.00000000,83503.53000000,83048.88000000,83088.81000000,431.74613000
2025-03-30 04:00:00,83088.82000000,83314.42000000,83078.94000000,83109.81000000,213.20024000
2025-03-30 05:00:00,83109.81000000,83230.00000000,82924.23000000,82958.30000000,272.84116000
2025-03-30 06:00:00,82958.30000000,83306.26000000,82868.96000000,83178.14000000,402.67107000
2025-03-30 07:00:00,83178.14000000,83321.16000000,83068.66000000,83076.59000000,349.72683000
2025-03-30 08:00:00,83076.58000000,83406.14000000,83076.58000000,83378.09000000,354.71899000
2025-03-30 09:00:00,83378.10000000,83517.78000000,83255.83000000,83502.32000000,224.07536000
2025-03-30 10:00:00,83502.32000000,83534.64000000,83061.51000000,83120.87000000,292.38935000
2025-03-30 11:00:00,83120.86000000,83360.31000000,82975.36000000,83111.76000000,334.93595000
2025-03-30 12:00:00,83111.76000000,83268.05000000,82986.75000000,83072.76000000,356.53689000
2025-03-30 13:00:00,83072.76000000,83155.17000000,82543.83000000,82678.42000000,1050.99285000
2025-03-30 14:00:00,82678.42000000,83043.59000000,82608.23000000,82803.28000000,466.76708000
2025-03-30 15:00:00,82803.28000000,83067.90000000,82714.87000000,82729.57000000,280.14108000
2025-03-30 16:00:00,82729.57000000,82816.00000000,82173.91000000,82284.01000000,603.14499000
2025-03-30 17:00:00,82284.01000000,82577.99000000,82050.40000000,82415.53000000,398.11075000
2025-03-30 18:00:00,82415.54000000,82799.99000000,82415.53000000,82729.65000000,321.94593000
2025-03-30 19:00:00,82729.65000000,82908.11000000,82547.69000000,82548.81000000,258.33176000
2025-03-30 20:00:00,82548.80000000,82650.95000000,82393.74000000,82554.73000000,201.03005000
2025-03-30 21:00:00,82554.73000000,82703.94000000,82069.40000000,82237.68000000,258.82166000
2025-03-30 22:00:00,82237.67000000,82757.70000000,81565.00000000,82438.00000000,997.38999000
2025-03-30 23:00:00,82437.99000000,82442.94000000,81902.20000000,82389.99000000,621.08198000
2025-03-31 00:00:00,82390.00000000,82444.89000000,81278.52000000,81646.89000000,1156.90470000
2025-03-31 01:00:00,81646.90000000,82272.72000000,81534.78000000,81953.03000000,778.60883000
2025-03-31 02:00:00,81954.79000000,82179.25000000,81630.01000000,81922.30000000,652.55837000
2025-03-31 03:00:00,81922.30000000,82030.00000000,81468.00000000,81530.00000000,549.38711000
2025-03-31 04:00:00,81530.00000000,81879.16000000,81400.00000000,81846.01000000,489.04780000
2025-03-31 05:00:00,81846.00000000,82305.57000000,81830.00000000,82166.99000000,520.56741000
2025-03-31 06:00:00,82166.99000000,82267.66000000,81919.38000000,82052.83000000,641.58631000
2025-03-31 07:00:00,82052.82000000,82303.58000000,81730.74000000,81933.51000000,776.64817000
2025-03-31 08:00:00,81933.51000000,82263.74000000,81875.05000000,81899.15000000,762.80757000
2025-03-31 09:00:00,81899.15000000,81960.56000000,81339.65000000,81455.58000000,965.89557000
2025-03-31 10:00:00,81455.59000000,82215.91000000,81290.88000000,82174.16000000,713.59513000
2025-03-31 11:00:00,82174.16000000,82272.00000000,81884.49000000,82205.51000000,980.63412000
2025-03-31 12:00:00,82205.50000000,83169.82000000,81885.56000000,82768.74000000,1527.48947000
2025-03-31 13:00:00,82768.74000000,82866.02000000,81656.00000000,82507.99000000,2027.95258000
2025-03-31 14:00:00,82507.99000000,83746.23000000,82507.49000000,83499.18000000,2160.57547000
2025-03-31 15:00:00,83499.18000000,83943.08000000,83390.30000000,83418.78000000,1241.90923000
2025-03-31 16:00:00,83418.78000000,83694.29000000,83246.86000000,83288.89000000,658.28656000
2025-03-31 17:00:00,83288.88000000,83545.55000000,82575.45000000,82680.34000000,667.39263000
2025-03-31 18:00:00,82680.35000000,83566.00000000,82676.00000000,83291.42000000,810.73087000
2025-03-31 19:00:00,83291.42000000,83443.38000000,82400.00000000,82462.27000000,798.20925000
2025-03-31 20:00:00,82462.26000000,82846.20000000,82350.84000000,82431.32000000,701.19812000
2025-03-31 21:00:00,82431.32000000,82752.18000000,82422.00000000,82563.99000000,342.52865000
2025-03-31 22:00:00,82563.99000000,82571.98000000,82265.10000000,82409.99000000,260.87647000
2025-03-31 23:00:00,82410.00000000,82886.80000000,82283.90000000,82550.01000000,383.74846000
2025-04-01 00:00:00,82550.00000000,82837.38000000,82432.74000000,82651.10000000,526.95922000
2025-04-01 01:00:00,82651.09000000,82741.80000000,82460.00000000,82704.20000000,440.09093000
2025-04-01 02:00:00,82704.20000000,83120.00000000,82649.34000000,83100.00000000,522.78246000
2025-04-01 03:00:00,83100.00000000,83256.80000000,82926.08000000,82962.84000000,526.15363000
2025-04-01 04:00:00,82962.84000000,83235.96000000,82886.87000000,83060.00000000,425.37874000
2025-04-01 05:00:00,83059.99000000,83329.99000000,82994.07000000,83006.67000000,348.44364000
2025-04-01 06:00:00,83006.67000000,83494.25000000,82891.71000000,83454.76000000,425.66016000
2025-04-01 07:00:00,83454.76000000,83597.07000000,83380.58000000,83445.50000000,622.58551000
2025-04-01 08:00:00,83445.50000000,84207.55000000,83410.00000000,84121.94000000,1217.29279000
2025-04-01 09:00:00,84121.94000000,84395.46000000,84116.27000000,84362.00000000,1018.97186000
2025-04-01 10:00:00,84362.01000000,84504.74000000,84150.00000000,84175.99000000,914.76118000
2025-04-01 11:00:00,84175.99000000,84203.00000000,83823.67000000,83930.30000000,854.54351000
2025-04-01 12:00:00,83930.31000000,84154.22000000,83615.25000000,83615.26000000,734.99256000
2025-04-01 13:00:00,83615.26000000,83912.62000000,83416.66000000,83618.23000000,1152.68104000
2025-04-01 14:00:00,83622.96000000,84350.00000000,82544.00000000,84195.92000000,2522.86047000
2025-04-01 15:00:00,84195.92000000,85499.55000000,84182.89000000,85280.87000000,2484.93075000
2025-04-01 16:00:00,85280.88000000,85493.00000000,84815.00000000,85119.99000000,1208.48492000
2025-04-01 17:00:00,85120.00000000,85333.33000000,84901.32000000,85117.85000000,775.26240000
2025-04-01 18:00:00,85117.86000000,85183.46000000,84720.00000000,85126.68000000,742.89553000
2025-04-01 19:00:00,85126.68000000,85184.89000000,84816.83000000,84972.01000000,897.45326000
2025-04-01 20:00:00,84972.00000000,85350.00000000,84773.58000000,85231.28000000,528.39638000
2025-04-01 21:00:00,85231.28000000,85476.86000000,85120.00000000,85223.84000000,325.84141000
2025-04-01 22:00:00,85223.84000000,85483.38000000,85082.00000000,85099.99000000,477.11302000
2025-04-01 23:00:00,85100.00000000,85579.46000000,84969.56000000,85158.34000000,495.86160000
2025-04-02 00:00:00,85158.35000000,85255.95000000,84923.28000000,84964.49000000,472.95093000
2025-04-02 01:00:00,84964.49000000,85213.12000000,84854.90000000,85147.30000000,597.76896000
2025-04-02 02:00:00,85147.31000000,85174.89000000,84648.90000000,84714.36000000,850.77436000
2025-04-02 03:00:00,84714.36000000,84904.00000000,84504.21000000,84550.00000000,475.50966000
2025-04-02 04:00:00,84550.00000000,84726.42000000,84460.11000000,84607.00000000,444.66226000
2025-04-02 05:00:00,84607.00000000,84607.00000000,84100.00000000,84100.00000000,550.68482000
2025-04-02 06:00:00,84100.00000000,84371.59000000,83904.72000000,84125.99000000,646.49780000
2025-04-02 07:00:00,84125.99000000,84462.16000000,84015.97000000,84426.33000000,642.70738000
2025-04-02 08:00:00,84426.32000000,84762.72000000,84262.73000000,84677.04000000,535.25665000
2025-04-02 09:00:00,84677.04000000,85450.00000000,84635.60000000,85019.62000000,910.86351000
2025-04-02 10:00:00,85019.63000000,85299.45000000,84828.00000000,84867.92000000,592.83032000
2025-04-02 11:00:00,84867.92000000,84985.77000000,84547.08000000,84566.91000000,463.52271000
2025-04-02 12:00:00,84566.91000000,85054.78000000,84462.69000000,85049.99000000,742.57082000
2025-04-02 13:00:00,85049.99000000,86136.36000000,84471.76000000,85215.82000000,2792.28052000
2025-04-02 14:00:00,85215.79000000,86000.00000000,85181.52000000,85877.75000000,2062.01342000
2025-04-02 15:00:00,85877.74000000,87333.00000000,85811.20000000,86757.67000000,5585.70214000
2025-04-02 16:00:00,86757.67000000,87221.99000000,86589.58000000,87065.18000000,2549.14196000
2025-04-02 17:00:00,87065.19000000,87333.00000000,86350.00000000,86615.33000000,2025.44811000
2025-04-02 18:00:00,86615.33000000,86751.79000000,86212.40000000,86286.02000000,685.23290000
2025-04-02 19:00:00,86286.03000000,87000.00000000,86186.19000000,86900.02000000,812.77336000
2025-04-02 20:00:00,86900.01000000,88500.00000000,85228.39000000,85659.99000000,7832.63499000
2025-04-02 21:00:00,85659.99000000,85743.22000000,84207.26000000,84855.99000000,1793.31035000
2025-04-02 22:00:00,84855.98000000,84855.98000000,82682.00000000,82821.59000000,3036.67427000
2025-04-02 23:00:00,82821.60000000,82845.42000000,82320.00000000,82516.29000000,2829.64480000
2025-04-03 00:00:00,82516.28000000,83424.72000000,82175.98000000,83227.55000000,1848.78037000
2025-04-03 01:00:00,83227.55000000,83998.02000000,83099.99000000,83761.62000000,1735.38082000
2025-04-03 02:00:00,83761.63000000,83894.91000000,83278.99000000,83768.01000000,1422.27146000
2025-04-03 03:00:00,83768.00000000,83792.58000000,83349.65000000,83483.97000000,638.13813000
2025-04-03 04:00:00,83483.97000000,83735.85000000,83263.05000000,83558.80000000,630.55266000
2025-04-03 05:00:00,83558.81000000,83709.48000000,83343.74000000,83343.75000000,457.59497000
2025-04-03 06:00:00,83343.75000000,83415.47000000,83008.74000000,83058.65000000,568.50834000
2025-04-03 07:00:00,83058.65000000,83498.10000000,83000.00000000,83456.75000000,774.52407000
2025-04-03 08:00:00,83456.76000000,83788.23000000,83456.74000000,83679.99000000,821.93677000
2025-04-03 09:00:00,83680.00000000,83766.69000000,83449.92000000,83483.05000000,539.18541000
2025-04-03 10:00:00,83483.04000000,83749.99000000,83152.25000000,83220.01000000,1239.61616000
2025-04-03 11:00:00,83220.01000000,83347.39000000,83047.00000000,83096.01000000,608.06162000
2025-04-03 12:00:00,83096.01000000,83147.95000000,81889.30000000,81949.06000000,1872.33047000
2025-04-03 13:00:00,81949.06000000,82792.46000000,81793.06000000,82373.58000000,2339.51390000
2025-04-03 14:00:00,82373.57000000,82403.50000000,81314.61000000,81532.00000000,2364.56000000
2025-04-03 15:00:00,81532.00000000,82101.42000000,81211.24000000,82039.31000000,2246.65433000
2025-04-03 16:00:00,82039.32000000,82448.21000000,81715.55000000,81830.56000000,1010.18098000
2025-04-03 17:00:00,81830.56000000,82191.11000000,81630.74000000,81830.01000000,889.36672000
2025-04-03 18:00:00,81830.01000000,82317.99000000,81540.00000000,82109.45000000,990.19965000
2025-04-03 19:00:00,82109.45000000,82362.41000000,81829.57000000,82008.70000000,1247.72636000
2025-04-03 20:00:00,82009.76000000,82421.49000000,81800.00000000,82363.99000000,1289.97749000
2025-04-03 21:00:00,82363.99000000,82864.00000000,82333.87000000,82717.54000000,615.38965000
2025-04-03 22:00:00,82717.54000000,82869.99000000,82589.61000000,82743.46000000,432.33176000
2025-04-03 23:00:00,82743.46000000,83332.20000000,82510.83000000,83213.09000000,755.05926000
2025-04-04 00:00:00,83213.09000000,83413.46000000,83000.02000000,83046.32000000,1239.49006000
2025-04-04 01:00:00,83046.32000000,83358.50000000,82577.63000000,82695.91000000,989.86653000
2025-04-04 02:00:00,82695.90000000,83186.96000000,82695.90000000,82910.86000000,396.19722000
2025-04-04 03:00:00,82910.86000000,83069.96000000,82679.55000000,82818.52000000,416.14503000
2025-04-04 04:00:00,82818.53000000,82920.19000000,82615.36000000,82720.32000000,664.54369000
2025-04-04 05:00:00,82720.32000000,83212.17000000,82642.29000000,83200.00000000,628.67490000
2025-04-04 06:00:00,83200.00000000,83264.16000000,83041.95000000,83054.72000000,400.85192000
2025-04-04 07:00:00,83054.73000000,84000.00000000,83050.00000000,83992.85000000,1397.79534000
2025-04-04 08:00:00,83992.85000000,84650.00000000,83992.85000000,84415.99000000,1616.22236000
2025-04-04 09:00:00,84416.00000000,84720.00000000,84126.16000000,84571.38000000,882.78102000
2025-04-04 10:00:00,84571.38000000,84690.00000000,82416.72000000,82567.03000000,4808.43362000
2025-04-04 11:00:00,82565.21000000,82768.09000000,81659.00000000,82680.45000000,2375.09853000
2025-04-04 12:00:00,82680.44000000,83200.00000000,82222.00000000,82879.99000000,2300.22439000
2025-04-04 13:00:00,82879.99000000,83507.19000000,82143.48000000,83335.99000000,2211.63120000
2025-04-04 14:00:00,83335.99000000,83510.00000000,81849.05000000,82573.98000000,2330.63991000
2025-04-04 15:00:00,82573.98000000,83716.00000000,82488.88000000,82860.00000000,3250.10909000
2025-04-04 16:00:00,82860.00000000,83555.00000000,82736.00000000,83392.70000000,1380.46968000
2025-04-04 17:00:00,83392.69000000,84620.01000000,82965.78000000,84460.00000000,2047.81796000
2025-04-04 18:00:00,84459.99000000,84584.91000000,83725.14000000,83989.87000000,1110.66034000
2025-04-04 19:00:00,83989.86000000,84460.00000000,83788.00000000,84009.99000000,835.23680000
2025-04-04 20:00:00,84010.00000000,84282.00000000,83492.95000000,84164.02000000,600.66797000
2025-04-04 21:00:00,84164.02000000,84450.00000000,83941.42000000,84185.80000000,427.97348000
2025-04-04 22:00:00,84185.81000000,84271.28000000,84018.86000000,84056.74000000,252.04879000
2025-04-04 23:00:00,84056.75000000,84100.00000000,83650.11000000,83889.87000000,351.95993000
2025-04-05 00:00:00,83889.87000000,83889.88000000,83395.46000000,83787.60000000,475.67260000
2025-04-05 01:00:00,83787.60000000,84266.00000000,83786.86000000,83979.87000000,382.38928000
2025-04-05 02:00:00,83979.88000000,84094.57000000,83799.92000000,83976.61000000,371.16159000
2025-04-05 03:00:00,83976.61000000,83976.61000000,83621.73000000,83624.01000000,476.52910000
2025-04-05 04:00:00,83624.01000000,83868.00000000,83608.80000000,83677.75000000,332.91219000
2025-04-05 05:00:00,83677.75000000,83863.36000000,83630.69000000,83688.67000000,231.14548000
2025-04-05 06:00:00,83688.68000000,83724.39000000,83336.09000000,83477.30000000,394.81090000
2025-04-05 07:00:00,83477.30000000,83558.65000000,83297.66000000,83525.34000000,322.08166000
2025-04-05 08:00:00,83525.33000000,83648.63000000,83359.64000000,83519.96000000,287.89755000
2025-04-05 09:00:00,83519.97000000,83865.10000000,83519.76000000,83843.29000000,329.66419000
2025-04-05 10:00:00,83843.28000000,83894.70000000,83579.27000000,83641.51000000,209.98682000
2025-04-05 11:00:00,83641.50000000,83700.52000000,83443.47000000,83452.69000000,405.74172000
2025-04-05 12:00:00,83452.69000000,83550.68000000,83121.77000000,83281.41000000,447.96567000
2025-04-05 13:00:00,83281.41000000,83335.56000000,82519.37000000,82755.29000000,932.44573000
2025-04-05 14:00:00,82755.29000000,83026.00000000,82672.33000000,82914.67000000,391.75612000
2025-04-05 15:00:00,82914.67000000,82914.67000000,82379.95000000,82618.26000000,804.80511000
2025-04-05 16:00:00,82618.25000000,82827.37000000,82607.05000000,82739.96000000,246.00324000
2025-04-05 17:00:00,82739.96000000,82953.20000000,82681.65000000,82869.53000000,200.38381000
2025-04-05 18:00:00,82869.53000000,83109.46000000,82854.80000000,83036.13000000,308.68973000
2025-04-05 19:00:00,83036.14000000,83146.00000000,82779.62000000,82860.00000000,219.10666000
2025-04-05 20:00:00,82859.99000000,83113.67000000,82833.00000000,83075.47000000,404.28010000
2025-04-05 21:00:00,83075.48000000,83237.34000000,82902.53000000,82913.89000000,332.10636000
2025-04-05 22:00:00,82913.88000000,83212.18000000,82913.88000000,83188.41000000,389.57973000
2025-04-05 23:00:00,83188.40000000,83688.00000000,83128.73000000,83537.99000000,463.28934000
2025-04-06 00:00:00,83537.99000000,83620.01000000,83422.91000000,83527.22000000,286.56934000
2025-04-06 01:00:00,83527.22000000,83817.63000000,83422.00000000,83428.97000000,364.62107000
2025-04-06 02:00:00,83428.98000000,83494.43000000,83274.88000000,83300.01000000,242.19659000
2025-04-06 03:00:00,83300.01000000,83403.46000000,83163.45000000,83344.14000000,316.06865000
2025-04-06 04:00:00,83344.14000000,83500.00000000,83233.04000000,83499.99000000,204.86026000
2025-04-06 05:00:00,83499.99000000,83533.01000000,83312.02000000,83450.01000000,301.55380000
2025-04-06 06:00:00,83450.00000000,83468.00000000,83110.23000000,83110.24000000,211.74296000
2025-04-06 07:00:00,83110.24000000,83207.22000000,83024.96000000,83024.96000000,287.04301000
2025-04-06 08:00:00,83024.97000000,83051.33000000,82727.27000000,83034.26000000,452.85296000
2025-04-06 09:00:00,83034.27000000,83172.00000000,82933.96000000,83075.15000000,141.85704000
2025-04-06 10:00:00,83075.15000000,83075.15000000,82716.49000000,82870.25000000,266.71228000
2025-04-06 11:00:00,82870.26000000,82921.48000000,82666.00000000,82855.99000000,346.58534000
2025-04-06 12:00:00,82855.99000000,82981.14000000,82642.39000000,82697.99000000,379.84754000
2025-04-06 13:00:00,82698.00000000,82839.87000000,82230.43000000,82306.01000000,877.13597000
2025-04-06 14:00:00,82306.01000000,82793.00000000,82217.83000000,82667.07000000,748.43351000
2025-04-06 15:00:00,82667.08000000,82819.74000000,82400.00000000,82548.36000000,525.55568000
2025-04-06 16:00:00,82548.36000000,82554.15000000,81920.00000000,81970.00000000,1125.69030000
2025-04-06 17:00:00,81969.99000000,81982.43000000,80562.00000000,80808.81000000,2740.82185000
2025-04-06 18:00:00,80808.81000000,80808.81000000,78694.99000000,79107.30000000,4445.72747000
2025-04-06 19:00:00,79107.29000000,79859.73000000,78839.89000000,79614.35000000,1892.03092000
2025-04-06 20:00:00,79614.34000000,79890.16000000,78539.44000000,78867.99000000,2279.67564000
2025-04-06 21:00:00,78867.99000000,79681.81000000,78720.00000000,78950.61000000,1342.55207000
2025-04-06 22:00:00,78950.61000000,79130.44000000,77800.00000000,78063.66000000,4224.44881000
2025-04-06 23:00:00,78063.67000000,78709.16000000,77153.83000000,78430.00000000,3938.13130000
2025-04-07 00:00:00,78430.00000000,78520.00000000,77419.90000000,78327.87000000,2646.04264000
2025-04-07 01:00:00,78327.86000000,79347.46000000,78318.00000000,79142.01000000,2024.95477000
2025-04-07 02:00:00,79142.01000000,79220.00000000,78392.15000000,78447.42000000,1208.89648000
2025-04-07 03:00:00,78447.42000000,78507.81000000,77354.00000000,77707.77000000,2435.51362000
2025-04-07 04:00:00,77707.78000000,77984.00000000,76666.00000000,76989.92000000,3062.66495000
2025-04-07 05:00:00,76989.92000000,77500.00000000,76666.01000000,76942.82000000,2272.40108000
2025-04-07 06:00:00,76942.82000000,77299.99000000,74555.00000000,74810.01000000,9248.78671000
2025-04-07 07:00:00,74810.00000000,75491.06000000,74508.00000000,75126.01000000,4359.45526000
2025-04-07 08:00:00,75126.01000000,76843.47000000,75085.74000000,76266.89000000,3895.35955000
2025-04-07 09:00:00,76266.88000000,76792.00000000,75744.08000000,76274.56000000,2059.59344000
2025-04-07 10:00:00,76274.55000000,77577.88000000,76143.82000000,76983.60000000,2616.79525000
2025-04-07 11:00:00,76983.61000000,77400.00000000,76423.27000000,76685.62000000,1472.78494000
2025-04-07 12:00:00,76685.62000000,77666.00000000,76410.62000000,77335.89000000,2701.16859000
2025-04-07 13:00:00,77335.88000000,78498.93000000,75789.01000000,78365.47000000,4749.87831000
2025-04-07 14:00:00,78365.48000000,81243.58000000,77870.01000000,79033.11000000,15098.55422000
2025-04-07 15:00:00,79033.11000000,79376.00000000,77530.00000000,78479.90000000,5159.37034000
2025-04-07 16:00:00,78479.91000000,78584.21000000,77313.20000000,77434.01000000,2210.73067000
2025-04-07 17:00:00,77434.01000000,79200.00000000,77434.00000000,79074.50000000,3328.43357000
2025-04-07 18:00:00,79076.08000000,79365.46000000,78277.77000000,78484.91000000,1817.82881000
2025-04-07 19:00:00,78484.91000000,78961.92000000,78019.90000000,78130.44000000,1473.92792000
2025-04-07 20:00:00,78130.43000000,79128.82000000,78102.91000000,78955.26000000,788.56824000
2025-04-07 21:00:00,78955.26000000,79591.92000000,78684.22000000,79239.42000000,997.04459000
2025-04-07 22:00:00,79239.41000000,80218.88000000,79182.60000000,79956.47000000,1195.42635000
2025-04-07 23:00:00,79956.47000000,80083.99000000,79090.90000000,79163.24000000,1563.35059000
2025-04-08 00:00:00,79163.24000000,79599.99000000,79000.00000000,79020.04000000,1021.92218000
2025-04-08 01:00:00,79020.04000000,80811.07000000,78772.14000000,80599.99000000,1819.55645000
2025-04-08 02:00:00,80600.00000000,80867.99000000,79891.38000000,79947.05000000,1277.93081000
2025-04-08 03:00:00,79947.05000000,80198.12000000,79759.90000000,79904.00000000,822.55347000
2025-04-08 04:00:00,79904.00000000,80413.49000000,79859.90000000,80300.00000000,603.14404000
2025-04-08 05:00:00,80299.99000000,80312.00000000,79536.00000000,79872.25000000,1021.79236000
2025-04-08 06:00:00,79872.24000000,79872.24000000,79279.50000000,79447.30000000,821.53728000
2025-04-08 07:00:00,79447.29000000,79714.21000000,79219.90000000,79496.00000000,855.65343000
2025-04-08 08:00:00,79496.01000000,79528.35000000,78939.00000000,79154.02000000,1034.87124000
2025-04-08 09:00:00,79154.01000000,79228.42000000,78860.49000000,78900.00000000,1054.87681000
2025-04-08 10:00:00,78900.00000000,79173.92000000,78819.65000000,79003.54000000,737.04745000
2025-04-08 11:00:00,79003.54000000,80077.65000000,78961.78000000,79982.00000000,1430.93505000
2025-04-08 12:00:00,79982.00000000,80122.00000000,79559.90000000,79837.99000000,1309.14047000
2025-04-08 13:00:00,79837.99000000,80375.00000000,79381.02000000,79899.90000000,2851.38021000
2025-04-08 14:00:00,79899.90000000,80258.00000000,78474.00000000,78479.91000000,2481.53782000
2025-04-08 15:00:00,78479.91000000,78859.85000000,78175.14000000,78497.99000000,2215.66571000
2025-04-08 16:00:00,78498.00000000,78522.72000000,77357.61000000,77414.25000000,2601.21789000
2025-04-08 17:00:00,77414.26000000,77560.00000000,76556.98000000,77349.99000000,3127.01518000
2025-04-08 18:00:00,77350.00000000,77999.99000000,77082.65000000,77259.91000000,1833.69836000
2025-04-08 19:00:00,77259.91000000,77356.00000000,76334.65000000,76854.05000000,3200.81341000
2025-04-08 20:00:00,76854.05000000,77200.79000000,76606.51000000,77133.41000000,853.14727000
2025-04-08 21:00:00,77133.40000000,77285.50000000,76730.01000000,77100.00000000,412.81598000
2025-04-08 22:00:00,77100.00000000,77135.19000000,76239.90000000,76731.21000000,963.72715000
2025-04-08 23:00:00,76731.21000000,76798.00000000,76307.36000000,76322.42000000,965.34061000
2025-04-09 00:00:00,76322.42000000,76868.28000000,75926.52000000,76522.07000000,1811.75453000
2025-04-09 01:00:00,76522.07000000,76595.42000000,74620.00000000,76070.53000000,4724.66887000
2025-04-09 02:00:00,76070.53000000,76473.62000000,75572.38000000,75674.44000000,1774.07613000
2025-04-09 03:00:00,75674.45000000,75869.57000000,75015.86000000,75073.33000000,1469.18560000
2025-04-09 04:00:00,75073.34000000,76915.94000000,75000.00000000,76416.34000000,2745.32330000
2025-04-09 05:00:00,76416.33000000,76820.52000000,76214.32000000,76734.83000000,1382.92585000
2025-04-09 06:00:00,76734.83000000,77317.89000000,76709.69000000,76829.02000000,1366.49318000
2025-04-09 07:00:00,76829.01000000,77979.30000000,76818.52000000,77694.12000000,3645.52951000
2025-04-09 08:00:00,77694.12000000,77880.00000000,77085.00000000,77304.35000000,1261.18448000
2025-04-09 09:00:00,77304.35000000,77540.00000000,77168.59000000,77478.26000000,702.62992000
2025-04-09 10:00:00,77478.27000000,77574.15000000,76950.00000000,77190.00000000,1155.98799000
2025-04-09 11:00:00,77191.16000000,77193.66000000,75756.86000000,76230.01000000,4778.95169000
2025-04-09 12:00:00,76230.01000000,77074.02000000,76010.21000000,76760.86000000,2011.44438000
2025-04-09 13:00:00,76763.07000000,77875.46000000,76710.89000000,77698.12000000,2996.73920000
2025-04-09 14:00:00,77698.11000000,78318.46000000,76798.87000000,76870.00000000,3111.22641000
2025-04-09 15:00:00,76870.01000000,77650.95000000,76844.01000000,77258.00000000,1715.86691000
2025-04-09 16:00:00,77258.01000000,78361.59000000,77136.00000000,78267.68000000,1376.94929000
2025-04-09 17:00:00,78267.69000000,82286.11000000,77649.99000000,82202.16000000,14052.30474000
2025-04-09 18:00:00,82202.16000000,82990.00000000,81690.03000000,81788.37000000,6690.57548000
2025-04-09 19:00:00,81788.36000000,82618.98000000,81771.39000000,82332.08000000,4464.82805000
2025-04-09 20:00:00,82332.08000000,83267.57000000,81987.89000000,83204.00000000,5200.74454000
2025-04-09 21:00:00,83204.00000000,83588.00000000,82848.49000000,83284.29000000,3577.62027000
2025-04-09 22:00:00,83284.28000000,83500.00000000,82956.52000000,83056.83000000,2419.99610000
2025-04-09 23:00:00,83056.84000000,83156.49000000,82530.43000000,82615.22000000,1051.28130000
2025-04-10 00:00:00,82615.22000000,82753.21000000,82056.19000000,82352.85000000,1636.34707000
2025-04-10 01:00:00,82352.85000000,82600.00000000,82224.90000000,82249.29000000,1471.70076000
2025-04-10 02:00:00,82249.29000000,82565.19000000,82195.77000000,82200.00000000,871.82875000
2025-04-10 03:00:00,82201.24000000,82224.45000000,81472.84000000,81775.20000000,1478.04577000
2025-04-10 04:00:00,81775.20000000,82088.75000000,81640.74000000,82019.26000000,563.81007000
2025-04-10 05:00:00,82019.26000000,82241.40000000,81924.96000000,82158.03000000,821.38566000
2025-04-10 06:00:00,82158.03000000,82344.30000000,81838.03000000,82156.72000000,1005.90065000
2025-04-10 07:00:00,82156.72000000,82250.00000000,81292.99000000,81595.81000000,1208.49976000
2025-04-10 08:00:00,81595.81000000,81853.20000000,81420.29000000,81549.99000000,766.64513000
2025-04-10 09:00:00,81550.00000000,82079.57000000,81349.00000000,82036.71000000,819.18784000
2025-04-10 10:00:00,82036.72000000,82130.43000000,81565.43000000,81766.05000000,894.95314000
2025-04-10 11:00:00,81766.04000000,81944.00000000,81502.02000000,81882.01000000,628.40346000
2025-04-10 12:00:00,81882.00000000,82466.35000000,81459.48000000,81710.46000000,2473.36420000
2025-04-10 13:00:00,81710.45000000,81948.00000000,80764.84000000,80874.36000000,2370.78322000
2025-04-10 14:00:00,80874.35000000,81841.58000000,80634.26000000,81272.19000000,2096.33434000
2025-04-10 15:00:00,81272.19000000,81353.10000000,78606.06000000,78757.00000000,5245.58887000
2025-04-10 16:00:00,78757.24000000,79688.00000000,78464.36000000,79453.82000000,2753.55001000
2025-04-10 17:00:00,79453.83000000,79672.46000000,78616.00000000,79328.01000000,1875.76826000
2025-04-10 18:00:00,79328.01000000,79876.61000000,79223.62000000,79502.07000000,1156.09141000
2025-04-10 19:00:00,79502.08000000,80058.96000000,79304.59000000,79649.34000000,1083.53379000
2025-04-10 20:00:00,79647.37000000,79960.97000000,79570.12000000,79931.55000000,634.20811000
2025-04-10 21:00:00,79931.56000000,80035.54000000,79683.81000000,79714.52000000,489.14925000
2025-04-10 22:00:00,79714.51000000,79920.00000000,79545.45000000,79693.77000000,413.86755000
2025-04-10 23:00:00,79693.77000000,79743.33000000,79377.04000000,79607.30000000,525.86011000
2025-04-11 00:00:00,79607.30000000,79750.17000000,78969.58000000,79043.48000000,1377.83878000
2025-04-11 01:00:00,79043.48000000,80459.01000000,79011.18000000,80452.72000000,1401.36338000
2025-04-11 02:00:00,80452.71000000,80829.02000000,80162.18000000,80302.05000000,998.25546000
2025-04-11 03:00:00,80302.05000000,80906.63000000,80295.72000000,80842.99000000,838.60667000
2025-04-11 04:00:00,80843.00000000,81100.00000000,80720.07000000,80888.15000000,712.80100000
2025-04-11 05:00:00,80888.14000000,80912.02000000,80512.22000000,80816.00000000,693.58062000
2025-04-11 06:00:00,80815.99000000,81333.00000000,80815.99000000,81102.00000000,1056.33153000
2025-04-11 07:00:00,81102.00000000,81440.73000000,80850.00000000,81266.76000000,1276.65135000
2025-04-11 08:00:00,81266.76000000,81936.71000000,80782.43000000,81631.89000000,2204.94641000
2025-04-11 09:00:00,81631.89000000,82450.23000000,81450.00000000,82450.00000000,1763.29306000
2025-04-11 10:00:00,82450.00000000,82985.71000000,82304.34000000,82706.86000000,1924.43942000
2025-04-11 11:00:00,82706.85000000,82901.02000000,82020.25000000,82129.67000000,1780.09921000
2025-04-11 12:00:00,82129.67000000,82564.00000000,81819.14000000,82115.52000000,1461.08733000
2025-04-11 13:00:00,82115.53000000,83333.00000000,81816.01000000,82930.67000000,2809.45779000
2025-04-11 14:00:00,82930.67000000,82930.67000000,81341.22000000,81898.00000000,2811.61227000
2025-04-11 15:00:00,81898.00000000,82700.00000000,81716.00000000,82521.74000000,1498.55315000
2025-04-11 16:00:00,82521.74000000,83022.98000000,82015.08000000,82792.46000000,1214.14875000
2025-04-11 17:00:00,82792.46000000,84073.00000000,82695.65000000,83930.00000000,2707.88227000
2025-04-11 18:00:00,83930.00000000,84220.00000000,83520.00000000,83607.99000000,1750.93667000
2025-04-11 19:00:00,83608.00000000,83988.49000000,83565.21000000,83858.28000000,1301.10515000
2025-04-11 20:00:00,83858.28000000,84029.13000000,83716.98000000,83848.00000000,978.20383000
2025-04-11 21:00:00,83848.01000000,84300.00000000,83636.36000000,83674.01000000,834.41054000
2025-04-11 22:00:00,83674.01000000,83716.99000000,83316.36000000,83415.34000000,567.06542000
2025-04-11 23:00:00,83415.35000000,83597.94000000,83162.00000000,83423.84000000,472.76791000
2025-04-12 00:00:00,83423.83000000,83572.00000000,83245.89000000,83369.08000000,544.11582000
2025-04-12 01:00:00,83369.08000000,83453.22000000,83144.57000000,83217.39000000,608.12739000
2025-04-12 02:00:00,83217.39000000,83310.05000000,82800.01000000,82804.87000000,534.58873000
2025-04-12 03:00:00,82804.86000000,83140.00000000,82792.95000000,82973.13000000,410.42592000
2025-04-12 04:00:00,82973.14000000,83464.00000000,82856.86000000,83208.04000000,584.64883000
2025-04-12 05:00:00,83208.04000000,83506.39000000,83198.11000000,83338.92000000,359.68833000
2025-04-12 06:00:00,83338.92000000,83790.05000000,83338.91000000,83567.42000000,625.07929000
2025-04-12 07:00:00,83567.43000000,83830.62000000,83496.56000000,83724.92000000,650.14829000
2025-04-12 08:00:00,83724.92000000,84031.87000000,83480.01000000,83604.77000000,954.13183000
2025-04-12 09:00:00,83604.77000000,83766.74000000,83420.00000000,83550.00000000,394.41868000
2025-04-12 10:00:00,83550.00000000,83565.22000000,83305.91000000,83420.44000000,322.84492000
2025-04-12 11:00:00,83420.44000000,83647.93000000,83420.44000000,83528.30000000,354.62284000
2025-04-12 12:00:00,83528.30000000,83936.45000000,83474.94000000,83829.86000000,579.86365000
2025-04-12 13:00:00,83829.86000000,84688.00000000,83555.12000000,84458.24000000,2598.54044000
2025-04-12 14:00:00,84458.24000000,85251.00000000,84314.62000000,84827.75000000,2326.60565000
2025-04-12 15:00:00,84827.75000000,85402.90000000,84624.73000000,85008.40000000,1997.17669000
2025-04-12 16:00:00,85008.40000000,85212.81000000,84575.15000000,84659.19000000,822.00642000
2025-04-12 17:00:00,84659.18000000,84867.51000000,84421.95000000,84760.71000000,536.71418000
2025-04-12 18:00:00,84760.71000000,85193.09000000,84755.50000000,85178.01000000,378.89539000
2025-04-12 19:00:00,85178.00000000,85258.29000000,84834.75000000,84943.40000000,468.33569000
2025-04-12 20:00:00,84943.39000000,85905.00000000,84877.61000000,85517.29000000,1116.86575000
2025-04-12 21:00:00,85517.28000000,85566.28000000,85260.86000000,85367.93000000,620.78416000
2025-04-12 22:00:00,85367.93000000,85701.60000000,85329.27000000,85336.01000000,314.03061000
2025-04-12 23:00:00,85336.01000000,85428.97000000,85170.00000000,85276.90000000,368.08487000
2025-04-13 00:00:00,85276.91000000,85571.12000000,85012.00000000,85495.72000000,519.16586000
2025-04-13 01:00:00,85495.72000000,86100.00000000,85142.46000000,85259.77000000,1921.79914000
2025-04-13 02:00:00,85259.76000000,85451.85000000,84724.91000000,85302.22000000,1987.96886000
2025-04-13 03:00:00,85302.21000000,85724.79000000,85247.03000000,85432.31000000,1663.06089000
2025-04-13 04:00:00,85432.31000000,85436.68000000,84464.44000000,84619.98000000,2229.02689000
2025-04-13 05:00:00,84619.98000000,84804.57000000,84399.42000000,84515.58000000,2128.82276000
2025-04-13 06:00:00,84515.57000000,84849.06000000,84444.72000000,84608.69000000,449.65847000
2025-04-13 07:00:00,84608.70000000,84769.87000000,84413.09000000,84413.10000000,521.59067000
2025-04-13 08:00:00,84413.10000000,84693.20000000,84277.03000000,84664.60000000,526.53348000
2025-04-13 09:00:00,84664.61000000,84948.25000000,84504.58000000,84918.24000000,465.84452000
2025-04-13 10:00:00,84918.25000000,84949.86000000,84510.00000000,84686.79000000,413.68265000
2025-04-13 11:00:00,84686.80000000,84771.25000000,84216.15000000,84528.66000000,703.32717000
2025-04-13 12:00:00,84528.66000000,84700.00000000,84245.39000000,84458.75000000,702.43515000
2025-04-13 13:00:00,84458.75000000,84620.01000000,83487.72000000,83599.13000000,1593.77726000
2025-04-13 14:00:00,83599.12000000,84166.96000000,83480.67000000,84093.22000000,788.58222000
2025-04-13 15:00:00,84093.22000000,84093.23000000,83665.30000000,83849.66000000,667.96537000
2025-04-13 16:00:00,83849.66000000,84424.53000000,83845.13000000,84225.97000000,794.61064000
2025-04-13 17:00:00,84225.97000000,84990.22000000,84190.04000000,84754.85000000,1090.91398000
2025-04-13 18:00:00,84754.84000000,84943.40000000,84524.14000000,84730.00000000,624.69181000
2025-04-13 19:00:00,84730.00000000,84730.00000000,83050.00000000,83981.31000000,1584.07044000
2025-04-13 20:00:00,83981.32000000,84446.31000000,83154.82000000,83499.99000000,1157.47142000
2025-04-13 21:00:00,83499.98000000,83826.09000000,83034.23000000,83607.00000000,879.93296000
2025-04-13 22:00:00,83607.00000000,83882.77000000,83169.01000000,83335.99000000,694.86581000
2025-04-13 23:00:00,83335.99000000,83840.43000000,83169.03000000,83760.00000000,570.24339000
2025-04-14 00:00:00,83760.00000000,85129.69000000,83678.00000000,84325.74000000,1860.02544000
2025-04-14 01:00:00,84325.73000000,84687.10000000,84048.01000000,84228.00000000,1013.96485000
2025-04-14 02:00:00,84228.00000000,85544.30000000,84036.84000000,85140.70000000,3177.66333000
2025-04-14 03:00:00,85140.69000000,85166.84000000,84445.49000000,84566.03000000,3093.33239000
2025-04-14 04:00:00,84566.04000000,85110.00000000,84415.25000000,84869.31000000,1719.13731000
2025-04-14 05:00:00,84869.31000000,84990.57000000,84343.73000000,84575.18000000,599.79720000
2025-04-14 06:00:00,84575.19000000,84644.91000000,84279.81000000,84624.21000000,617.23501000
2025-04-14 07:00:00,84624.21000000,84787.07000000,84211.06000000,84580.76000000,690.45295000
2025-04-14 08:00:00,84580.77000000,84957.27000000,84440.00000000,84763.18000000,771.96623000
2025-04-14 09:00:00,84763.18000000,84912.94000000,84250.00000000,84442.72000000,632.50132000
2025-04-14 10:00:00,84442.72000000,84810.41000000,84304.34000000,84656.85000000,606.42127000
2025-04-14 11:00:00,84656.85000000,84965.34000000,84500.00000000,84927.55000000,661.64623000
2025-04-14 12:00:00,84927.56000000,85227.27000000,84752.01000000,85128.76000000,865.64286000
2025-04-14 13:00:00,85129.62000000,85279.99000000,84052.65000000,84376.66000000,1572.42433000
2025-04-14 14:00:00,84376.66000000,85799.99000000,84270.00000000,85423.60000000,2172.27087000
2025-04-14 15:00:00,85423.60000000,85468.97000000,83709.25000000,84101.16000000,2301.74134000
2025-04-14 16:00:00,84101.16000000,84669.85000000,83863.63000000,84341.99000000,1025.80861000
2025-04-14 17:00:00,84342.00000000,84893.32000000,84221.90000000,84859.73000000,955.77527000
2025-04-14 18:00:00,84859.73000000,85080.00000000,84687.21000000,84988.04000000,933.08495000
2025-04-14 19:00:00,84988.03000000,85208.10000000,84772.72000000,84923.07000000,1578.34239000
2025-04-14 20:00:00,84923.07000000,84971.70000000,84539.61000000,84861.82000000,758.41223000
2025-04-14 21:00:00,84861.82000000,84970.74000000,84450.01000000,84706.10000000,283.86483000
2025-04-14 22:00:00,84706.10000000,84745.70000000,84430.37000000,84500.01000000,419.39516000
2025-04-14 23:00:00,84500.01000000,84782.50000000,84424.52000000,84591.58000000,348.18711000
2025-04-15 00:00:00,84591.58000000,84966.90000000,84347.97000000,84930.70000000,530.29735000
2025-04-15 01:00:00,84930.70000000,85137.53000000,84542.87000000,84983.73000000,689.66111000
2025-04-15 02:00:00,84983.73000000,85300.01000000,84706.85000000,85232.83000000,611.38477000
2025-04-15 03:00:00,85232.83000000,85415.10000000,85069.86000000,85379.96000000,946.11491000
2025-04-15 04:00:00,85379.97000000,85538.28000000,85157.60000000,85490.46000000,802.58491000
2025-04-15 05:00:00,85490.47000000,85879.10000000,85485.59000000,85545.71000000,1089.50557000
2025-04-15 06:00:00,85545.71000000,85692.74000000,85360.35000000,85391.35000000,616.78438000
2025-04-15 07:00:00,85391.35000000,85784.73000000,85391.34000000,85716.77000000,651.68444000
2025-04-15 08:00:00,85716.77000000,85990.00000000,85657.62000000,85850.00000000,993.62940000
2025-04-15 09:00:00,85850.00000000,85989.00000000,85589.40000000,85989.00000000,743.88202000
2025-04-15 10:00:00,85989.00000000,86000.00000000,85442.00000000,85638.14000000,830.95199000
2025-04-15 11:00:00,85638.15000000,85668.10000000,85351.00000000,85589.23000000,506.92157000
2025-04-15 12:00:00,85589.23000000,85819.74000000,85446.21000000,85819.74000000,659.12128000
2025-04-15 13:00:00,85819.74000000,86496.42000000,85509.69000000,85589.44000000,2514.11766000
2025-04-15 14:00:00,85589.43000000,85980.64000000,84829.79000000,85146.88000000,2610.86721000
2025-04-15 15:00:00,85146.89000000,85386.00000000,84623.73000000,84918.14000000,971.92908000
2025-04-15 16:00:00,84918.15000000,85146.55000000,84779.29000000,84860.81000000,470.87307000
2025-04-15 17:00:00,84860.81000000,85003.26000000,84408.39000000,84483.23000000,664.55737000
2025-04-15 18:00:00,84483.23000000,84608.68000000,84151.68000000,84196.00000000,778.79136000
2025-04-15 19:00:00,84196.00000000,84230.86000000,83921.19000000,83998.52000000,759.86799000
2025-04-15 20:00:00,83998.51000000,84205.35000000,83800.01000000,84020.01000000,435.57621000
2025-04-15 21:00:00,84020.00000000,84235.85000000,83871.26000000,84178.00000000,402.79146000
2025-04-15 22:00:00,84177.99000000,84177.99000000,83688.00000000,83838.47000000,720.98010000
2025-04-15 23:00:00,83838.47000000,83860.43000000,83600.00000000,83643.99000000,908.12007000
2025-04-16 00:00:00,83643.99000000,83700.00000000,83138.66000000,83146.01000000,902.74242000
2025-04-16 01:00:00,83146.01000000,83664.56000000,83111.64000000,83637.79000000,778.77206000
2025-04-16 02:00:00,83637.79000000,83930.00000000,83591.63000000,83900.00000000,481.07531000
2025-04-16 03:00:00,83900.00000000,83960.00000000,83661.96000000,83695.66000000,301.13886000
2025-04-16 04:00:00,83695.66000000,83800.00000000,83381.72000000,83587.99000000,737.25691000
2025-04-16 05:00:00,83588.00000000,83814.00000000,83212.64000000,83363.00000000,826.09819000
2025-04-16 06:00:00,83362.99000000,83749.98000000,83271.02000000,83643.99000000,981.89704000
2025-04-16 07:00:00,83644.00000000,83767.27000000,83307.00000000,83363.17000000,526.14277000
2025-04-16 08:00:00,83363.17000000,84112.69000000,83140.89000000,83736.79000000,1274.84501000
2025-04-16 09:00:00,83736.79000000,83939.39000000,83600.00000000,83600.01000000,552.56156000
2025-04-16 10:00:00,83600.00000000,83991.23000000,83575.96000000,83937.02000000,440.91882000
2025-04-16 11:00:00,83937.02000000,84127.05000000,83782.60000000,84048.11000000,564.51720000
2025-04-16 12:00:00,84048.36000000,84262.00000000,83722.56000000,83757.72000000,660.67455000
2025-04-16 13:00:00,83757.73000000,84204.54000000,83512.20000000,83736.37000000,1092.69367000
2025-04-16 14:00:00,83736.36000000,84849.06000000,83714.31000000,84605.31000000,1314.81650000
2025-04-16 15:00:00,84605.30000000,85270.27000000,84502.02000000,84846.58000000,1518.84460000
2025-04-16 16:00:00,84846.58000000,85226.42000000,84701.23000000,85048.55000000,782.33383000
2025-04-16 17:00:00,85048.54000000,85500.00000000,83275.00000000,83281.21000000,2664.59303000
2025-04-16 18:00:00,83281.21000000,84472.31000000,83276.00000000,84029.97000000,2051.77730000
2025-04-16 19:00:00,84029.98000000,84484.23000000,83802.00000000,84334.01000000,729.46623000
2025-04-16 20:00:00,84334.00000000,84657.69000000,84242.00000000,84295.99000000,466.78462000
2025-04-16 21:00:00,84296.00000000,84679.53000000,84260.86000000,84545.36000000,409.64850000
2025-04-16 22:00:00,84545.36000000,84586.41000000,84302.00000000,84460.43000000,304.81542000
2025-04-16 23:00:00,84460.43000000,84493.80000000,84024.00000000,84030.38000000,502.83079000
2025-04-17 00:00:00,84030.38000000,84210.00000000,83932.66000000,84210.00000000,480.10020000
2025-04-17 01:00:00,84209.99000000,84496.00000000,84118.94000000,84337.99000000,254.93961000
2025-04-17 02:00:00,84337.98000000,84337.99000000,84027.42000000,84272.86000000,254.74825000
2025-04-17 03:00:00,84272.86000000,84299.70000000,83814.48000000,83994.23000000,430.64762000
2025-04-17 04:00:00,83994.23000000,84188.59000000,83900.00000000,84153.05000000,398.89207000
2025-04-17 05:00:00,84153.05000000,84491.03000000,84099.73000000,84391.30000000,328.30713000
2025-04-17 06:00:00,84391.30000000,84872.50000000,84308.25000000,84773.59000000,578.51665000
2025-04-17 07:00:00,84773.59000000,85053.38000000,84597.96000000,84669.98000000,733.01179000
2025-04-17 08:00:00,84669.98000000,84763.29000000,84401.00000000,84445.54000000,317.37946000
2025-04-17 09:00:00,84445.55000000,84531.81000000,84361.00000000,84477.31000000,344.92722000
2025-04-17 10:00:00,84477.30000000,84505.09000000,84191.17000000,84377.27000000,243.55712000
2025-04-17 11:00:00,84377.28000000,84764.44000000,84283.25000000,84562.00000000,427.45329000
2025-04-17 12:00:00,84562.00000000,84862.93000000,84561.99000000,84775.99000000,717.89236000
2025-04-17 13:00:00,84775.99000000,84776.00000000,84318.18000000,84475.14000000,800.05542000
2025-04-17 14:00:00,84475.14000000,84475.14000000,83736.26000000,84087.08000000,1181.14130000
2025-04-17 15:00:00,84087.09000000,84698.41000000,84087.09000000,84531.71000000,1022.61961000
2025-04-17 16:00:00,84531.72000000,85090.00000000,84393.59000000,84934.00000000,1394.88890000
2025-04-17 17:00:00,84934.00000000,85208.00000000,84786.12000000,85108.66000000,878.39870000
2025-04-17 18:00:00,85108.67000000,85470.01000000,84899.71000000,84899.71000000,929.23965000
2025-04-17 19:00:00,84899.71000000,85119.47000000,84495.38000000,84849.06000000,870.29545000
2025-04-17 20:00:00,84849.05000000,85140.00000000,84849.05000000,85140.00000000,383.92432000
2025-04-17 21:00:00,85140.00000000,85140.00000000,84896.24000000,85062.00000000,270.75552000
2025-04-17 22:00:00,85062.00000000,85093.40000000,84720.21000000,84720.21000000,255.30188000
2025-04-17 23:00:00,84720.22000000,85013.27000000,84720.22000000,84947.91000000,231.85420000
2025-04-18 00:00:00,84947.92000000,85018.97000000,84735.35000000,84817.09000000,331.38823000
2025-04-18 01:00:00,84817.09000000,85132.08000000,84817.08000000,84925.58000000,329.85790000
2025-04-18 02:00:00,84925.59000000,84976.50000000,84800.07000000,84888.00000000,301.82105000
2025-04-18 03:00:00,84888.00000000,84897.06000000,84724.60000000,84828.00000000,284.67684000
2025-04-18 04:00:00,84827.99000000,84838.52000000,84598.58000000,84663.71000000,300.39751000
2025-04-18 05:00:00,84663.70000000,84737.64000000,84514.67000000,84734.97000000,431.38662000
2025-04-18 06:00:00,84734.98000000,84775.07000000,84592.01000000,84721.41000000,249.89268000
2025-04-18 07:00:00,84721.41000000,84730.64000000,84413.23000000,84654.68000000,541.78650000
2025-04-18 08:00:00,84654.68000000,84764.00000000,84610.74000000,84647.32000000,284.56217000
2025-04-18 09:00:00,84647.32000000,84647.33000000,84519.66000000,84548.90000000,289.30805000
2025-04-18 10:00:00,84548.89000000,84660.38000000,84485.74000000,84521.25000000,342.73799000
2025-04-18 11:00:00,84521.25000000,84669.12000000,84472.25000000,84669.11000000,250.06555000
2025-04-18 12:00:00,84669.11000000,84769.95000000,84566.16000000,84645.60000000,283.92186000
2025-04-18 13:00:00,84645.60000000,84645.60000000,84478.26000000,84570.61000000,311.96897000
2025-04-18 14:00:00,84570.61000000,84619.34000000,84368.16000000,84583.13000000,313.98928000
2025-04-18 15:00:00,84583.13000000,84610.30000000,84338.00000000,84374.59000000,324.83689000
2025-04-18 16:00:00,84374.60000000,84547.04000000,84303.96000000,84478.12000000,247.68307000
2025-04-18 17:00:00,84478.12000000,84603.78000000,84391.30000000,84571.92000000,168.26965000
2025-04-18 18:00:00,84571.91000000,84649.99000000,84505.06000000,84616.96000000,162.33185000
2025-04-18 19:00:00,84616.96000000,84640.00000000,84512.00000000,84562.83000000,140.25037000
2025-04-18 20:00:00,84562.83000000,84626.92000000,84466.79000000,84520.12000000,148.26203000
2025-04-18 21:00:00,84520.12000000,84684.49000000,84486.92000000,84621.58000000,165.72264000
2025-04-18 22:00:00,84621.58000000,84641.50000000,84425.62000000,84521.48000000,150.61710000
2025-04-18 23:00:00,84521.49000000,84521.49000000,84342.15000000,84474.69000000,174.22835000
2025-04-19 00:00:00,84474.70000000,84485.02000000,84364.45000000,84436.67000000,150.92673000
2025-04-19 01:00:00,84436.66000000,84596.50000000,84424.70000000,84544.06000000,171.80102000
2025-04-19 02:00:00,84544.07000000,84829.05000000,84491.53000000,84785.80000000,367.84088000
2025-04-19 03:00:00,84785.80000000,84986.76000000,84779.00000000,84883.71000000,414.87445000
2025-04-19 04:00:00,84883.72000000,85300.00000000,84883.71000000,85021.90000000,942.76304000
2025-04-19 05:00:00,85021.89000000,85225.05000000,84990.56000000,85079.99000000,439.14401000
2025-04-19 06:00:00,85080.00000000,85100.00000000,84889.96000000,84921.98000000,475.42537000
2025-04-19 07:00:00,84921.99000000,85250.00000000,84921.98000000,85217.39000000,402.38216000
2025-04-19 08:00:00,85217.38000000,85396.00000000,85115.45000000,85311.63000000,302.42907000
2025-04-19 09:00:00,85311.63000000,85436.72000000,85220.14000000,85328.12000000,358.65470000
2025-04-19 10:00:00,85328.12000000,85343.22000000,85147.37000000,85250.00000000,280.34551000
2025-04-19 11:00:00,85249.99000000,85287.54000000,85118.08000000,85217.40000000,436.94760000
2025-04-19 12:00:00,85217.40000000,85324.72000000,85193.51000000,85295.43000000,264.18234000
2025-04-19 13:00:00,85295.44000000,85498.77000000,85201.63000000,85472.54000000,455.21546000
2025-04-19 14:00:00,85472.53000000,85500.00000000,85357.54000000,85415.09000000,345.18822000
2025-04-19 15:00:00,85415.10000000,85677.99000000,85070.00000000,85191.19000000,1519.86316000
2025-04-19 16:00:00,85191.18000000,85330.06000000,84694.49000000,84845.93000000,880.38359000
2025-04-19 17:00:00,84845.93000000,85253.00000000,84829.65000000,85239.92000000,335.55555000
2025-04-19 18:00:00,85239.92000000,85320.76000000,85123.52000000,85144.64000000,373.22771000
2025-04-19 19:00:00,85144.64000000,85200.00000000,85044.67000000,85085.55000000,199.95038000
2025-04-19 20:00:00,85085.56000000,85265.95000000,85015.63000000,85195.85000000,127.37715000
2025-04-19 21:00:00,85195.85000000,85367.93000000,85183.20000000,85339.53000000,141.13902000
2025-04-19 22:00:00,85339.53000000,85355.20000000,85217.39000000,85259.86000000,155.47632000
2025-04-19 23:00:00,85259.85000000,85259.86000000,85067.07000000,85077.01000000,125.48809000
2025-04-20 00:00:00,85077.00000000,85226.42000000,85050.27000000,85167.99000000,329.29484000
2025-04-20 01:00:00,85167.98000000,85320.76000000,85139.70000000,85320.15000000,248.37812000
2025-04-20 02:00:00,85320.16000000,85320.76000000,85202.92000000,85226.44000000,158.61851000
2025-04-20 03:00:00,85226.44000000,85266.38000000,85111.00000000,85168.81000000,146.25197000
2025-04-20 04:00:00,85168.82000000,85248.00000000,85104.85000000,85185.13000000,119.07773000
2025-04-20 05:00:00,85185.14000000,85195.75000000,85088.54000000,85088.54000000,128.65862000
2025-04-20 06:00:00,85088.55000000,85160.00000000,84852.15000000,84955.42000000,283.26816000
2025-04-20 07:00:00,84955.43000000,84955.43000000,84678.18000000,84784.01000000,636.69171000
2025-04-20 08:00:00,84784.01000000,84785.00000000,84617.01000000,84647.30000000,238.80157000
2025-04-20 09:00:00,84647.30000000,84647.31000000,84453.77000000,84551.14000000,351.30667000
2025-04-20 10:00:00,84551.15000000,84551.15000000,84000.00000000,84184.03000000,844.03623000
2025-04-20 11:00:00,84184.02000000,84259.94000000,83949.52000000,84129.83000000,451.25660000
2025-04-20 12:00:00,84129.82000000,84488.85000000,84099.30000000,84365.56000000,609.96744000
2025-04-20 13:00:00,84365.55000000,84465.66000000,84151.03000000,84315.21000000,297.68348000
2025-04-20 14:00:00,84315.21000000,84664.00000000,84251.58000000,84626.16000000,380.00648000
2025-04-20 15:00:00,84626.16000000,84630.99000000,84300.00000000,84344.66000000,433.36249000
2025-04-20 16:00:00,84344.65000000,84622.76000000,84272.74000000,84604.11000000,328.38904000
2025-04-20 17:00:00,84604.10000000,84623.00000000,84451.68000000,84581.98000000,161.24385000
2025-04-20 18:00:00,84581.98000000,84636.90000000,84467.94000000,84577.78000000,139.94271000
2025-04-20 19:00:00,84577.79000000,84664.09000000,84521.73000000,84651.61000000,139.48309000
2025-04-20 20:00:00,84651.61000000,85250.00000000,84616.73000000,85127.58000000,693.63733000
2025-04-20 21:00:00,85127.58000000,85244.02000000,84913.04000000,85009.27000000,276.81879000
2025-04-20 22:00:00,85009.27000000,85031.19000000,84669.73000000,84835.28000000,272.57238000
2025-04-20 23:00:00,84835.28000000,85298.00000000,84835.28000000,85179.24000000,422.92944000
2025-04-21 00:00:00,85179.24000000,87010.00000000,85144.76000000,86625.68000000,3732.36432000
2025-04-21 01:00:00,86625.69000000,87450.00000000,86625.68000000,87293.07000000,2940.48179000
2025-04-21 02:00:00,87293.08000000,87640.00000000,87116.51000000,87350.01000000,1834.30291000
2025-04-21 03:00:00,87350.00000000,87612.00000000,87156.05000000,87205.56000000,1026.18836000
2025-04-21 04:00:00,87205.56000000,87390.54000000,87038.00000000,87351.14000000,806.69672000
2025-04-21 05:00:00,87351.13000000,87738.00000000,87323.55000000,87550.00000000,819.12232000
2025-04-21 06:00:00,87550.00000000,87695.66000000,87370.32000000,87521.73000000,603.57534000
2025-04-21 07:00:00,87521.74000000,87621.62000000,87333.33000000,87434.78000000,630.34326000
2025-04-21 08:00:00,87434.79000000,87699.00000000,87416.85000000,87569.28000000,471.87477000
2025-04-21 09:00:00,87569.28000000,87795.26000000,87300.00000000,87516.05000000,1050.03827000
2025-04-21 10:00:00,87516.05000000,87577.00000000,87250.00000000,87347.83000000,619.70160000
2025-04-21 11:00:00,87347.82000000,87351.04000000,86644.29000000,86971.92000000,1164.29091000
2025-04-21 12:00:00,86971.92000000,87538.46000000,86962.46000000,87038.71000000,871.33830000
2025-04-21 13:00:00,87038.71000000,87575.21000000,86779.97000000,87028.09000000,1660.32590000
2025-04-21 14:00:00,87028.08000000,88465.99000000,86943.39000000,88208.37000000,3876.26378000
2025-04-21 15:00:00,88208.37000000,88329.49000000,87862.93000000,88044.80000000,1920.55832000
2025-04-21 16:00:00,88044.81000000,88270.88000000,87052.18000000,87176.96000000,1565.63292000
2025-04-21 17:00:00,87176.97000000,87319.69000000,86389.78000000,86847.39000000,2005.35325000
2025-04-21 18:00:00,86847.38000000,87047.45000000,86637.47000000,86786.29000000,835.76683000
2025-04-21 19:00:00,86786.29000000,87488.00000000,86712.50000000,87415.10000000,1154.45036000
2025-04-21 20:00:00,87415.09000000,87440.50000000,87144.69000000,87367.92000000,445.85734000
2025-04-21 21:00:00,87367.92000000,87385.94000000,86887.15000000,87275.00000000,492.56287000
2025-04-21 22:00:00,87275.01000000,87282.75000000,86928.74000000,87168.08000000,469.52485000
2025-04-21 23:00:00,87168.08000000,87625.68000000,87030.65000000,87516.23000000,776.75733000
2025-04-22 00:00:00,87516.22000000,87731.81000000,87076.03000000,87709.85000000,1336.03829000
2025-04-22 01:00:00,87709.86000000,88877.00000000,87513.87000000,88400.01000000,2420.38751000
2025-04-22 02:00:00,88400.00000000,88684.43000000,87896.80000000,88169.21000000,1117.66736000
2025-04-22 03:00:00,88169.21000000,88282.06000000,87826.08000000,88157.55000000,1074.60544000
2025-04-22 04:00:00,88157.55000000,88368.83000000,88021.73000000,88056.79000000,677.78988000
2025-04-22 05:00:00,88056.79000000,88413.12000000,87953.86000000,88391.27000000,539.11056000
2025-04-22 06:00:00,88391.27000000,88459.03000000,88000.00000000,88246.46000000,556.23716000
2025-04-22 07:00:00,88246.46000000,88486.00000000,88172.18000000,88476.83000000,948.01204000
2025-04-22 08:00:00,88476.82000000,88688.00000000,88320.00000000,88414.33000000,667.61336000
2025-04-22 09:00:00,88414.33000000,88600.00000000,88312.70000000,88574.34000000,616.35026000
2025-04-22 10:00:00,88574.33000000,88596.97000000,88241.33000000,88513.71000000,602.16176000
2025-04-22 11:00:00,88513.71000000,88701.93000000,88479.66000000,88614.10000000,773.70793000
2025-04-22 12:00:00,88614.09000000,89220.35000000,88482.00000000,88992.70000000,1583.02158000
2025-04-22 13:00:00,88992.71000000,90499.00000000,88944.01000000,90236.16000000,5026.97136000
2025-04-22 14:00:00,90236.16000000,90942.15000000,90026.76000000,90797.73000000,3885.34174000
2025-04-22 15:00:00,90797.73000000,91439.46000000,90383.84000000,90934.61000000,4856.84850000
2025-04-22 16:00:00,90934.61000000,91041.97000000,90624.03000000,90673.10000000,1828.95989000
2025-04-22 17:00:00,90673.10000000,91480.00000000,90666.66000000,91396.14000000,1899.09572000
2025-04-22 18:00:00,91396.14000000,91666.00000000,91140.15000000,91504.36000000,1300.89104000
2025-04-22 19:00:00,91504.36000000,91695.00000000,90905.00000000,91414.79000000,1351.76469000
2025-04-22 20:00:00,91414.78000000,91509.75000000,91065.83000000,91111.72000000,806.20698000
2025-04-22 21:00:00,91111.72000000,93888.00000000,91060.00000000,93039.99000000,6118.16636000
2025-04-22 22:00:00,93039.99000000,93354.93000000,92537.93000000,92786.19000000,1634.66903000
2025-04-22 23:00:00,92786.19000000,93860.85000000,92786.19000000,93442.99000000,2251.12861000
2025-04-23 00:00:00,93442.99000000,93909.05000000,92784.22000000,92896.99000000,2091.24557000
2025-04-23 01:00:00,92896.99000000,93496.80000000,92580.18000000,92640.00000000,1413.92377000
2025-04-23 02:00:00,92640.00000000,93254.68000000,92604.92000000,92868.77000000,1092.04260000
2025-04-23 03:00:00,92868.76000000,93223.82000000,92689.40000000,93168.91000000,618.12497000
2025-04-23 04:00:00,93168.91000000,93666.00000000,93017.46000000,93665.99000000,901.69092000
2025-04-23 05:00:00,93665.99000000,93665.99000000,93280.79000000,93478.42000000,860.57425000
2025-04-23 06:00:00,93478.43000000,93863.63000000,93420.00000000,93628.13000000,786.54566000
2025-04-23 07:00:00,93628.14000000,94264.00000000,93490.90000000,94133.82000000,1204.33150000
2025-04-23 08:00:00,94133.82000000,94521.79000000,93913.04000000,94285.72000000,1366.71825000
2025-04-23 09:00:00,94285.72000000,94398.97000000,93888.52000000,93888.52000000,800.21181000
2025-04-23 10:00:00,93888.53000000,93900.00000000,93340.81000000,93745.19000000,1429.75497000
2025-04-23 11:00:00,93745.04000000,93777.95000000,93324.45000000,93466.01000000,713.03617000
2025-04-23 12:00:00,93466.01000000,93857.14000000,93421.94000000,93731.40000000,715.78459000
2025-04-23 13:00:00,93731.40000000,94696.05000000,92872.16000000,93020.22000000,3287.20024000
2025-04-23 14:00:00,93020.35000000,93665.99000000,92666.01000000,92940.06000000,1791.42787000
2025-04-23 15:00:00,92940.05000000,93238.87000000,91935.41000000,93195.28000000,2750.44640000
2025-04-23 16:00:00,93195.28000000,93770.19000000,92913.04000000,93641.74000000,1369.64971000
2025-04-23 17:00:00,93641.73000000,93959.47000000,93455.85000000,93894.37000000,1044.80234000
2025-04-23 18:00:00,93894.38000000,94219.93000000,93620.89000000,93620.89000000,696.68663000
2025-04-23 19:00:00,93620.89000000,93620.89000000,92963.66000000,93497.88000000,907.78449000
2025-04-23 20:00:00,93497.88000000,93879.42000000,93476.20000000,93640.00000000,463.61912000
2025-04-23 21:00:00,93640.01000000,93917.53000000,93273.06000000,93485.50000000,399.08680000
2025-04-23 22:00:00,93485.51000000,93790.21000000,93238.10000000,93790.19000000,365.26246000
2025-04-23 23:00:00,93790.19000000,93841.30000000,93525.44000000,93691.08000000,334.21699000
2025-04-24 00:00:00,93691.07000000,93787.65000000,93234.31000000,93357.22000000,891.30897000
2025-04-24 01:00:00,93357.22000000,93618.88000000,93060.75000000,93489.18000000,619.94878000
2025-04-24 02:00:00,93489.18000000,93631.00000000,93050.00000000,93101.23000000,473.23812000
2025-04-24 03:00:00,93101.23000000,93329.63000000,92650.00000000,92673.95000000,783.62779000
2025-04-24 04:00:00,92673.95000000,92839.46000000,92385.12000000,92746.66000000,1107.29168000
2025-04-24 05:00:00,92746.67000000,92903.94000000,92527.62000000,92576.61000000,422.05332000
2025-04-24 06:00:00,92576.60000000,92666.67000000,92254.00000000,92388.69000000,820.57307000
2025-04-24 07:00:00,92388.70000000,92636.53000000,92101.63000000,92203.55000000,1079.93964000
2025-04-24 08:00:00,92203.54000000,92357.58000000,91660.01000000,92017.75000000,1831.96132000
2025-04-24 09:00:00,92017.75000000,92589.56000000,91976.76000000,92476.90000000,995.55388000
2025-04-24 10:00:00,92476.89000000,92657.69000000,92370.16000000,92550.89000000,612.27030000
2025-04-24 11:00:00,92550.89000000,92640.00000000,92270.67000000,92619.94000000,500.80279000
2025-04-24 12:00:00,92619.94000000,92805.67000000,92434.78000000,92777.27000000,679.77325000
2025-04-24 13:00:00,92777.27000000,92966.34000000,92554.81000000,92813.83000000,1240.39922000
2025-04-24 14:00:00,92813.82000000,93400.00000000,92619.04000000,93101.83000000,1571.34785000
2025-04-24 15:00:00,93101.84000000,93450.00000000,93011.93000000,93202.51000000,955.71570000
2025-04-24 16:00:00,93202.52000000,93595.22000000,93202.51000000,93346.08000000,871.05096000
2025-04-24 17:00:00,93346.07000000,93428.41000000,92666.62000000,93011.28000000,714.13836000
2025-04-24 18:00:00,93011.28000000,93463.67000000,92999.07000000,93380.00000000,426.75122000
2025-04-24 19:00:00,93380.00000000,93649.56000000,93189.49000000,93556.12000000,492.11945000
2025-04-24 20:00:00,93556.12000000,93666.00000000,93299.14000000,93390.66000000,646.10226000
2025-04-24 21:00:00,93391.30000000,93563.37000000,93024.00000000,93353.72000000,332.02854000
2025-04-24 22:00:00,93353.73000000,93582.73000000,93288.00000000,93427.98000000,355.09613000
2025-04-24 23:00:00,93427.98000000,94005.00000000,93373.33000000,93980.47000000,1073.96811000
2025-04-25 00:00:00,93980.47000000,94006.00000000,93520.00000000,93896.28000000,1400.33571000
2025-04-25 01:00:00,93896.27000000,94444.00000000,93602.83000000,93678.13000000,1317.12816000
2025-04-25 02:00:00,93678.14000000,93897.59000000,92892.00000000,92992.33000000,1069.14984000
2025-04-25 03:00:00,92992.33000000,93387.09000000,92855.96000000,93311.83000000,705.52433000
2025-04-25 04:00:00,93311.83000000,93498.00000000,93047.00000000,93058.58000000,668.38248000
2025-04-25 05:00:00,93058.58000000,93419.45000000,93013.56000000,93206.05000000,582.72597000
2025-04-25 06:00:00,93206.06000000,93612.57000000,93199.99000000,93538.07000000,522.40754000
2025-04-25 07:00:00,93538.08000000,93860.00000000,93497.64000000,93772.26000000,1690.35511000
2025-04-25 08:00:00,93772.27000000,93888.00000000,93624.63000000,93680.01000000,743.12893000
2025-04-25 09:00:00,93680.01000000,93873.41000000,93539.82000000,93816.42000000,500.01367000
2025-04-25 10:00:00,93816.42000000,93976.42000000,93581.39000000,93634.02000000,617.16074000
2025-04-25 11:00:00,93634.02000000,94660.00000000,93634.02000000,94635.67000000,1638.14538000
2025-04-25 12:00:00,94635.67000000,94990.00000000,94270.81000000,94417.29000000,2501.32388000
2025-04-25 13:00:00,94417.29000000,94688.88000000,93929.41000000,94400.01000000,1246.62972000
2025-04-25 14:00:00,94400.01000000,95758.04000000,94391.30000000,95368.00000000,5315.61891000
2025-04-25 15:00:00,95368.00000000,95683.31000000,94804.82000000,95061.22000000,1808.96782000
2025-04-25 16:00:00,95061.21000000,95381.52000000,94726.86000000,95223.81000000,827.35336000
2025-04-25 17:00:00,95223.82000000,95554.99000000,94370.35000000,94527.79000000,1213.55237000
2025-04-25 18:00:00,94527.79000000,95228.28000000,94527.79000000,94970.15000000,741.12878000
2025-04-25 19:00:00,94970.16000000,95318.26000000,94879.05000000,95291.00000000,754.07570000
2025-04-25 20:00:00,95291.00000000,95345.45000000,94777.00000000,94869.57000000,537.75825000
2025-04-25 21:00:00,94869.57000000,95034.36000000,94441.61000000,94608.69000000,426.67149000
2025-04-25 22:00:00,94608.69000000,94968.94000000,94587.21000000,94850.00000000,250.01053000
2025-04-25 23:00:00,94850.01000000,94973.40000000,94609.25000000,94638.68000000,423.11781000
2025-04-26 00:00:00,94638.68000000,94935.97000000,94527.84000000,94880.69000000,1397.22066000
2025-04-26 01:00:00,94880.68000000,95199.00000000,94751.12000000,95013.14000000,507.35698000
2025-04-26 02:00:00,95013.15000000,95157.73000000,94699.11000000,95000.00000000,426.17384000
2025-04-26 03:00:00,95000.00000000,95059.67000000,94710.00000000,94739.99000000,211.95040000
2025-04-26 04:00:00,94739.99000000,94830.93000000,94533.92000000,94536.99000000,497.93432000
2025-04-26 05:00:00,94537.00000000,94706.60000000,94380.72000000,94626.47000000,325.12390000
2025-04-26 06:00:00,94626.47000000,94743.88000000,94583.91000000,94630.42000000,283.09837000
2025-04-26 07:00:00,94630.42000000,94794.17000000,94570.31000000,94570.31000000,303.90160000
2025-04-26 08:00:00,94570.31000000,94733.54000000,94268.20000000,94318.04000000,506.57636000
2025-04-26 09:00:00,94318.03000000,94423.77000000,94120.50000000,94277.65000000,536.19777000
2025-04-26 10:00:00,94277.65000000,94394.44000000,94151.07000000,94209.03000000,270.11471000
2025-04-26 11:00:00,94209.03000000,94250.67000000,93990.60000000,94144.06000000,434.59897000
2025-04-26 12:00:00,94144.07000000,94320.00000000,94113.23000000,94245.90000000,347.18690000
2025-04-26 13:00:00,94245.91000000,94300.95000000,93870.69000000,94149.20000000,551.38869000
2025-04-26 14:00:00,94149.19000000,94271.38000000,93920.00000000,94240.01000000,340.90576000
2025-04-26 15:00:00,94240.01000000,94394.00000000,94184.23000000,94373.24000000,399.34843000
2025-04-26 16:00:00,94373.24000000,94373.24000000,94041.00000000,94286.92000000,267.47055000
2025-04-26 17:00:00,94286.92000000,94378.87000000,94222.33000000,94316.79000000,164.43394000
2025-04-26 18:00:00,94316.79000000,94372.00000000,94123.50000000,94154.71000000,229.99296000
2025-04-26 19:00:00,94154.71000000,94334.81000000,94095.23000000,94307.50000000,170.35998000
2025-04-26 20:00:00,94307.51000000,94380.96000000,94087.00000000,94087.00000000,180.72695000
2025-04-26 21:00:00,94087.01000000,94360.00000000,94087.00000000,94355.38000000,263.61098000
2025-04-26 22:00:00,94355.39000000,94800.00000000,94355.39000000,94781.86000000,481.03012000
2025-04-26 23:00:00,94781.86000000,94888.00000000,94555.00000000,94628.00000000,318.36561000
2025-04-27 00:00:00,94628.00000000,95001.58000000,94576.74000000,94870.01000000,728.73565000
2025-04-27 01:00:00,94870.01000000,95369.00000000,94041.60000000,94117.60000000,2400.13887000
2025-04-27 02:00:00,94117.60000000,94469.50000000,94050.15000000,94345.86000000,367.15753000
2025-04-27 03:00:00,94345.86000000,94465.00000000,94130.71000000,94156.21000000,429.84119000
2025-04-27 04:00:00,94156.22000000,94288.65000000,94013.00000000,94014.17000000,448.93525000
2025-04-27 05:00:00,94014.16000000,94173.92000000,93655.00000000,93923.88000000,744.11442000
2025-04-27 06:00:00,93923.89000000,94100.00000000,93880.00000000,94015.91000000,281.36839000
2025-04-27 07:00:00,94015.91000000,94142.52000000,93930.52000000,94065.98000000,384.30276000
2025-04-27 08:00:00,94065.99000000,94331.85000000,94020.00000000,94202.51000000,533.25085000
2025-04-27 09:00:00,94202.50000000,94229.21000000,94104.89000000,94159.87000000,229.44444000
2025-04-27 10:00:00,94159.87000000,94180.00000000,93940.00000000,94053.60000000,244.18725000
2025-04-27 11:00:00,94053.59000000,94082.13000000,93883.81000000,93920.01000000,336.14289000
2025-04-27 12:00:00,93920.00000000,93984.42000000,93682.93000000,93734.86000000,452.76244000
2025-04-27 13:00:00,93734.86000000,94086.96000000,93602.58000000,94060.09000000,453.76520000
2025-04-27 14:00:00,94060.09000000,94173.91000000,93928.13000000,93985.90000000,295.96220000
2025-04-27 15:00:00,93985.89000000,94004.82000000,93787.93000000,93901.08000000,230.15582000
2025-04-27 16:00:00,93901.09000000,93927.50000000,93727.08000000,93881.82000000,315.21521000
2025-04-27 17:00:00,93881.82000000,94158.01000000,93793.12000000,94043.78000000,383.55903000
2025-04-27 18:00:00,94043.79000000,94415.54000000,93991.80000000,94287.29000000,460.98794000
2025-04-27 19:00:00,94287.28000000,94434.79000000,94200.00000000,94433.50000000,194.86179000
2025-04-27 20:00:00,94433.49000000,94433.50000000,94260.86000000,94260.86000000,153.91584000
2025-04-27 21:00:00,94260.87000000,94545.45000000,94160.49000000,94328.29000000,242.97815000
2025-04-27 22:00:00,94328.30000000,94335.84000000,93641.70000000,93939.57000000,563.30862000
2025-04-27 23:00:00,93939.57000000,93939.57000000,93660.00000000,93749.30000000,287.74927000
2025-04-28 00:00:00,93749.29000000,93798.71000000,93287.98000000,93419.90000000,819.66814000
2025-04-28 01:00:00,93419.90000000,93598.20000000,92800.01000000,92949.99000000,1271.62188000
2025-04-28 02:00:00,92950.00000000,93637.50000000,92890.06000000,93621.64000000,932.01032000
2025-04-28 03:00:00,93621.64000000,93987.30000000,93470.01000000,93849.93000000,805.95446000
2025-04-28 04:00:00,93849.93000000,94191.70000000,93849.93000000,94036.48000000,1136.67686000
2025-04-28 05:00:00,94036.47000000,94333.00000000,93962.80000000,94224.28000000,693.53970000
2025-04-28 06:00:00,94224.28000000,94670.46000000,94224.27000000,94583.99000000,667.50641000
2025-04-28 07:00:00,94584.00000000,94800.00000000,94487.09000000,94692.49000000,675.73206000
2025-04-28 08:00:00,94692.49000000,94821.90000000,94591.61000000,94706.39000000,517.27080000
2025-04-28 09:00:00,94706.40000000,94887.99000000,94662.28000000,94739.07000000,636.29638000
2025-04-28 10:00:00,94739.07000000,95223.78000000,94339.48000000,95060.77000000,1669.19469000
2025-04-28 11:00:00,95060.78000000,95550.00000000,95002.84000000,95319.99000000,1585.05499000
2025-04-28 12:00:00,95319.99000000,95630.00000000,95056.00000000,95350.69000000,2035.15130000
2025-04-28 13:00:00,95350.69000000,95518.50000000,93926.81000000,93965.70000000,2653.72474000
2025-04-28 14:00:00,93965.70000000,94900.00000000,93850.00000000,94417.73000000,1173.25656000
2025-04-28 15:00:00,94417.73000000,94523.81000000,93583.90000000,93833.51000000,1012.72231000
2025-04-28 16:00:00,93833.50000000,94032.18000000,93444.00000000,93734.04000000,785.42906000
2025-04-28 17:00:00,93734.04000000,94110.00000000,93492.23000000,94100.39000000,398.76014000
2025-04-28 18:00:00,94100.39000000,94222.00000000,93787.61000000,94175.89000000,362.03308000
2025-04-28 19:00:00,94175.89000000,94920.00000000,94160.61000000,94787.20000000,738.28237000
2025-04-28 20:00:00,94786.73000000,94808.80000000,94373.35000000,94469.67000000,278.98826000
2025-04-28 21:00:00,94469.66000000,94550.00000000,94305.95000000,94549.97000000,195.96012000
2025-04-28 22:00:00,94549.97000000,94879.08000000,94480.00000000,94809.52000000,344.51726000
2025-04-28 23:00:00,94809.52000000,95180.00000000,94792.52000000,95011.18000000,768.18162000
2025-04-29 00:00:00,95011.18000000,95233.48000000,94829.30000000,95065.27000000,403.75166000
2025-04-29 01:00:00,95065.27000000,95461.53000000,94735.78000000,94857.49000000,993.29082000
2025-04-29 02:00:00,94857.49000000,94956.18000000,94504.81000000,94615.68000000,582.54028000
2025-04-29 03:00:00,94615.69000000,94809.53000000,94443.70000000,94658.76000000,375.84575000
2025-04-29 04:00:00,94658.75000000,94872.00000000,94290.07000000,94353.32000000,709.69675000
2025-04-29 05:00:00,94353.32000000,94417.97000000,94200.00000000,94276.49000000,1647.45956000
2025-04-29 06:00:00,94276.49000000,94811.29000000,94258.41000000,94780.00000000,377.80111000
2025-04-29 07:00:00,94780.01000000,94960.00000000,94704.81000000,94917.61000000,361.94456000
2025-04-29 08:00:00,94917.61000000,95093.55000000,94812.86000000,95030.00000000,502.20502000
2025-04-29 09:00:00,95030.01000000,95094.25000000,94787.15000000,94989.28000000,366.65829000
2025-04-29 10:00:00,94989.28000000,95042.61000000,94743.01000000,94817.32000000,592.08053000
2025-04-29 11:00:00,94817.32000000,95285.71000000,94810.63000000,95129.74000000,909.96441000
2025-04-29 12:00:00,95129.74000000,95164.35000000,94779.33000000,94813.14000000,647.86070000
2025-04-29 13:00:00,94813.14000000,95033.70000000,94590.48000000,94800.01000000,835.05000000
2025-04-29 14:00:00,94800.00000000,95300.00000000,94531.85000000,95040.80000000,960.27981000
2025-04-29 15:00:00,95040.81000000,95129.20000000,94728.78000000,94843.10000000,429.05785000
2025-04-29 16:00:00,94843.10000000,95459.99000000,94800.01000000,94954.74000000,1089.04376000
2025-04-29 17:00:00,94954.74000000,95368.00000000,94658.99000000,95231.37000000,871.36794000
2025-04-29 18:00:00,95231.37000000,95438.00000000,95060.00000000,95391.29000000,703.13824000
2025-04-29 19:00:00,95391.29000000,95448.84000000,95224.93000000,95300.79000000,428.02418000
2025-04-29 20:00:00,95300.79000000,95408.00000000,94820.00000000,94839.32000000,361.89077000
2025-04-29 21:00:00,94839.31000000,94968.00000000,94350.00000000,94735.66000000,783.01509000
2025-04-29 22:00:00,94735.65000000,94735.65000000,94000.01000000,94163.67000000,1003.36560000
2025-04-29 23:00:00,94163.67000000,94300.00000000,93742.54000000,94256.82000000,1020.00752000
2025-04-30 00:00:00,94256.82000000,94631.23000000,94136.48000000,94546.79000000,519.07237000
2025-04-30 01:00:00,94546.79000000,94604.70000000,94287.71000000,94527.73000000,309.08102000
2025-04-30 02:00:00,94527.73000000,94785.00000000,94460.00000000,94641.99000000,360.20236000
2025-04-30 03:00:00,94641.99000000,95111.01000000,94496.87000000,95032.84000000,576.60185000
2025-04-30 04:00:00,95032.84000000,95180.00000000,94869.56000000,95054.75000000,666.14870000
2025-04-30 05:00:00,95054.76000000,95113.20000000,94869.57000000,94894.00000000,422.26665000
2025-04-30 06:00:00,94894.00000000,94970.31000000,94745.40000000,94751.99000000,295.17447000
2025-04-30 07:00:00,94752.00000000,94869.49000000,94500.00000000,94620.99000000,464.06662000
2025-04-30 08:00:00,94620.99000000,94809.52000000,94527.58000000,94718.18000000,332.70984000
2025-04-30 09:00:00,94718.19000000,95043.23000000,94667.69000000,94970.01000000,391.75434000
2025-04-30 10:00:00,94970.01000000,95022.49000000,94852.67000000,94946.52000000,316.93061000
2025-04-30 11:00:00,94946.52000000,95228.45000000,94928.44000000,95176.66000000,619.85078000
2025-04-30 12:00:00,95176.66000000,95214.90000000,94349.29000000,94555.88000000,1664.41996000
2025-04-30 13:00:00,94555.89000000,94649.50000000,93026.00000000,93032.58000000,2712.01725000
2025-04-30 14:00:00,93032.58000000,94367.70000000,92910.00000000,93705.04000000,3158.62006000
2025-04-30 15:00:00,93705.04000000,94112.18000000,93659.24000000,94004.63000000,722.10473000
2025-04-30 16:00:00,94004.63000000,94189.58000000,93528.71000000,93939.98000000,690.56111000
2025-04-30 17:00:00,93939.98000000,94267.14000000,93752.15000000,94100.39000000,402.85742000
2025-04-30 18:00:00,94100.39000000,94500.00000000,94009.12000000,94078.24000000,510.06539000
2025-04-30 19:00:00,94078.23000000,94266.36000000,93757.63000000,94152.01000000,432.10412000
2025-04-30 20:00:00,94152.01000000,94739.14000000,94109.46000000,94555.99000000,896.76548000
2025-04-30 21:00:00,94556.00000000,94784.10000000,94382.35000000,94419.00000000,330.16484000
2025-04-30 22:00:00,94418.99000000,94720.00000000,94059.69000000,94114.05000000,512.06584000
2025-04-30 23:00:00,94114.05000000,94333.34000000,94005.00000000,94172.00000000,355.66929000
2025-05-01 00:00:00,94172.00000000,94405.47000000,94130.43000000,94405.47000000,326.24800000
2025-05-01 01:00:00,94405.46000000,94710.00000000,94398.51000000,94636.51000000,502.12633000
2025-05-01 02:00:00,94636.50000000,94972.50000000,94620.00000000,94867.46000000,891.42578000
2025-05-01 03:00:00,94867.46000000,95040.30000000,94688.75000000,94782.60000000,1157.63769000
2025-05-01 04:00:00,94782.60000000,94934.99000000,94714.38000000,94860.51000000,258.99247000
2025-05-01 05:00:00,94860.51000000,95178.11000000,94840.38000000,95147.96000000,677.05143000
2025-05-01 06:00:00,95147.97000000,95180.00000000,94806.23000000,94888.85000000,467.41491000
2025-05-01 07:00:00,94888.85000000,95130.01000000,94800.00000000,95025.84000000,476.89004000
2025-05-01 08:00:00,95025.84000000,95210.16000000,94913.04000000,95210.16000000,423.56462000
2025-05-01 09:00:00,95210.16000000,95817.78000000,95140.18000000,95520.99000000,1159.84689000
2025-05-01 10:00:00,95520.99000000,96396.31000000,95520.98000000,96169.01000000,1865.79710000
2025-05-01 11:00:00,96169.01000000,96250.40000000,95836.57000000,96180.01000000,787.87727000
2025-05-01 12:00:00,96180.01000000,96463.18000000,96116.14000000,96373.20000000,822.17300000
2025-05-01 13:00:00,96373.20000000,96734.89000000,95769.66000000,95809.52000000,1740.49310000
2025-05-01 14:00:00,95809.52000000,96908.28000000,95809.52000000,96827.99000000,2767.87823000
2025-05-01 15:00:00,96828.00000000,97424.02000000,96751.30000000,96854.30000000,2068.94782000
2025-05-01 16:00:00,96854.31000000,97367.26000000,96854.30000000,97007.14000000,960.27808000
2025-05-01 17:00:00,97007.15000000,97216.99000000,96514.24000000,96794.17000000,775.85599000
2025-05-01 18:00:00,96794.18000000,96975.30000000,96425.22000000,96869.55000000,745.78922000
2025-05-01 19:00:00,96869.56000000,96882.72000000,96424.44000000,96523.26000000,718.87913000
2025-05-01 20:00:00,96523.26000000,96885.77000000,96312.24000000,96407.90000000,818.39622000
2025-05-01 21:00:00,96407.91000000,96774.73000000,96390.26000000,96464.55000000,292.34865000
2025-05-01 22:00:00,96464.56000000,96643.08000000,96369.31000000,96372.33000000,304.90158000
2025-05-01 23:00:00,96372.34000000,96500.00000000,96184.19000000,96489.91000000,369.63988000
2025-05-02 00:00:00,96489.90000000,97052.48000000,96466.21000000,97042.97000000,683.12997000
2025-05-02 01:00:00,97042.96000000,97179.97000000,96772.00000000,96970.40000000,566.90548000
2025-05-02 02:00:00,96970.40000000,97040.00000000,96722.41000000,96952.58000000,449.57315000
2025-05-02 03:00:00,96952.59000000,97233.10000000,96952.58000000,97102.32000000,434.57258000
2025-05-02 04:00:00,97102.32000000,97309.78000000,96868.35000000,96939.86000000,579.01103000
2025-05-02 05:00:00,96939.85000000,97010.55000000,96631.74000000,96707.54000000,534.68119000
2025-05-02 06:00:00,96707.54000000,96892.34000000,96562.98000000,96715.00000000,383.92171000
2025-05-02 07:00:00,96715.00000000,96729.20000000,96350.00000000,96350.00000000,935.27663000
2025-05-02 08:00:00,96350.01000000,96775.77000000,96350.00000000,96636.20000000,508.11116000
2025-05-02 09:00:00,96636.20000000,96788.00000000,96460.73000000,96596.68000000,417.01278000
2025-05-02 10:00:00,96596.68000000,96927.92000000,96596.68000000,96888.00000000,367.39386000
2025-05-02 11:00:00,96888.00000000,97100.00000000,96886.47000000,96928.97000000,567.75300000
2025-05-02 12:00:00,96928.97000000,97182.54000000,96650.94000000,97182.53000000,893.40406000
2025-05-02 13:00:00,97182.54000000,97290.29000000,96672.46000000,96772.08000000,1075.20432000
2025-05-02 14:00:00,96772.08000000,97895.68000000,96708.98000000,97748.40000000,2123.65060000
2025-05-02 15:00:00,97748.41000000,97891.19000000,97063.00000000,97330.19000000,954.92275000
2025-05-02 16:00:00,97330.19000000,97783.02000000,97325.51000000,97348.69000000,848.97951000
2025-05-02 17:00:00,97348.69000000,97433.58000000,97053.46000000,97402.55000000,507.60500000
2025-05-02 18:00:00,97402.55000000,97619.00000000,97155.68000000,97171.00000000,376.68171000
2025-05-02 19:00:00,97171.00000000,97182.54000000,96769.84000000,96924.23000000,599.44153000
2025-05-02 20:00:00,96924.23000000,97136.00000000,96844.05000000,97022.31000000,243.50865000
2025-05-02 21:00:00,97022.31000000,97038.79000000,96561.57000000,96726.08000000,258.87096000
2025-05-02 22:00:00,96726.07000000,96792.46000000,96579.36000000,96649.01000000,352.15656000
2025-05-02 23:00:00,96649.01000000,96896.83000000,96594.33000000,96887.14000000,243.97992000
2025-05-03 00:00:00,96887.13000000,96935.67000000,96612.87000000,96700.45000000,559.13625000
2025-05-03 01:00:00,96700.46000000,96722.40000000,96435.16000000,96493.94000000,462.40221000
2025-05-03 02:00:00,96493.93000000,96699.98000000,96487.07000000,96533.51000000,275.57053000
2025-05-03 03:00:00,96533.50000000,96535.96000000,96300.02000000,96337.50000000,761.61563000
2025-05-03 04:00:00,96337.50000000,96589.20000000,96307.88000000,96519.05000000,252.68819000
2025-05-03 05:00:00,96519.04000000,96593.00000000,96407.97000000,96417.14000000,306.91209000
2025-05-03 06:00:00,96417.15000000,96417.15000000,96132.67000000,96183.50000000,539.08747000
2025-05-03 07:00:00,96183.50000000,96391.70000000,96157.10000000,96322.68000000,410.18653000
2025-05-03 08:00:00,96322.68000000,96421.91000000,96150.00000000,96281.00000000,599.65552000
2025-05-03 09:00:00,96281.00000000,96396.23000000,96173.00000000,96254.01000000,318.86883000
2025-05-03 10:00:00,96254.02000000,96254.02000000,95852.29000000,95896.50000000,1141.24134000
2025-05-03 11:00:00,95896.49000000,96083.53000000,95865.00000000,95942.02000000,562.67200000
2025-05-03 12:00:00,95942.01000000,96163.81000000,95880.65000000,96120.42000000,608.21922000
2025-05-03 13:00:00,96120.43000000,96330.00000000,96106.53000000,96330.00000000,346.99789000
2025-05-03 14:00:00,96329.99000000,96459.67000000,96292.63000000,96380.95000000,304.05512000
2025-05-03 15:00:00,96380.96000000,96509.44000000,96325.65000000,96418.68000000,188.69143000
2025-05-03 16:00:00,96418.68000000,96428.33000000,96080.59000000,96215.41000000,306.55723000
2025-05-03 17:00:00,96215.40000000,96215.40000000,95869.68000000,96191.56000000,350.19773000
2025-05-03 18:00:00,96191.57000000,96271.50000000,96100.00000000,96146.99000000,126.74718000
2025-05-03 19:00:00,96146.98000000,96357.15000000,96125.15000000,96354.34000000,116.44402000
2025-05-03 20:00:00,96354.34000000,96388.89000000,96290.69000000,96341.29000000,104.27579000
2025-05-03 21:00:00,96341.29000000,96441.49000000,96238.09000000,96266.17000000,190.04681000
2025-05-03 22:00:00,96266.17000000,96369.37000000,96166.67000000,96170.18000000,201.41291000
2025-05-03 23:00:00,96170.19000000,96173.53000000,95753.01000000,95856.42000000,689.66646000
2025-05-04 00:00:00,95856.42000000,96042.92000000,95772.40000000,95880.95000000,325.63422000
2025-05-04 01:00:00,95880.95000000,96185.67000000,95588.00000000,96099.94000000,601.08361000
2025-05-04 02:00:00,96099.94000000,96304.48000000,95804.68000000,95892.28000000,417.46141000
2025-05-04 03:00:00,95892.28000000,95898.94000000,95667.94000000,95722.23000000,179.11730000
2025-05-04 04:00:00,95722.22000000,95939.33000000,95722.22000000,95725.52000000,172.37453000
2025-05-04 05:00:00,95725.52000000,96134.93000000,95692.70000000,96042.72000000,424.92585000
2025-05-04 06:00:00,96042.71000000,96142.86000000,95866.06000000,95905.74000000,692.73061000
2025-05-04 07:00:00,95905.75000000,96082.80000000,95808.80000000,95879.99000000,490.02708000
2025-05-04 08:00:00,95879.99000000,95923.54000000,95423.16000000,95647.27000000,527.23215000
2025-05-04 09:00:00,95647.27000000,95689.65000000,95440.82000000,95485.01000000,310.07736000
2025-05-04 10:00:00,95485.01000000,95525.67000000,95286.78000000,95400.47000000,773.39161000
2025-05-04 11:00:00,95400.47000000,95550.00000000,95360.00000000,95423.20000000,536.26108000
2025-05-04 12:00:00,95423.19000000,95594.58000000,95417.15000000,95462.24000000,477.89798000
2025-05-04 13:00:00,95462.24000000,95595.24000000,95209.07000000,95369.37000000,674.42935000
2025-05-04 14:00:00,95369.38000000,95647.80000000,95313.70000000,95611.07000000,530.30708000
2025-05-04 15:00:00,95611.00000000,95690.48000000,95424.50000000,95467.60000000,299.31438000
2025-05-04 16:00:00,95467.60000000,95568.00000000,95300.00000000,95341.56000000,272.45717000
2025-05-04 17:00:00,95341.57000000,95481.62000000,95239.33000000,95410.08000000,233.31093000
2025-05-04 18:00:00,95410.08000000,95493.05000000,95364.00000000,95389.07000000,159.81219000
2025-05-04 19:00:00,95389.07000000,95640.98000000,95348.30000000,95584.07000000,198.19245000
2025-05-04 20:00:00,95584.07000000,95735.00000000,95582.25000000,95719.99000000,158.45621000
2025-05-04 21:00:00,95719.99000000,95758.08000000,95630.00000000,95675.99000000,158.95366000
2025-05-04 22:00:00,95676.00000000,95690.48000000,94724.57000000,95015.82000000,1114.48671000
2025-05-04 23:00:00,95015.82000000,95037.40000000,94151.38000000,94277.62000000,1308.44850000
2025-05-05 00:00:00,94277.61000000,94808.40000000,94200.00000000,94724.11000000,932.79975000
2025-05-05 01:00:00,94724.12000000,94754.97000000,93711.08000000,93929.00000000,1247.15330000
2025-05-05 02:00:00,93929.00000000,94400.20000000,93514.10000000,94236.67000000,1251.31986000
2025-05-05 03:00:00,94236.66000000,94299.25000000,94016.60000000,94031.47000000,708.86733000
2025-05-05 04:00:00,94031.47000000,94443.69000000,94020.66000000,94409.66000000,527.17304000
2025-05-05 05:00:00,94409.66000000,94757.62000000,94228.57000000,94732.77000000,548.84952000
2025-05-05 06:00:00,94732.77000000,94774.11000000,94573.59000000,94761.13000000,572.76764000
2025-05-05 07:00:00,94761.14000000,94825.46000000,94528.36000000,94761.91000000,686.95355000
2025-05-05 08:00:00,94761.91000000,94798.01000000,94489.93000000,94559.19000000,741.14212000
2025-05-05 09:00:00,94559.20000000,94648.47000000,94467.65000000,94550.63000000,422.95101000
2025-05-05 10:00:00,94550.62000000,94558.00000000,94047.79000000,94121.89000000,686.41681000
2025-05-05 11:00:00,94121.88000000,94282.48000000,93888.00000000,94038.18000000,690.58723000
2025-05-05 12:00:00,94038.19000000,94346.59000000,93908.30000000,94333.33000000,505.90389000
2025-05-05 13:00:00,94333.33000000,94413.92000000,93635.78000000,94226.38000000,1740.41182000
2025-05-05 14:00:00,94226.38000000,94531.74000000,93730.43000000,93879.37000000,1219.57947000
2025-05-05 15:00:00,93879.37000000,93977.13000000,93613.66000000,93770.31000000,718.82999000
2025-05-05 16:00:00,93770.32000000,94280.00000000,93759.63000000,94206.31000000,673.96047000
2025-05-05 17:00:00,94206.31000000,94625.00000000,94060.59000000,94500.00000000,808.59817000
2025-05-05 18:00:00,94500.01000000,94900.00000000,94443.56000000,94730.39000000,448.44051000
2025-05-05 19:00:00,94730.39000000,94900.00000000,94289.92000000,94347.17000000,408.27957000
2025-05-05 20:00:00,94347.16000000,94365.19000000,93876.00000000,94242.02000000,332.90812000
2025-05-05 21:00:00,94242.01000000,94831.75000000,94242.01000000,94719.82000000,385.77053000
2025-05-05 22:00:00,94719.83000000,95199.00000000,94719.82000000,95049.48000000,601.63917000
2025-05-05 23:00:00,95049.48000000,95129.76000000,94724.52000000,94733.68000000,389.87902000
2025-05-06 00:00:00,94733.68000000,94779.99000000,94428.58000000,94598.89000000,365.15387000
2025-05-06 01:00:00,94598.89000000,94926.99000000,94312.59000000,94312.60000000,370.75779000
2025-05-06 02:00:00,94312.59000000,94400.00000000,94012.78000000,94334.99000000,407.51157000
2025-05-06 03:00:00,94334.99000000,94512.33000000,94233.96000000,94454.01000000,443.01047000
2025-05-06 04:00:00,94454.01000000,94583.82000000,94350.83000000,94574.57000000,265.48199000
2025-05-06 05:00:00,94574.57000000,94603.03000000,94308.63000000,94345.56000000,415.59566000
2025-05-06 06:00:00,94345.57000000,94498.12000000,94335.11000000,94498.11000000,166.28019000
2025-05-06 07:00:00,94498.12000000,94638.01000000,94348.57000000,94400.99000000,463.16874000
2025-05-06 08:00:00,94400.98000000,94400.99000000,94003.00000000,94375.90000000,750.85954000
2025-05-06 09:00:00,94375.89000000,94375.90000000,94113.02000000,94211.96000000,394.38809000
2025-05-06 10:00:00,94211.96000000,94329.63000000,93861.93000000,93942.83000000,952.04682000
2025-05-06 11:00:00,93942.83000000,94066.55000000,93720.63000000,93812.54000000,569.28808000
2025-05-06 12:00:00,93812.53000000,94040.00000000,93761.97000000,93935.99000000,892.19632000
2025-05-06 13:00:00,93936.00000000,94019.86000000,93377.00000000,93616.92000000,1216.74306000
2025-05-06 14:00:00,93616.91000000,94705.17000000,93612.01000000,94147.02000000,1158.07394000
2025-05-06 15:00:00,94147.01000000,94733.38000000,94080.09000000,94558.95000000,655.62537000
2025-05-06 16:00:00,94558.94000000,94850.00000000,94216.00000000,94241.01000000,702.36173000
2025-05-06 17:00:00,94241.01000000,94856.53000000,94232.05000000,94535.93000000,527.86999000
2025-05-06 18:00:00,94535.93000000,95088.00000000,94504.84000000,95067.36000000,617.66580000
2025-05-06 19:00:00,95067.36000000,95157.00000000,94923.49000000,94963.50000000,488.90954000
2025-05-06 20:00:00,94963.50000000,95020.00000000,94632.50000000,94682.23000000,334.30989000
2025-05-06 21:00:00,94682.23000000,94800.00000000,94452.75000000,94688.99000000,258.69487000
2025-05-06 22:00:00,94688.99000000,96293.88000000,94684.77000000,96259.94000000,2145.62831000
2025-05-06 23:00:00,96259.94000000,96920.65000000,96102.72000000,96834.02000000,1561.02350000
2025-05-07 00:00:00,96834.02000000,97499.02000000,96729.67000000,97415.65000000,1840.35542000
2025-05-07 01:00:00,97415.65000000,97732.00000000,97192.93000000,97242.85000000,1127.65564000
2025-05-07 02:00:00,97242.86000000,97276.00000000,96464.00000000,96619.05000000,1178.21775000
2025-05-07 03:00:00,96619.04000000,96663.51000000,96208.10000000,96506.90000000,1034.18372000
2025-05-07 04:00:00,96506.90000000,96714.28000000,96420.64000000,96576.00000000,447.19739000
2025-05-07 05:00:00,96575.99000000,96576.00000000,96310.89000000,96380.96000000,489.09676000
2025-05-07 06:00:00,96380.96000000,96667.55000000,96361.75000000,96557.31000000,753.61062000
2025-05-07 07:00:00,96557.31000000,97013.53000000,96557.30000000,96994.82000000,481.05145000
2025-05-07 08:00:00,96994.82000000,97083.47000000,96861.57000000,97024.45000000,405.22829000
2025-05-07 09:00:00,97024.46000000,97059.70000000,96876.00000000,96978.40000000,341.26007000
2025-05-07 10:00:00,96978.40000000,97111.00000000,96833.33000000,97030.01000000,296.12240000
2025-05-07 11:00:00,97030.01000000,97070.06000000,96929.17000000,97047.43000000,256.14738000
2025-05-07 12:00:00,97047.43000000,97200.00000000,96870.35000000,96966.08000000,531.66176000
2025-05-07 13:00:00,96966.07000000,97316.03000000,96713.14000000,97022.01000000,829.46434000
2025-05-07 14:00:00,97022.02000000,97478.27000000,96806.00000000,96938.00000000,854.22653000
2025-05-07 15:00:00,96937.99000000,97152.18000000,96764.14000000,96923.91000000,576.23163000
2025-05-07 16:00:00,96923.91000000,96961.04000000,96510.00000000,96857.15000000,620.55485000
2025-05-07 17:00:00,96857.15000000,96887.48000000,96190.47000000,96307.54000000,513.55369000
2025-05-07 18:00:00,96307.54000000,96880.43000000,95893.14000000,96593.59000000,1492.53634000
2025-05-07 19:00:00,96593.58000000,96625.00000000,95784.61000000,96180.01000000,979.22550000
2025-05-07 20:00:00,96180.00000000,96766.80000000,96076.92000000,96766.80000000,355.48999000
2025-05-07 21:00:00,96766.80000000,97322.00000000,96651.96000000,97120.63000000,495.12390000
2025-05-07 22:00:00,97120.63000000,97305.21000000,97020.54000000,97262.88000000,392.38837000
2025-05-07 23:00:00,97262.89000000,97390.00000000,96978.04000000,97030.50000000,354.25475000
2025-05-08 00:00:00,97030.50000000,97782.00000000,96876.29000000,97770.01000000,917.12453000
2025-05-08 01:00:00,97770.00000000,98366.00000000,97600.00000000,97816.21000000,2174.72361000
2025-05-08 02:00:00,97816.22000000,98847.00000000,97816.21000000,98681.99000000,1852.79702000
2025-05-08 03:00:00,98681.99000000,99222.22000000,98532.02000000,99152.79000000,1465.38383000
2025-05-08 04:00:00,99152.79000000,99419.00000000,98888.00000000,98954.32000000,1716.73660000
2025-05-08 05:00:00,98954.32000000,99120.00000000,98738.09000000,98740.61000000,1207.65821000
2025-05-08 06:00:00,98740.60000000,99040.00000000,98723.25000000,99039.99000000,471.22230000
2025-05-08 07:00:00,99040.00000000,99372.96000000,99036.59000000,99252.34000000,733.68958000
2025-05-08 08:00:00,99252.34000000,99800.00000000,99209.04000000,99666.66000000,1529.80222000
2025-05-08 09:00:00,99666.67000000,99800.01000000,99538.36000000,99790.97000000,679.55205000
2025-05-08 10:00:00,99790.97000000,99888.00000000,99682.97000000,99780.67000000,701.13127000
2025-05-08 11:00:00,99780.66000000,99780.66000000,99406.54000000,99409.14000000,792.18929000
2025-05-08 12:00:00,99409.15000000,99544.98000000,99250.37000000,99287.97000000,744.57375000
2025-05-08 13:00:00,99287.97000000,99633.86000000,99090.66000000,99290.03000000,803.78580000
2025-05-08 14:00:00,99290.04000000,99822.60000000,99153.73000000,99371.95000000,1220.52424000
2025-05-08 15:00:00,99371.95000000,101525.03000000,99316.00000000,100758.08000000,5194.54792000
2025-05-08 16:00:00,100758.08000000,101355.31000000,100596.00000000,101276.49000000,1685.15995000
2025-05-08 17:00:00,101276.49000000,101707.02000000,100779.26000000,101027.13000000,1661.60189000
2025-05-08 18:00:00,101027.14000000,101485.20000000,100970.00000000,101365.38000000,668.29815000
2025-05-08 19:00:00,101365.39000000,101365.39000000,100972.00000000,101299.99000000,1084.70087000
2025-05-08 20:00:00,101300.00000000,102851.00000000,101285.71000000,102607.80000000,2318.75045000
2025-05-08 21:00:00,102607.79000000,104145.76000000,102114.66000000,102828.03000000,3388.69792000
2025-05-08 22:00:00,102828.04000000,103230.66000000,102396.86000000,103017.95000000,1028.42527000
2025-05-08 23:00:00,103017.95000000,103301.60000000,102786.76000000,103261.60000000,920.95175000
2025-05-09 00:00:00,103261.61000000,103268.44000000,102540.13000000,102820.00000000,967.72632000
2025-05-09 01:00:00,102820.01000000,103128.00000000,102551.74000000,103098.34000000,829.79334000
2025-05-09 02:00:00,103098.34000000,103098.34000000,102500.48000000,102595.50000000,1049.12723000
2025-05-09 03:00:00,102595.50000000,102800.69000000,102364.00000000,102451.04000000,887.20651000
2025-05-09 04:00:00,102451.04000000,102852.00000000,102374.03000000,102828.00000000,702.47394000
2025-05-09 05:00:00,102828.01000000,102979.36000000,102585.74000000,102979.35000000,712.49562000
2025-05-09 06:00:00,102979.35000000,103261.71000000,102928.77000000,103230.11000000,1025.81799000
2025-05-09 07:00:00,103230.11000000,104361.30000000,103127.76000000,103628.77000000,3530.71192000
2025-05-09 08:00:00,103628.76000000,103930.00000000,102652.33000000,102968.25000000,3123.08480000
2025-05-09 09:00:00,102968.25000000,103285.72000000,102421.00000000,102915.58000000,1946.17375000
2025-05-09 10:00:00,102915.58000000,103476.19000000,102797.69000000,103371.63000000,1629.84795000
2025-05-09 11:00:00,103371.62000000,103500.00000000,102685.30000000,102958.31000000,1703.98287000
2025-05-09 12:00:00,102958.31000000,103165.92000000,102808.02000000,102899.99000000,1104.96452000
2025-05-09 13:00:00,102899.99000000,103793.66000000,102826.63000000,103633.50000000,1946.92446000
2025-05-09 14:00:00,103633.50000000,103761.91000000,102411.99000000,103155.99000000,2039.94742000
2025-05-09 15:00:00,103156.00000000,103313.00000000,102688.26000000,102895.99000000,749.38574000
2025-05-09 16:00:00,102895.99000000,102929.51000000,102315.14000000,102480.83000000,893.55174000
2025-05-09 17:00:00,102480.83000000,103227.82000000,102343.60000000,103199.99000000,678.08573000
2025-05-09 18:00:00,103199.99000000,103370.54000000,102932.69000000,103176.46000000,399.38495000
2025-05-09 19:00:00,103176.46000000,103285.68000000,102894.00000000,103189.17000000,378.87644000
2025-05-09 20:00:00,103189.17000000,103408.00000000,103143.12000000,103183.94000000,350.62996000
2025-05-09 21:00:00,103183.93000000,103215.46000000,102769.92000000,102984.99000000,376.59229000
2025-05-09 22:00:00,102985.00000000,103070.41000000,102727.25000000,102784.66000000,340.91245000
2025-05-09 23:00:00,102784.65000000,102980.00000000,102736.59000000,102971.99000000,249.70113000
2025-05-10 00:00:00,102971.99000000,103100.00000000,102818.76000000,102865.70000000,606.61130000
2025-05-10 01:00:00,102865.70000000,103119.99000000,102865.70000000,102987.50000000,421.77204000
2025-05-10 02:00:00,102987.50000000,103265.82000000,102956.96000000,103147.96000000,367.36386000
2025-05-10 03:00:00,103147.95000000,103233.48000000,102972.17000000,103226.24000000,393.14728000
2025-05-10 04:00:00,103226.25000000,103226.25000000,103034.50000000,103152.48000000,291.54929000
2025-05-10 05:00:00,103152.48000000,103361.00000000,103088.99000000,103361.00000000,399.13796000
2025-05-10 06:00:00,103361.00000000,103947.36000000,103355.35000000,103930.71000000,966.16865000
2025-05-10 07:00:00,103930.72000000,104100.00000000,103632.66000000,103759.71000000,815.86898000
2025-05-10 08:00:00,103759.71000000,104079.37000000,103463.52000000,103634.92000000,847.46151000
2025-05-10 09:00:00,103634.93000000,103911.78000000,103366.00000000,103761.91000000,548.24108000
2025-05-10 10:00:00,103761.91000000,103888.88000000,103593.15000000,103593.15000000,629.38967000
2025-05-10 11:00:00,103593.15000000,103654.31000000,103383.99000000,103434.94000000,851.17394000
2025-05-10 12:00:00,103434.94000000,103825.40000000,103421.50000000,103695.98000000,651.69947000
2025-05-10 13:00:00,103695.97000000,103800.00000000,103539.68000000,103628.86000000,384.73592000
2025-05-10 14:00:00,103628.87000000,103666.67000000,103421.49000000,103520.41000000,363.48091000
2025-05-10 15:00:00,103520.41000000,103529.89000000,103100.00000000,103138.77000000,533.62781000
2025-05-10 16:00:00,103138.76000000,103500.00000000,103127.69000000,103435.22000000,588.61658000
2025-05-10 17:00:00,103435.22000000,103619.68000000,103161.85000000,103176.88000000,861.02001000
2025-05-10 18:00:00,103176.88000000,103317.47000000,103005.33000000,103252.88000000,560.27315000
2025-05-10 19:00:00,103252.88000000,103305.57000000,103085.52000000,103191.35000000,320.50313000
2025-05-10 20:00:00,103191.35000000,103317.47000000,103068.87000000,103193.43000000,210.01357000
2025-05-10 21:00:00,103193.43000000,103800.00000000,103166.00000000,103756.71000000,364.19148000
2025-05-10 22:00:00,103756.72000000,103831.15000000,103544.02000000,103597.89000000,429.82122000
2025-05-10 23:00:00,103597.53000000,104984.57000000,103571.42000000,104809.53000000,2918.91730000
2025-05-11 00:00:00,104809.53000000,104972.00000000,103926.47000000,104428.58000000,1452.36468000
2025-05-11 01:00:00,104428.58000000,104536.76000000,103866.88000000,104135.32000000,717.91670000
2025-05-11 02:00:00,104135.32000000,104280.13000000,103466.05000000,103781.06000000,1092.03667000
2025-05-11 03:00:00,103781.06000000,104195.12000000,103653.60000000,104007.03000000,593.25276000
2025-05-11 04:00:00,104007.03000000,104400.00000000,103997.44000000,104153.72000000,520.13220000
2025-05-11 05:00:00,104153.71000000,104201.61000000,103801.00000000,103840.00000000,415.52186000
2025-05-11 06:00:00,103840.00000000,103988.39000000,103616.90000000,103864.52000000,918.02801000
2025-05-11 07:00:00,103864.52000000,103882.26000000,103345.06000000,103385.47000000,1099.08865000
2025-05-11 08:00:00,103385.46000000,104028.00000000,103380.95000000,103825.39000000,573.57550000
2025-05-11 09:00:00,103825.39000000,104469.23000000,103820.00000000,104347.94000000,616.46184000
2025-05-11 10:00:00,104347.93000000,104668.36000000,104193.66000000,104644.00000000,670.87671000
2025-05-11 11:00:00,104644.00000000,104777.00000000,104351.27000000,104652.01000000,611.74101000
2025-05-11 12:00:00,104652.01000000,104888.00000000,104525.23000000,104601.90000000,931.71158000
2025-05-11 13:00:00,104601.89000000,104666.67000000,103934.18000000,103959.99000000,1100.33042000
2025-05-11 14:00:00,103959.99000000,104290.97000000,103775.91000000,104160.00000000,1491.16287000
2025-05-11 15:00:00,104160.00000000,104682.54000000,103911.61000000,104150.00000000,977.30807000
2025-05-11 16:00:00,104150.00000000,104176.00000000,103750.00000000,103984.13000000,700.09107000
2025-05-11 17:00:00,103984.12000000,104148.93000000,103793.65000000,104036.70000000,446.02668000
2025-05-11 18:00:00,104036.70000000,104832.82000000,103857.14000000,104528.19000000,748.08883000
2025-05-11 19:00:00,104528.19000000,104650.80000000,104354.67000000,104420.00000000,417.96581000
2025-05-11 20:00:00,104420.00000000,104442.78000000,104162.78000000,104269.85000000,292.09692000
2025-05-11 21:00:00,104269.85000000,104388.00000000,103952.38000000,104349.00000000,324.08378000
2025-05-11 22:00:00,104349.01000000,104578.62000000,103569.77000000,103793.67000000,740.71696000
2025-05-11 23:00:00,103793.67000000,104142.86000000,103761.90000000,104118.00000000,536.54239000
2025-05-12 00:00:00,104118.00000000,104635.48000000,104074.15000000,104587.31000000,864.57103000
2025-05-12 01:00:00,104587.31000000,105086.42000000,103764.50000000,103984.14000000,1894.48964000
2025-05-12 02:00:00,103984.14000000,104204.08000000,103710.66000000,103885.72000000,712.35791000
2025-05-12 03:00:00,103885.73000000,104100.13000000,103702.15000000,104100.13000000,574.91027000
2025-05-12 04:00:00,104100.13000000,104164.77000000,103816.47000000,104072.70000000,450.99148000
2025-05-12 05:00:00,104072.70000000,104072.71000000,103750.00000000,103940.00000000,459.15467000
2025-05-12 06:00:00,103939.99000000,104411.58000000,103800.00000000,104384.80000000,502.82838000
2025-05-12 07:00:00,104384.81000000,105819.45000000,104152.84000000,104467.99000000,5543.61229000
2025-05-12 08:00:00,104467.99000000,104736.45000000,104077.70000000,104614.04000000,1072.02345000
2025-05-12 09:00:00,104614.05000000,104682.68000000,104375.00000000,104459.34000000,890.19411000
2025-05-12 10:00:00,104459.33000000,104539.69000000,104150.00000000,104527.62000000,881.93559000
2025-05-12 11:00:00,104527.62000000,104628.00000000,103625.00000000,103762.90000000,1351.44930000
2025-05-12 12:00:00,103762.89000000,104145.41000000,103729.04000000,103881.15000000,1551.13482000
2025-05-12 13:00:00,103881.14000000,104629.96000000,103675.57000000,104319.99000000,1481.23564000
2025-05-12 14:00:00,104320.00000000,104400.00000000,102544.25000000,102799.99000000,3039.45535000
2025-05-12 15:00:00,102799.99000000,103206.35000000,102388.00000000,102527.26000000,1810.41867000
2025-05-12 16:00:00,102527.27000000,103075.09000000,102421.83000000,102856.06000000,986.02627000
2025-05-12 17:00:00,102856.07000000,103088.88000000,102529.52000000,102556.19000000,669.75274000
2025-05-12 18:00:00,102556.20000000,102660.54000000,100718.37000000,101630.59000000,3108.20166000
2025-05-12 19:00:00,101630.59000000,102122.02000000,101459.70000000,101860.00000000,1290.66176000
2025-05-12 20:00:00,101859.99000000,102881.39000000,101770.20000000,102678.51000000,787.00596000
2025-05-12 21:00:00,102678.52000000,102743.43000000,102352.86000000,102510.10000000,479.23848000
2025-05-12 22:00:00,102509.36000000,102941.06000000,102352.90000000,102856.38000000,449.28013000
2025-05-12 23:00:00,102856.59000000,103127.92000000,102791.31000000,102791.32000000,421.84832000
2025-05-13 00:00:00,102791.32000000,102791.32000000,102165.39000000,102260.01000000,749.28213000
2025-05-13 01:00:00,102260.00000000,102714.29000000,102072.00000000,102400.48000000,716.11702000
2025-05-13 02:00:00,102400.48000000,102701.82000000,101696.84000000,102067.99000000,924.66581000
2025-05-13 03:00:00,102067.98000000,102166.99000000,101429.70000000,101719.40000000,962.27648000
2025-05-13 04:00:00,101719.40000000,102767.24000000,101610.56000000,102745.71000000,1132.24142000
2025-05-13 05:00:00,102745.72000000,102745.72000000,102264.34000000,102477.15000000,1000.99313000
2025-05-13 06:00:00,102477.16000000,102688.77000000,102333.33000000,102552.00000000,865.09002000
2025-05-13 07:00:00,102552.01000000,102943.28000000,102552.00000000,102665.50000000,548.56772000
2025-05-13 08:00:00,102665.50000000,102958.81000000,102540.18000000,102722.00000000,574.89898000
2025-05-13 09:00:00,102722.00000000,103511.20000000,102722.00000000,103457.03000000,997.62125000
2025-05-13 10:00:00,103457.02000000,103612.37000000,103273.84000000,103557.72000000,809.33372000
2025-05-13 11:00:00,103557.72000000,103822.03000000,103453.99000000,103729.20000000,415.61196000
2025-05-13 12:00:00,103729.20000000,103966.00000000,103338.23000000,103682.52000000,1411.69680000
2025-05-13 13:00:00,103682.52000000,103932.20000000,103394.93000000,103715.87000000,858.34947000
2025-05-13 14:00:00,103715.87000000,103746.04000000,102811.32000000,103191.65000000,1336.03577000
2025-05-13 15:00:00,103191.64000000,103873.02000000,103132.15000000,103682.55000000,845.30074000
2025-05-13 16:00:00,103682.54000000,104394.61000000,103532.18000000,103725.85000000,1296.14451000
2025-05-13 17:00:00,103725.85000000,104310.00000000,103712.50000000,104268.17000000,737.88609000
2025-05-13 18:00:00,104268.17000000,104428.58000000,104081.85000000,104354.19000000,667.51343000
2025-05-13 19:00:00,104354.19000000,104976.25000000,104158.73000000,104792.22000000,2351.90796000
2025-05-13 20:00:00,104792.21000000,104928.00000000,104400.00000000,104562.39000000,601.95317000
2025-05-13 21:00:00,104562.40000000,104613.32000000,104179.00000000,104342.71000000,391.26707000
2025-05-13 22:00:00,104342.70000000,104432.03000000,104100.00000000,104128.50000000,502.72511000
2025-05-13 23:00:00,104128.50000000,104285.66000000,103869.01000000,104103.72000000,555.94433000
2025-05-14 00:00:00,104103.72000000,104115.86000000,103763.85000000,103920.76000000,1038.59479000
2025-05-14 01:00:00,103920.77000000,104082.71000000,103700.00000000,103734.82000000,1074.76281000
2025-05-14 02:00:00,103734.81000000,103786.21000000,103496.82000000,103713.27000000,481.61389000
2025-05-14 03:00:00,103713.27000000,103777.78000000,103453.26000000,103587.44000000,415.74688000
2025-05-14 04:00:00,103587.44000000,103842.98000000,103471.36000000,103743.02000000,427.81934000
2025-05-14 05:00:00,103743.02000000,103971.00000000,103687.13000000,103896.71000000,506.88636000
2025-05-14 06:00:00,103896.70000000,103952.39000000,103662.82000000,103757.50000000,381.32265000
2025-05-14 07:00:00,103757.50000000,103800.00000000,103381.02000000,103716.55000000,786.22564000
2025-05-14 08:00:00,103716.55000000,103888.00000000,103187.00000000,103200.00000000,1056.63353000
2025-05-14 09:00:00,103200.00000000,103496.05000000,102875.22000000,103485.73000000,1191.70027000
2025-05-14 10:00:00,103485.73000000,103929.32000000,103460.72000000,103708.49000000,704.38900000
2025-05-14 11:00:00,103708.50000000,104145.00000000,103708.50000000,103944.93000000,583.04021000
2025-05-14 12:00:00,103944.93000000,104208.77000000,103907.45000000,103999.99000000,488.53049000
2025-05-14 13:00:00,103999.99000000,104356.95000000,103492.06000000,103970.87000000,1907.26615000
2025-05-14 14:00:00,103970.87000000,103971.88000000,102902.00000000,103265.46000000,1950.09622000
2025-05-14 15:00:00,103265.47000000,103555.56000000,102833.55000000,103514.24000000,856.15160000
2025-05-14 16:00:00,103514.24000000,103614.61000000,103173.55000000,103363.65000000,475.44971000
2025-05-14 17:00:00,103363.66000000,103428.58000000,102602.05000000,103246.79000000,595.35133000
2025-05-14 18:00:00,103246.78000000,103523.81000000,103029.45000000,103523.81000000,393.98215000
2025-05-14 19:00:00,103523.80000000,103720.44000000,103243.00000000,103321.72000000,392.19365000
2025-05-14 20:00:00,103321.73000000,103658.35000000,103304.66000000,103555.51000000,195.13432000
2025-05-14 21:00:00,103555.52000000,103667.52000000,103434.55000000,103647.39000000,186.25436000
2025-05-14 22:00:00,103647.39000000,103658.30000000,103430.63000000,103511.46000000,139.37207000
2025-05-14 23:00:00,103511.46000000,103608.73000000,103357.77000000,103507.82000000,224.39068000
2025-05-15 00:00:00,103507.83000000,103866.51000000,103492.06000000,103801.85000000,316.48566000
2025-05-15 01:00:00,103801.85000000,103801.86000000,102968.16000000,103033.52000000,568.67212000
2025-05-15 02:00:00,103033.51000000,103206.35000000,102916.05000000,103047.62000000,446.23075000
2025-05-15 03:00:00,103047.62000000,103142.86000000,102720.00000000,102753.63000000,466.40868000
2025-05-15 04:00:00,102753.62000000,102962.38000000,102711.00000000,102891.76000000,351.76930000
2025-05-15 05:00:00,102891.76000000,102922.17000000,102336.70000000,102375.31000000,519.41864000
2025-05-15 06:00:00,102375.31000000,102686.10000000,102140.00000000,102247.40000000,714.15222000
2025-05-15 07:00:00,102247.41000000,102440.00000000,101724.17000000,101779.99000000,768.32213000
2025-05-15 08:00:00,101779.99000000,102327.00000000,101758.97000000,102274.65000000,594.85241000
2025-05-15 09:00:00,102274.65000000,102274.66000000,101500.00000000,101823.39000000,860.32483000
2025-05-15 10:00:00,101823.40000000,101930.58000000,101600.00000000,101804.74000000,494.18425000
2025-05-15 11:00:00,101804.75000000,102441.00000000,101790.20000000,102371.61000000,662.74555000
2025-05-15 12:00:00,102371.62000000,102838.82000000,102271.58000000,102560.00000000,981.88637000
2025-05-15 13:00:00,102560.01000000,102787.82000000,101569.84000000,102133.49000000,1037.21134000
2025-05-15 14:00:00,102133.49000000,102398.31000000,101383.07000000,101987.65000000,1209.87624000
2025-05-15 15:00:00,101987.64000000,103291.99000000,101931.86000000,103251.35000000,1083.57557000
2025-05-15 16:00:00,103251.36000000,103847.13000000,103026.33000000,103846.27000000,1096.42524000
2025-05-15 17:00:00,103846.28000000,104192.70000000,103650.79000000,103968.24000000,1311.32988000
2025-05-15 18:00:00,103968.24000000,104012.49000000,102641.54000000,102697.31000000,1125.34279000
2025-05-15 19:00:00,102697.31000000,103228.06000000,102552.35000000,103157.26000000,909.12835000
2025-05-15 20:00:00,103157.26000000,103491.43000000,102884.60000000,103443.51000000,666.51008000
2025-05-15 21:00:00,103443.51000000,103443.51000000,102708.46000000,103288.75000000,463.83900000
2025-05-15 22:00:00,103288.75000000,103980.84000000,103254.25000000,103492.06000000,660.25544000
2025-05-15 23:00:00,103492.06000000,103893.73000000,103230.76000000,103763.71000000,690.03920000
2025-05-16 00:00:00,103763.71000000,104033.90000000,103655.16000000,103764.81000000,805.54540000
2025-05-16 01:00:00,103764.82000000,104108.90000000,103467.91000000,104047.61000000,842.64231000
2025-05-16 02:00:00,104047.60000000,104466.01000000,103928.80000000,104199.80000000,1102.45583000
2025-05-16 03:00:00,104199.80000000,104328.32000000,103988.18000000,104023.49000000,543.50598000
2025-05-16 04:00:00,104023.49000000,104184.72000000,103816.60000000,103919.95000000,458.36015000
2025-05-16 05:00:00,103919.96000000,104148.00000000,103833.64000000,103898.52000000,418.83888000
2025-05-16 06:00:00,103898.52000000,104100.00000000,103860.32000000,103987.87000000,741.97708000
2025-05-16 07:00:00,103987.87000000,104190.48000000,103694.18000000,103710.17000000,719.78430000
2025-05-16 08:00:00,103710.17000000,103760.00000000,103100.49000000,103388.60000000,1261.58345000
2025-05-16 09:00:00,103388.60000000,103820.00000000,103388.60000000,103793.65000000,824.12938000
2025-05-16 10:00:00,103793.65000000,103886.01000000,103635.18000000,103796.91000000,509.73742000
2025-05-16 11:00:00,103796.92000000,103900.00000000,103552.00000000,103651.71000000,523.12827000
2025-05-16 12:00:00,103651.72000000,103768.51000000,103484.75000000,103506.07000000,387.69144000
2025-05-16 13:00:00,103506.07000000,104099.88000000,103440.00000000,104007.98000000,976.52654000
2025-05-16 14:00:00,104007.99000000,104007.99000000,103343.07000000,103578.70000000,943.56617000
2025-05-16 15:00:00,103578.71000000,104286.00000000,103578.71000000,104183.33000000,1195.99570000
2025-05-16 16:00:00,104183.32000000,104550.33000000,103837.82000000,104145.49000000,1228.27010000
2025-05-16 17:00:00,104145.48000000,104396.28000000,103780.00000000,103867.96000000,430.37817000
2025-05-16 18:00:00,103867.96000000,104094.90000000,103690.26000000,103691.55000000,420.24502000
2025-05-16 19:00:00,103691.54000000,104047.62000000,103587.00000000,104032.60000000,273.94744000
2025-05-16 20:00:00,104032.60000000,104032.60000000,103526.47000000,103692.48000000,285.67975000
2025-05-16 21:00:00,103692.48000000,103791.94000000,103500.00000000,103612.00000000,249.10753000
2025-05-16 22:00:00,103612.01000000,103613.02000000,103397.50000000,103521.96000000,344.55949000
2025-05-16 23:00:00,103521.96000000,103690.18000000,103420.92000000,103463.90000000,196.22444000
2025-05-17 00:00:00,103463.90000000,103539.69000000,103100.00000000,103360.01000000,743.27212000
2025-05-17 01:00:00,103360.00000000,103360.01000000,102612.50000000,102829.57000000,901.79419000
2025-05-17 02:00:00,102829.58000000,103357.60000000,102747.44000000,103286.01000000,650.39481000
2025-05-17 03:00:00,103286.01000000,103600.00000000,103173.85000000,103508.48000000,563.37816000
2025-05-17 04:00:00,103508.48000000,103666.67000000,103476.19000000,103658.05000000,336.48814000
2025-05-17 05:00:00,103658.05000000,103709.86000000,103328.12000000,103342.79000000,224.58608000
2025-05-17 06:00:00,103342.79000000,103500.00000000,103285.71000000,103487.95000000,413.82507000
2025-05-17 07:00:00,103487.96000000,103640.14000000,103435.08000000,103451.14000000,344.02794000
2025-05-17 08:00:00,103451.13000000,103568.58000000,103120.00000000,103426.06000000,685.20657000
2025-05-17 09:00:00,103426.06000000,103549.92000000,102808.60000000,102896.59000000,1202.56724000
2025-05-17 10:00:00,102896.59000000,103045.56000000,102822.64000000,102873.74000000,457.50752000
2025-05-17 11:00:00,102873.74000000,103099.84000000,102753.67000000,102994.17000000,375.02021000
2025-05-17 12:00:00,102994.18000000,103066.43000000,102892.38000000,102927.57000000,287.44977000
2025-05-17 13:00:00,102927.58000000,103103.47000000,102640.02000000,102713.34000000,446.71269000
2025-05-17 14:00:00,102713.33000000,103180.00000000,102707.72000000,103124.80000000,281.64444000
2025-05-17 15:00:00,103124.80000000,103179.51000000,102936.00000000,102939.53000000,256.86045000
2025-05-17 16:00:00,102939.52000000,103106.07000000,102761.90000000,102938.32000000,344.47339000
2025-05-17 17:00:00,102938.32000000,103292.88000000,102928.80000000,103130.43000000,312.20248000
2025-05-17 18:00:00,103130.43000000,103350.00000000,102956.52000000,102987.20000000,387.59976000
2025-05-17 19:00:00,102987.21000000,103204.07000000,102928.30000000,103158.60000000,243.69127000
2025-05-17 20:00:00,103158.60000000,103433.78000000,103081.71000000,103372.04000000,286.01224000
2025-05-17 21:00:00,103372.03000000,103477.87000000,103121.62000000,103243.69000000,922.48164000
2025-05-17 22:00:00,103243.68000000,103243.68000000,102900.72000000,103031.03000000,402.93806000
2025-05-17 23:00:00,103031.03000000,103212.00000000,102950.23000000,103126.65000000,180.76198000
2025-05-18 00:00:00,103126.65000000,103409.98000000,103105.09000000,103382.80000000,304.88823000
2025-05-18 01:00:00,103382.81000000,103405.12000000,103134.49000000,103251.49000000,182.56775000
2025-05-18 02:00:00,103251.49000000,103360.01000000,103240.69000000,103346.70000000,179.48635000
2025-05-18 03:00:00,103346.70000000,103390.45000000,103140.32000000,103295.70000000,247.02287000
2025-05-18 04:00:00,103295.70000000,103433.78000000,103295.69000000,103355.01000000,148.44304000
2025-05-18 05:00:00,103355.01000000,103685.03000000,103355.01000000,103648.20000000,430.19855000
2025-05-18 06:00:00,103648.20000000,103679.02000000,103368.36000000,103476.19000000,373.91732000
2025-05-18 07:00:00,103476.20000000,103988.00000000,103443.45000000,103919.39000000,462.12182000
2025-05-18 08:00:00,103919.39000000,104088.20000000,103819.43000000,103912.82000000,679.59538000
2025-05-18 09:00:00,103912.82000000,104022.00000000,103845.23000000,103868.48000000,352.23621000
2025-05-18 10:00:00,103868.48000000,103935.40000000,103800.00000000,103856.81000000,261.38595000
2025-05-18 11:00:00,103856.80000000,103998.98000000,103800.00000000,103800.54000000,280.93869000
2025-05-18 12:00:00,103800.55000000,103939.66000000,103701.40000000,103939.65000000,242.85227000
2025-05-18 13:00:00,103939.65000000,104800.00000000,103900.02000000,104740.00000000,1284.75370000
2025-05-18 14:00:00,104740.00000000,105548.00000000,104556.32000000,105270.97000000,2059.10483000
2025-05-18 15:00:00,105270.98000000,105680.00000000,104970.03000000,105518.00000000,1395.79302000
2025-05-18 16:00:00,105518.00000000,105980.00000000,105161.19000000,105822.22000000,1218.87570000
2025-05-18 17:00:00,105822.22000000,105900.00000000,104836.66000000,104836.67000000,1282.22053000
2025-05-18 18:00:00,104836.66000000,104923.17000000,103988.00000000,104498.00000000,1819.26717000
2025-05-18 19:00:00,104498.01000000,104761.90000000,103851.01000000,103883.97000000,1074.99209000
2025-05-18 20:00:00,103883.98000000,104240.00000000,103285.71000000,104053.05000000,1803.51574000
2025-05-18 21:00:00,104053.05000000,104601.14000000,104053.04000000,104180.38000000,690.98580000
2025-05-18 22:00:00,104180.37000000,105979.99000000,103963.63000000,105928.10000000,1453.37474000
2025-05-18 23:00:00,105928.11000000,106660.00000000,105460.00000000,106454.26000000,3371.44951000
2025-05-19 00:00:00,106454.27000000,107108.62000000,105165.44000000,105260.88000000,2492.11697000
2025-05-19 01:00:00,105260.88000000,105416.67000000,104742.53000000,105059.97000000,980.73261000
2025-05-19 02:00:00,105059.97000000,105192.17000000,104569.00000000,104645.15000000,1063.96715000
2025-05-19 03:00:00,104645.15000000,104645.15000000,103534.47000000,103605.88000000,1293.59737000
2025-05-19 04:00:00,103605.90000000,103779.99000000,102789.00000000,103002.07000000,2427.05534000
2025-05-19 05:00:00,103002.07000000,103118.57000000,102513.87000000,103032.01000000,2036.68924000
2025-05-19 06:00:00,103032.00000000,103195.67000000,102000.00000000,102208.00000000,2300.40217000
2025-05-19 07:00:00,102208.01000000,103356.80000000,102173.91000000,103226.29000000,1134.89093000
2025-05-19 08:00:00,103226.29000000,103357.60000000,102920.57000000,103233.90000000,710.15374000
2025-05-19 09:00:00,103233.90000000,103425.53000000,102999.99000000,103061.61000000,802.42160000
2025-05-19 10:00:00,103061.62000000,103090.07000000,102853.81000000,102915.50000000,640.39455000
2025-05-19 11:00:00,102915.50000000,103067.83000000,102782.60000000,102963.41000000,530.36927000
2025-05-19 12:00:00,102963.40000000,102963.41000000,102126.16000000,102479.95000000,1052.78618000
2025-05-19 13:00:00,102479.94000000,103527.89000000,102321.83000000,103294.11000000,1554.62450000
2025-05-19 14:00:00,103294.11000000,104369.00000000,103181.67000000,104328.11000000,1627.19129000
2025-05-19 15:00:00,104328.11000000,104968.75000000,104266.14000000,104786.41000000,1837.22906000
2025-05-19 16:00:00,104786.42000000,105435.49000000,104491.53000000,105356.44000000,1500.27726000
2025-05-19 17:00:00,105356.43000000,105550.01000000,104940.77000000,105380.95000000,1283.57443000
2025-05-19 18:00:00,105380.96000000,105561.76000000,104703.66000000,104778.98000000,937.18228000
2025-05-19 19:00:00,104778.99000000,105549.99000000,104633.55000000,105517.70000000,782.32170000
2025-05-19 20:00:00,105517.64000000,105788.87000000,105321.54000000,105468.00000000,683.47777000
2025-05-19 21:00:00,105468.00000000,105514.79000000,105016.27000000,105474.67000000,768.70926000
2025-05-19 22:00:00,105474.67000000,105644.41000000,105182.86000000,105549.92000000,1369.62548000
2025-05-19 23:00:00,105549.92000000,105829.99000000,105455.57000000,105573.74000000,450.24509000
2025-05-20 00:00:00,105573.73000000,106569.99000000,105554.31000000,105727.27000000,1899.74036000
2025-05-20 01:00:00,105727.27000000,106789.58000000,105701.46000000,106450.00000000,1406.29767000
2025-05-20 02:00:00,106450.01000000,106853.27000000,106000.00000000,106099.99000000,1168.64729000
2025-05-20 03:00:00,106100.00000000,106180.75000000,105533.01000000,105761.92000000,1275.86795000
2025-05-20 04:00:00,105761.92000000,106250.00000000,105545.45000000,106219.99000000,545.70991000
2025-05-20 05:00:00,106220.00000000,106399.00000000,106067.36000000,106105.26000000,584.56364000
2025-05-20 06:00:00,106105.26000000,106219.99000000,105381.02000000,105454.54000000,635.48643000
2025-05-20 07:00:00,105454.55000000,105750.26000000,104928.44000000,105021.71000000,1269.79336000
2025-05-20 08:00:00,105021.70000000,105249.11000000,104847.16000000,105223.01000000,675.94019000
2025-05-20 09:00:00,105223.00000000,105390.13000000,105186.31000000,105285.72000000,581.83412000
2025-05-20 10:00:00,105285.72000000,105416.66000000,105022.72000000,105030.65000000,583.62785000
2025-05-20 11:00:00,105030.65000000,105348.67000000,104913.04000000,105203.76000000,485.14026000
2025-05-20 12:00:00,105203.75000000,105203.76000000,104653.39000000,104780.00000000,621.85316000
2025-05-20 13:00:00,104780.01000000,104869.57000000,104184.72000000,104448.04000000,1440.36940000
2025-05-20 14:00:00,104448.04000000,104995.43000000,104304.34000000,104519.84000000,1054.37222000
2025-05-20 15:00:00,104519.84000000,105391.27000000,104482.68000000,105333.68000000,683.10716000
2025-05-20 16:00:00,105333.67000000,105523.81000000,105090.90000000,105212.49000000,599.25564000
2025-05-20 17:00:00,105212.49000000,106336.37000000,105212.49000000,106200.31000000,1531.99175000
2025-05-20 18:00:00,106200.32000000,106419.19000000,105234.04000000,105285.54000000,955.70004000
2025-05-20 19:00:00,105285.53000000,107238.37000000,105220.00000000,107026.47000000,1970.35210000
2025-05-20 20:00:00,107026.47000000,107320.00000000,106407.66000000,106909.09000000,1407.95263000
2025-05-20 21:00:00,106909.09000000,107225.68000000,106132.09000000,106619.00000000,988.46204000
2025-05-20 22:00:00,106619.00000000,106894.86000000,105935.83000000,106775.83000000,610.98393000
2025-05-20 23:00:00,106775.83000000,107208.68000000,106637.50000000,106849.99000000,728.43365000
2025-05-21 00:00:00,106850.00000000,107206.94000000,106459.80000000,106739.54000000,795.55996000
2025-05-21 01:00:00,106739.55000000,107086.24000000,106426.00000000,106500.00000000,440.84568000
2025-05-21 02:00:00,106500.00000000,106923.07000000,106186.79000000,106859.04000000,639.36986000
2025-05-21 03:00:00,106859.05000000,107100.00000000,106748.69000000,106843.59000000,708.25056000
2025-05-21 04:00:00,106843.60000000,107700.00000000,106742.85000000,107287.00000000,1515.58688000
2025-05-21 05:00:00,107286.99000000,107718.68000000,107281.55000000,107542.00000000,1194.67386000
2025-05-21 06:00:00,107542.01000000,107985.05000000,107294.63000000,107751.41000000,1335.30875000
2025-05-21 07:00:00,107751.41000000,107855.49000000,106454.54000000,106527.16000000,1745.68293000
2025-05-21 08:00:00,106527.17000000,106797.98000000,106347.05000000,106372.45000000,1022.17805000
2025-05-21 09:00:00,106372.46000000,106523.81000000,106100.01000000,106200.03000000,796.53854000
2025-05-21 10:00:00,106200.03000000,106450.00000000,106136.99000000,106328.57000000,551.73093000
2025-05-21 11:00:00,106328.56000000,106741.71000000,106272.72000000,106546.44000000,611.68220000
2025-05-21 12:00:00,106546.43000000,106920.21000000,106409.92000000,106573.11000000,789.95753000
2025-05-21 13:00:00,106573.10000000,107662.08000000,106329.47000000,107244.76000000,1192.94496000
2025-05-21 14:00:00,107244.75000000,109000.00000000,107009.06000000,108999.99000000,4814.02631000
2025-05-21 15:00:00,108999.99000000,109458.00000000,108332.26000000,108973.35000000,4908.56569000
2025-05-21 16:00:00,108973.34000000,109845.00000000,108701.54000000,109131.70000000,3551.89039000
2025-05-21 17:00:00,109131.71000000,109343.01000000,106117.67000000,106592.79000000,6249.91547000
2025-05-21 18:00:00,106592.80000000,107415.83000000,106317.00000000,106965.05000000,2576.43227000
2025-05-21 19:00:00,106965.05000000,108857.19000000,106619.68000000,108603.79000000,2579.96170000
2025-05-21 20:00:00,108603.79000000,108739.14000000,107725.00000000,108238.09000000,1238.80704000
2025-05-21 21:00:00,108238.09000000,108560.34000000,107940.00000000,108414.64000000,776.08015000
2025-05-21 22:00:00,108414.63000000,109028.25000000,108278.97000000,108739.36000000,789.45572000
2025-05-21 23:00:00,108739.36000000,110797.38000000,108660.00000000,109643.99000000,4705.59491500
2025-05-22 00:00:00,109643.99000000,110178.49000000,109177.37000000,109954.53000000,2147.46453000
2025-05-22 01:00:00,109954.54000000,110576.70000000,109667.00000000,109920.68000000,1776.18943000
2025-05-22 02:00:00,109920.69000000,110981.96000000,109822.58000000,110471.51000000,2116.54822000
2025-05-22 03:00:00,110471.52000000,111880.00000000,110339.87000000,111780.84000000,2977.52950000
2025-05-22 04:00:00,111780.84000000,111795.04000000,111234.40000000,111482.42000000,1845.93128000
2025-05-22 05:00:00,111482.43000000,111672.32000000,110832.38000000,110879.99000000,2584.32531000
2025-05-22 06:00:00,110880.00000000,111185.82000000,110478.26000000,110606.07000000,1507.16841000
2025-05-22 07:00:00,110606.07000000,111139.71000000,110461.87000000,111045.45000000,1165.97838000
2025-05-22 08:00:00,111045.45000000,111162.18000000,110381.46000000,110409.09000000,1178.49072000
2025-05-22 09:00:00,110409.10000000,110840.00000000,110272.72000000,110821.30000000,1046.51732000
2025-05-22 10:00:00,110821.30000000,110952.39000000,110601.00000000,110805.22000000,823.91343000
2025-05-22 11:00:00,110805.23000000,111326.20000000,110500.00000000,110981.97000000,965.26641000
2025-05-22 12:00:00,110981.98000000,111626.43000000,110804.72000000,111608.69000000,1598.01131000
2025-05-22 13:00:00,111608.69000000,111625.75000000,110904.00000000,110914.49000000,1601.31192000
2025-05-22 14:00:00,110914.49000000,111397.94000000,110550.00000000,110897.90000000,1686.01739000
2025-05-22 15:00:00,110897.89000000,111529.72000000,110787.80000000,111290.86000000,1200.91956000
2025-05-22 16:00:00,111290.85000000,111782.61000000,111087.25000000,111252.36000000,780.15322000
2025-05-22 17:00:00,111252.36000000,111980.00000000,111168.03000000,111502.31000000,917.63574000
2025-05-22 18:00:00,111502.32000000,111953.85000000,111379.22000000,111727.27000000,622.21825000
2025-05-22 19:00:00,111727.28000000,111920.00000000,110916.40000000,111188.00000000,940.62549000
2025-05-22 20:00:00,111188.00000000,111431.50000000,110831.52000000,111076.24000000,792.97237000
2025-05-22 21:00:00,111076.24000000,111108.89000000,110763.27000000,110831.36000000,412.21360000
2025-05-22 22:00:00,110831.36000000,111252.03000000,110831.36000000,111020.93000000,412.79621000
2025-05-22 23:00:00,111020.93000000,111717.34000000,111020.92000000,111696.21000000,530.57513000
2025-05-23 00:00:00,111696.22000000,111800.00000000,111382.97000000,111613.58000000,823.77218000
2025-05-23 01:00:00,111613.58000000,111739.14000000,111201.86000000,111327.69000000,865.20204000
2025-05-23 02:00:00,111327.69000000,111618.93000000,111193.90000000,111272.72000000,656.27680000
2025-05-23 03:00:00,111272.73000000,111374.54000000,111000.13000000,111100.01000000,489.04380000
2025-05-23 04:00:00,111100.00000000,111181.82000000,110547.98000000,110844.19000000,740.65730000
2025-05-23 05:00:00,110844.19000000,110951.70000000,110658.72000000,110855.47000000,540.83274000
2025-05-23 06:00:00,110855.47000000,110857.15000000,110407.89000000,110526.01000000,861.12423000
2025-05-23 07:00:00,110526.01000000,110857.15000000,110523.80000000,110715.42000000,1083.90073000
2025-05-23 08:00:00,110715.41000000,111030.12000000,110715.41000000,110935.24000000,525.43180000
2025-05-23 09:00:00,110935.24000000,111381.61000000,110909.46000000,111335.02000000,588.81353000
2025-05-23 10:00:00,111335.02000000,111335.02000000,110816.34000000,111061.24000000,428.14347000
2025-05-23 11:00:00,111061.24000000,111092.50000000,108888.00000000,109076.35000000,2661.79754000
2025-05-23 12:00:00,109076.36000000,109096.39000000,107316.00000000,108412.77000000,6557.04047000
2025-05-23 13:00:00,108412.77000000,109714.70000000,107922.82000000,109634.99000000,3726.35919000
2025-05-23 14:00:00,109634.99000000,109992.75000000,109505.00000000,109672.01000000,1726.66757000
2025-05-23 15:00:00,109672.01000000,109850.02000000,108916.00000000,108940.00000000,1153.19085000
2025-05-23 16:00:00,108940.00000000,109222.42000000,108001.00000000,109068.87000000,2275.39816000
2025-05-23 17:00:00,109068.87000000,109809.53000000,109022.82000000,109413.03000000,1158.19809000
2025-05-23 18:00:00,109413.02000000,109494.80000000,108654.82000000,108794.09000000,750.38683000
2025-05-23 19:00:00,108794.09000000,109157.85000000,108605.12000000,108716.07000000,767.19773000
2025-05-23 20:00:00,108714.01000000,108727.28000000,108186.55000000,108236.53000000,592.39199000
2025-05-23 21:00:00,108236.53000000,108664.65000000,108055.00000000,108282.89000000,561.89055000
2025-05-23 22:00:00,108282.89000000,108590.90000000,107638.96000000,107797.37000000,816.90940000
2025-05-23 23:00:00,107797.37000000,107898.34000000,106800.00000000,107318.30000000,1387.09610000
2025-05-24 00:00:00,107318.30000000,107680.83000000,106875.41000000,107366.68000000,926.99572000
2025-05-24 01:00:00,107366.68000000,107875.66000000,107352.75000000,107479.24000000,437.55116000
2025-05-24 02:00:00,107479.24000000,107900.11000000,107243.10000000,107803.84000000,383.40402000
2025-05-24 03:00:00,107803.84000000,108367.54000000,107750.64000000,108366.30000000,573.36983000
2025-05-24 04:00:00,108366.31000000,108582.33000000,108300.00000000,108485.07000000,403.76377000
2025-05-24 05:00:00,108485.06000000,108530.73000000,108126.99000000,108235.68000000,437.82917000
2025-05-24 06:00:00,108235.69000000,108342.53000000,107683.96000000,107959.99000000,682.25870000
2025-05-24 07:00:00,107959.99000000,108227.27000000,107566.37000000,107587.75000000,458.42202000
2025-05-24 08:00:00,107587.75000000,108285.39000000,107587.74000000,108251.23000000,520.00591000
2025-05-24 09:00:00,108251.23000000,108434.00000000,108158.09000000,108161.69000000,467.30605000
2025-05-24 10:00:00,108161.70000000,109258.94000000,108152.01000000,109094.99000000,2231.65558000
2025-05-24 11:00:00,109094.99000000,109506.03000000,109094.99000000,109208.56000000,2198.07764000
2025-05-24 12:00:00,109208.57000000,109282.81000000,108636.36000000,108776.63000000,1286.18727000
2025-05-24 13:00:00,108776.63000000,108894.25000000,108540.00000000,108590.29000000,575.75967000
2025-05-24 14:00:00,108590.28000000,109036.81000000,108590.28000000,108959.09000000,422.11246000
2025-05-24 15:00:00,108959.10000000,109212.76000000,108819.12000000,108929.70000000,382.11963000
2025-05-24 16:00:00,108929.71000000,109096.13000000,108682.36000000,108997.67000000,290.13693000
2025-05-24 17:00:00,108997.68000000,109200.00000000,108882.35000000,108920.03000000,258.09912000
2025-05-24 18:00:00,108920.03000000,109076.20000000,108781.54000000,108827.01000000,170.00615000
2025-05-24 19:00:00,108827.00000000,109019.60000000,108800.00000000,108960.00000000,297.31317000
2025-05-24 20:00:00,108960.00000000,109125.00000000,108863.63000000,108863.63000000,220.43889000
2025-05-24 21:00:00,108863.63000000,108863.64000000,108580.11000000,108818.18000000,260.12572000
2025-05-24 22:00:00,108818.18000000,108818.19000000,107977.67000000,108100.50000000,666.17978000
2025-05-24 23:00:00,108100.50000000,108396.97000000,107500.00000000,107761.91000000,2233.41293000
2025-05-25 00:00:00,107761.90000000,108130.44000000,107286.28000000,107443.90000000,1031.59929000
2025-05-25 01:00:00,107443.90000000,108007.29000000,107206.00000000,107656.22000000,702.14525000
2025-05-25 02:00:00,107656.21000000,108000.00000000,107480.29000000,107928.80000000,339.41198000
2025-05-25 03:00:00,107928.80000000,108257.14000000,107923.60000000,108095.75000000,422.72429000
2025-05-25 04:00:00,108095.76000000,108275.70000000,107941.96000000,108245.21000000,245.16657000
2025-05-25 05:00:00,108245.21000000,108288.69000000,107972.02000000,108103.98000000,167.94588000
2025-05-25 06:00:00,108103.99000000,108136.37000000,107687.21000000,107938.00000000,378.11797000
2025-05-25 07:00:00,107938.00000000,107938.00000000,107454.54000000,107681.81000000,502.48123000
2025-05-25 08:00:00,107681.82000000,107700.65000000,106926.14000000,107109.41000000,948.81757000
2025-05-25 09:00:00,107109.40000000,107258.29000000,106708.98000000,107131.67000000,1082.98139000
2025-05-25 10:00:00,107131.68000000,107390.89000000,106826.53000000,106946.40000000,780.43314000
2025-05-25 11:00:00,106946.40000000,107272.73000000,106834.34000000,107260.00000000,587.12489000
2025-05-25 12:00:00,107259.99000000,107625.00000000,107181.81000000,107530.57000000,799.16485000
2025-05-25 13:00:00,107530.57000000,107743.34000000,107300.00000000,107521.75000000,446.62388000
2025-05-25 14:00:00,107521.74000000,107653.68000000,107137.56000000,107355.00000000,701.78070000
2025-05-25 15:00:00,107355.00000000,107420.98000000,106600.64000000,106967.97000000,3145.57829000
2025-05-25 16:00:00,106967.97000000,107243.36000000,106640.52000000,107174.40000000,1428.32141000
2025-05-25 17:00:00,107174.41000000,107374.38000000,107111.56000000,107363.37000000,232.07576000
2025-05-25 18:00:00,107363.36000000,107600.00000000,107272.72000000,107413.34000000,187.95214000
2025-05-25 19:00:00,107413.34000000,107940.95000000,107413.33000000,107717.01000000,255.53440000
2025-05-25 20:00:00,107717.02000000,107754.24000000,107409.09000000,107677.35000000,360.39184000
2025-05-25 21:00:00,107677.36000000,107914.44000000,107176.00000000,107466.70000000,314.15348000
2025-05-25 22:00:00,107466.69000000,109200.00000000,107350.01000000,109166.00000000,1652.91716000
2025-05-25 23:00:00,109165.99000000,109299.99000000,108570.16000000,109004.19000000,996.60359000
2025-05-26 00:00:00,109004.20000000,109600.00000000,108670.58000000,109540.46000000,921.21434000
2025-05-26 01:00:00,109540.45000000,109844.91000000,109224.00000000,109545.46000000,968.05223000
2025-05-26 02:00:00,109545.45000000,109772.72000000,109172.36000000,109387.72000000,638.12107000
2025-05-26 03:00:00,109387.73000000,109765.74000000,109273.51000000,109623.53000000,563.40876000
2025-05-26 04:00:00,109623.54000000,109737.71000000,109510.58000000,109541.30000000,537.86277000
2025-05-26 05:00:00,109541.31000000,109688.05000000,109365.29000000,109650.01000000,537.14753000
2025-05-26 06:00:00,109650.00000000,109951.20000000,109519.40000000,109928.37000000,463.70135000
2025-05-26 07:00:00,109928.37000000,110228.11000000,109728.37000000,110094.62000000,933.69745000
2025-05-26 08:00:00,110094.62000000,110173.92000000,109606.32000000,109666.40000000,528.16161000
2025-05-26 09:00:00,109666.39000000,109996.20000000,109600.00000000,109712.56000000,524.59189000
2025-05-26 10:00:00,109712.56000000,109857.15000000,109571.42000000,109643.56000000,276.23009000
2025-05-26 11:00:00,109643.55000000,109836.00000000,109556.69000000,109772.72000000,325.29275000
2025-05-26 12:00:00,109772.73000000,110086.96000000,109666.66000000,109826.92000000,380.50527000
2025-05-26 13:00:00,109826.91000000,109980.00000000,109494.74000000,109595.65000000,546.39868000
2025-05-26 14:00:00,109595.64000000,109739.14000000,109499.92000000,109652.51000000,768.91932000
2025-05-26 15:00:00,109652.51000000,110420.74000000,109529.57000000,110009.82000000,1417.39714000
2025-05-26 16:00:00,110009.83000000,110422.22000000,109089.43000000,109391.37000000,1696.47921000
2025-05-26 17:00:00,109391.37000000,109693.24000000,108871.21000000,109171.91000000,713.14566000
2025-05-26 18:00:00,109171.90000000,109460.89000000,109010.97000000,109101.97000000,293.71183000
2025-05-26 19:00:00,109101.96000000,109193.66000000,108858.28000000,109130.44000000,334.66026000
2025-05-26 20:00:00,109130.44000000,109624.85000000,108940.00000000,109606.50000000,338.47090000
2025-05-26 21:00:00,109606.50000000,109646.45000000,109136.36000000,109346.68000000,282.33947000
2025-05-26 22:00:00,109346.68000000,109888.89000000,109173.91000000,109190.48000000,390.94918000
2025-05-26 23:00:00,109190.47000000,109466.06000000,109057.74000000,109434.79000000,268.65717000
2025-05-27 00:00:00,109434.78000000,109666.00000000,109128.72000000,109136.37000000,482.27371000
2025-05-27 01:00:00,109136.37000000,109136.37000000,107516.57000000,108385.31000000,2302.30401000
2025-05-27 02:00:00,108385.32000000,108697.94000000,107894.95000000,108272.72000000,818.93423000
2025-05-27 03:00:00,108272.73000000,109298.43000000,108268.00000000,108892.16000000,1100.79535000
2025-05-27 04:00:00,108892.15000000,109355.11000000,108863.63000000,108952.65000000,626.46795000
2025-05-27 05:00:00,108952.64000000,108969.76000000,108550.00000000,108923.36000000,667.51791000
2025-05-27 06:00:00,108923.36000000,109290.03000000,108826.08000000,108828.19000000,1335.64871000
2025-05-27 07:00:00,108828.18000000,109636.37000000,108828.18000000,109547.16000000,710.52493000
2025-05-27 08:00:00,109540.00000000,109777.77000000,109492.59000000,109695.65000000,567.33883000
2025-05-27 09:00:00,109695.66000000,109899.00000000,109428.98000000,109830.25000000,615.70678000
2025-05-27 10:00:00,109830.24000000,109852.00000000,109639.64000000,109698.57000000,253.14136000
2025-05-27 11:00:00,109698.57000000,109783.53000000,109439.71000000,109585.49000000,450.26661000
2025-05-27 12:00:00,109585.49000000,109826.91000000,109456.50000000,109603.02000000,434.51585000
2025-05-27 13:00:00,109603.03000000,110718.00000000,109581.46000000,109837.26000000,2819.75820000
2025-05-27 14:00:00,109837.26000000,110217.40000000,108670.29000000,109374.75000000,2073.92899000
2025-05-27 15:00:00,109374.75000000,110240.83000000,109010.33000000,110140.11000000,1449.68899000
2025-05-27 16:00:00,110140.11000000,110499.64000000,109956.03000000,110217.39000000,868.13460000
2025-05-27 17:00:00,110217.40000000,110454.95000000,109968.00000000,110232.46000000,599.07105000
2025-05-27 18:00:00,110232.46000000,110409.11000000,109828.92000000,109890.62000000,663.24539000
2025-05-27 19:00:00,109890.62000000,110064.71000000,109574.46000000,109877.87000000,493.59702000
2025-05-27 20:00:00,109877.87000000,109897.49000000,109551.69000000,109551.69000000,282.59269000
2025-05-27 21:00:00,109551.69000000,109690.94000000,108824.85000000,108918.07000000,575.42749000
2025-05-27 22:00:00,108918.08000000,109170.49000000,108600.00000000,109027.01000000,695.95406000
2025-05-27 23:00:00,109027.00000000,109159.28000000,108919.24000000,108938.17000000,389.82164000
2025-05-28 00:00:00,108938.17000000,109261.76000000,108665.18000000,109205.39000000,478.61482000
2025-05-28 01:00:00,109205.39000000,109284.70000000,108624.33000000,108667.99000000,432.06306000
2025-05-28 02:00:00,108667.99000000,108869.57000000,108400.00000000,108627.42000000,723.16256000
2025-05-28 03:00:00,108627.41000000,108962.10000000,108569.09000000,108863.64000000,370.01313000
2025-05-28 04:00:00,108863.64000000,109061.60000000,108624.43000000,108971.87000000,383.90710000
2025-05-28 05:00:00,108971.87000000,109089.68000000,108841.57000000,109000.00000000,278.93308000
2025-05-28 06:00:00,108999.99000000,109000.00000000,108636.36000000,108727.27000000,383.05025000
2025-05-28 07:00:00,108727.28000000,109007.71000000,108720.00000000,108816.44000000,345.62936000
2025-05-28 08:00:00,108816.44000000,109130.44000000,108602.90000000,109040.45000000,475.37342000
2025-05-28 09:00:00,109040.45000000,109076.61000000,108507.23000000,108789.17000000,623.66656000
2025-05-28 10:00:00,108789.17000000,108944.22000000,108258.01000000,108829.01000000,542.89413000
2025-05-28 11:00:00,108829.00000000,108950.00000000,108719.89000000,108870.38000000,249.29417000
2025-05-28 12:00:00,108870.39000000,109053.39000000,108784.27000000,108891.94000000,373.67089000
2025-05-28 13:00:00,108891.94000000,108985.05000000,108010.00000000,108068.45000000,1104.53138000
2025-05-28 14:00:00,108068.45000000,108253.03000000,107466.02000000,107522.72000000,2045.96247000
2025-05-28 15:00:00,107522.71000000,107677.28000000,107045.45000000,107107.31000000,2226.89421000
2025-05-28 16:00:00,107107.31000000,107457.59000000,107107.31000000,107420.00000000,629.26184000
2025-05-28 17:00:00,107420.00000000,107832.38000000,107363.63000000,107679.01000000,886.65781000
2025-05-28 18:00:00,107679.01000000,107842.29000000,107388.00000000,107476.55000000,436.15460000
2025-05-28 19:00:00,107476.54000000,107798.14000000,106938.24000000,106946.01000000,805.61276000
2025-05-28 20:00:00,106946.00000000,107403.82000000,106769.43000000,107318.18000000,518.47491000
2025-05-28 21:00:00,107318.19000000,107575.56000000,107185.90000000,107495.74000000,307.12595000
2025-05-28 22:00:00,107495.74000000,107495.74000000,107150.00000000,107400.73000000,296.55247000
2025-05-28 23:00:00,107400.73000000,108043.95000000,107400.73000000,107781.78000000,716.28736000
2025-05-29 00:00:00,107781.78000000,108297.87000000,107421.12000000,108285.32000000,732.14610000
2025-05-29 01:00:00,108285.31000000,108347.78000000,107812.85000000,108156.23000000,977.95629000
2025-05-29 02:00:00,108156.23000000,108484.61000000,107931.15000000,108426.94000000,690.46291000
2025-05-29 03:00:00,108426.93000000,108430.76000000,107955.47000000,108044.88000000,611.48079000
2025-05-29 04:00:00,108044.87000000,108106.94000000,106948.01000000,107564.44000000,1149.18527000
2025-05-29 05:00:00,107564.44000000,107765.95000000,107492.36000000,107681.81000000,384.95323000
2025-05-29 06:00:00,107681.81000000,107945.47000000,107643.18000000,107915.46000000,332.12973000
2025-05-29 07:00:00,107915.46000000,108012.79000000,107752.54000000,107880.72000000,420.81581000
2025-05-29 08:00:00,107880.73000000,108553.62000000,107681.81000000,108492.49000000,723.13970000
2025-05-29 09:00:00,108492.50000000,108637.01000000,108320.00000000,108520.01000000,551.68067000
2025-05-29 10:00:00,108520.01000000,108857.15000000,108381.76000000,108746.01000000,766.27310000
2025-05-29 11:00:00,108746.01000000,108891.91000000,108666.09000000,108779.84000000,484.21621000
2025-05-29 12:00:00,108779.83000000,108797.25000000,108375.71000000,108434.78000000,635.22070000
2025-05-29 13:00:00,108434.78000000,108590.88000000,107430.56000000,107601.08000000,1476.99596000
2025-05-29 14:00:00,107601.08000000,107835.33000000,106474.00000000,107622.54000000,2202.01745000
2025-05-29 15:00:00,107622.53000000,107737.70000000,106955.91000000,107019.89000000,856.64056000
2025-05-29 16:00:00,107019.90000000,107168.23000000,106570.99000000,106724.42000000,1143.70436000
2025-05-29 17:00:00,106724.42000000,106889.39000000,106117.51000000,106303.60000000,1344.30205000
2025-05-29 18:00:00,106303.60000000,106617.77000000,105804.87000000,105837.13000000,1056.11722000
2025-05-29 19:00:00,105837.14000000,106090.45000000,105639.30000000,105731.74000000,1138.17489000
2025-05-29 20:00:00,105731.74000000,106221.91000000,105729.02000000,106180.00000000,588.90778000
2025-05-29 21:00:00,106180.00000000,106470.69000000,106099.41000000,106443.01000000,323.40615000
2025-05-29 22:00:00,106443.02000000,106460.00000000,105906.65000000,105929.07000000,391.58161000
2025-05-29 23:00:00,105929.08000000,106078.47000000,105322.86000000,105589.75000000,853.19262000
2025-05-30 00:00:00,105589.75000000,106214.93000000,104600.50000000,104939.99000000,1835.85842000
2025-05-30 01:00:00,104940.00000000,105925.92000000,104940.00000000,105666.66000000,1178.59954000
2025-05-30 02:00:00,105666.67000000,106172.30000000,105650.00000000,106000.00000000,767.82001000
2025-05-30 03:00:00,106000.01000000,106193.58000000,105913.35000000,106024.33000000,608.67187000
2025-05-30 04:00:00,106024.33000000,106136.00000000,105904.76000000,106112.08000000,577.59911000
2025-05-30 05:00:00,106112.08000000,106313.12000000,106018.79000000,106083.42000000,420.63382000
2025-05-30 06:00:00,106083.43000000,106135.17000000,105535.07000000,105711.77000000,1083.16822000
2025-05-30 07:00:00,105711.77000000,105850.00000000,104727.72000000,105028.02000000,2105.75378000
2025-05-30 08:00:00,105028.03000000,105367.31000000,104841.42000000,105177.33000000,915.44822000
2025-05-30 09:00:00,105177.34000000,105666.67000000,104606.01000000,105623.04000000,1181.32648000
2025-05-30 10:00:00,105623.04000000,105938.44000000,105285.71000000,105925.06000000,845.87516000
2025-05-30 11:00:00,105925.05000000,105981.75000000,105700.00000000,105880.51000000,520.93192000
2025-05-30 12:00:00,105880.50000000,106000.00000000,105153.84000000,105684.96000000,1168.81206000
2025-05-30 13:00:00,105684.95000000,105979.35000000,105366.14000000,105495.59000000,956.14556000
2025-05-30 14:00:00,105495.60000000,105837.57000000,105047.61000000,105346.33000000,1209.39338000
2025-05-30 15:00:00,105346.34000000,105831.00000000,105291.12000000,105543.00000000,842.00636000
2025-05-30 16:00:00,105543.00000000,105560.98000000,103706.71000000,103898.75000000,2576.24080000
2025-05-30 17:00:00,103898.75000000,104292.69000000,103836.03000000,104183.15000000,1096.10894000
2025-05-30 18:00:00,104183.15000000,104914.02000000,104065.08000000,104891.99000000,839.08091000
2025-05-30 19:00:00,104891.98000000,104988.97000000,104484.86000000,104640.50000000,691.96122000
2025-05-30 20:00:00,104640.49000000,104846.13000000,104398.93000000,104580.00000000,400.37190000
2025-05-30 21:00:00,104579.99000000,104878.05000000,104553.70000000,104631.59000000,288.73316000
2025-05-30 22:00:00,104631.60000000,104804.32000000,103966.32000000,103966.33000000,658.81848000
2025-05-30 23:00:00,103966.32000000,104260.00000000,103621.00000000,103985.48000000,937.13867000
2025-05-31 00:00:00,103985.47000000,104292.69000000,103550.00000000,103957.33000000,931.10451000
2025-05-31 01:00:00,103957.33000000,104195.13000000,103269.87000000,103476.61000000,1041.88047000
2025-05-31 02:00:00,103476.60000000,103852.18000000,103102.59000000,103189.83000000,624.53338000
2025-05-31 03:00:00,103189.83000000,103692.30000000,103068.55000000,103684.01000000,648.80769000
2025-05-31 04:00:00,103684.00000000,103820.68000000,103487.99000000,103812.00000000,362.42657000
2025-05-31 05:00:00,103812.00000000,103911.10000000,103519.74000000,103538.94000000,459.85245000
2025-05-31 06:00:00,103538.93000000,103903.54000000,103530.64000000,103862.52000000,275.22705000
2025-05-31 07:00:00,103862.52000000,103862.52000000,103633.35000000,103747.02000000,327.26511000
2025-05-31 08:00:00,103747.03000000,103809.51000000,103513.84000000,103648.32000000,300.05800000
2025-05-31 09:00:00,103648.32000000,103737.49000000,103482.55000000,103538.01000000,296.10498000
2025-05-31 10:00:00,103538.02000000,103599.36000000,103285.71000000,103410.00000000,386.05919000
2025-05-31 11:00:00,103410.01000000,103523.81000000,103311.32000000,103498.18000000,479.80598000
2025-05-31 12:00:00,103498.17000000,104033.96000000,103480.11000000,104033.96000000,728.70156000
2025-05-31 13:00:00,104033.95000000,104200.00000000,103978.00000000,104117.30000000,624.03528000
2025-05-31 14:00:00,104117.31000000,104583.48000000,104117.30000000,104573.92000000,795.27913000
2025-05-31 15:00:00,104573.91000000,104846.15000000,104443.39000000,104556.08000000,714.30044000
2025-05-31 16:00:00,104556.08000000,104780.49000000,104400.00000000,104490.57000000,495.10689000
2025-05-31 17:00:00,104490.56000000,104619.05000000,104261.39000000,104349.06000000,343.45658000
2025-05-31 18:00:00,104349.06000000,104619.05000000,104349.05000000,104487.81000000,165.70090000
2025-05-31 19:00:00,104487.81000000,104750.00000000,104487.80000000,104698.02000000,233.47406000
2025-05-31 20:00:00,104698.03000000,104807.94000000,104533.54000000,104781.83000000,150.05341000
2025-05-31 21:00:00,104781.84000000,104884.16000000,104645.73000000,104863.16000000,317.26216000
2025-05-31 22:00:00,104863.16000000,104900.00000000,104603.08000000,104625.80000000,228.10691000
2025-05-31 23:00:00,104625.79000000,104840.00000000,104473.20000000,104591.88000000,360.75652000
2025-06-01 00:00:00,104591.88000000,104647.11000000,104320.02000000,104446.49000000,293.78295000
2025-06-01 01:00:00,104446.49000000,104505.58000000,103991.37000000,104126.07000000,466.13267000
2025-06-01 02:00:00,104126.08000000,104324.21000000,103924.52000000,104195.12000000,313.34738000
2025-06-01 03:00:00,104195.13000000,104464.10000000,103971.70000000,104381.03000000,259.25466000
2025-06-01 04:00:00,104381.03000000,104729.99000000,104360.90000000,104633.16000000,272.61866000
2025-06-01 05:00:00,104633.16000000,104714.29000000,104450.00000000,104536.57000000,214.06083000
2025-06-01 06:00:00,104536.57000000,104536.58000000,104195.12000000,104258.93000000,257.26107000
2025-06-01 07:00:00,104258.93000000,104370.38000000,104202.48000000,104275.95000000,191.32180000
2025-06-01 08:00:00,104275.95000000,104386.60000000,104220.70000000,104386.60000000,247.34836000
2025-06-01 09:00:00,104386.60000000,104459.07000000,103752.49000000,103934.34000000,679.61906000
2025-06-01 10:00:00,103934.35000000,104040.52000000,103773.69000000,103930.99000000,302.13053000
2025-06-01 11:00:00,103930.98000000,104152.24000000,103845.46000000,104082.68000000,286.47453000
2025-06-01 12:00:00,104082.67000000,104190.48000000,103783.01000000,103956.26000000,354.08075000
2025-06-01 13:00:00,103956.25000000,104424.64000000,103951.61000000,104259.20000000,323.14616000
2025-06-01 14:00:00,104259.19000000,104773.59000000,104259.19000000,104599.70000000,782.69419000
2025-06-01 15:00:00,104599.70000000,104809.53000000,104502.99000000,104715.10000000,409.06118000
2025-06-01 16:00:00,104715.10000000,105299.21000000,104659.47000000,105038.80000000,1174.85040000
2025-06-01 17:00:00,105038.80000000,105192.99000000,104986.20000000,105066.33000000,319.00519000
2025-06-01 18:00:00,105066.34000000,105066.34000000,104319.79000000,104900.01000000,575.53740000
2025-06-01 19:00:00,104900.01000000,105156.73000000,104805.44000000,105121.94000000,361.59685000
2025-06-01 20:00:00,105121.95000000,105300.00000000,104893.72000000,104948.91000000,324.69341000
2025-06-01 21:00:00,104948.91000000,105504.67000000,104926.82000000,105496.54000000,414.58616000
2025-06-01 22:00:00,105496.54000000,105737.84000000,105414.63000000,105512.18000000,474.08063000
2025-06-01 23:00:00,105512.17000000,105866.91000000,105466.39000000,105642.93000000,413.01524000
2025-06-02 00:00:00,105642.93000000,105735.42000000,105404.31000000,105427.48000000,432.43804000
2025-06-02 01:00:00,105427.48000000,105658.38000000,105349.63000000,105388.59000000,368.13444000
2025-06-02 02:00:00,105388.58000000,105414.64000000,105019.05000000,105026.98000000,500.23301000
2025-06-02 03:00:00,105026.97000000,105055.10000000,104571.42000000,104829.27000000,586.76964000
2025-06-02 04:00:00,104829.27000000,104997.06000000,104700.03000000,104765.48000000,262.60797000
2025-06-02 05:00:00,104765.48000000,104918.04000000,104610.13000000,104833.79000000,244.85997000
2025-06-02 06:00:00,104833.79000000,105266.87000000,104732.38000000,105162.38000000,470.58034000
2025-06-02 07:00:00,105162.39000000,105438.87000000,105162.38000000,105387.67000000,346.57956000
2025-06-02 08:00:00,105387.67000000,105935.63000000,105241.18000000,105328.43000000,705.16393000
2025-06-02 09:00:00,105328.43000000,105335.99000000,104483.64000000,104585.36000000,998.93630000
2025-06-02 10:00:00,104585.37000000,104660.00000000,104254.71000000,104370.85000000,704.18464000
2025-06-02 11:00:00,104370.85000000,104487.82000000,103941.00000000,104047.64000000,725.62490000
2025-06-02 12:00:00,104047.63000000,104281.98000000,103862.50000000,104200.32000000,696.19227000
2025-06-02 13:00:00,104200.32000000,104570.57000000,103700.00000000,103800.00000000,1053.66155000
2025-06-02 14:00:00,103799.99000000,104679.25000000,103659.88000000,104176.62000000,1127.64518000
2025-06-02 15:00:00,104176.61000000,104565.32000000,103905.10000000,104438.79000000,580.04610000
2025-06-02 16:00:00,104438.79000000,104450.01000000,104030.01000000,104286.06000000,501.02384000
2025-06-02 17:00:00,104286.06000000,104490.57000000,104095.23000000,104399.89000000,372.61381000
2025-06-02 18:00:00,104399.89000000,104731.95000000,104200.00000000,104361.54000000,367.55001000
2025-06-02 19:00:00,104361.54000000,104510.96000000,104050.96000000,104425.63000000,339.86150000
2025-06-02 20:00:00,104425.64000000,104995.93000000,104425.64000000,104878.62000000,440.97656000
2025-06-02 21:00:00,104878.61000000,105096.66000000,104575.37000000,104942.00000000,303.58011000
2025-06-02 22:00:00,104941.99000000,105800.00000000,104941.99000000,105695.49000000,784.02023000
2025-06-02 23:00:00,105695.50000000,105931.44000000,105575.47000000,105857.99000000,540.70423000
2025-06-03 00:00:00,105858.00000000,106400.00000000,105747.14000000,106285.72000000,752.61041000
2025-06-03 01:00:00,106285.72000000,106488.00000000,106110.53000000,106481.75000000,485.10480000
2025-06-03 02:00:00,106481.76000000,106500.00000000,105577.36000000,105612.46000000,691.63486000
2025-06-03 03:00:00,105612.47000000,105712.72000000,105340.18000000,105482.02000000,441.33737000
2025-06-03 04:00:00,105482.03000000,105513.02000000,105116.20000000,105166.92000000,433.84543000
2025-06-03 05:00:00,105166.93000000,105472.10000000,105166.92000000,105452.08000000,465.42429000
2025-06-03 06:00:00,105452.09000000,105463.19000000,105218.00000000,105429.67000000,497.04209000
2025-06-03 07:00:00,105429.67000000,105438.02000000,105161.84000000,105170.75000000,412.13809000
2025-06-03 08:00:00,105170.76000000,105245.29000000,104872.50000000,105094.93000000,579.75676000
2025-06-03 09:00:00,105094.93000000,105284.74000000,105067.74000000,105198.11000000,353.48130000
2025-06-03 10:00:00,105198.12000000,105343.01000000,105146.99000000,105280.99000000,376.17348000
2025-06-03 11:00:00,105281.00000000,105349.94000000,105173.87000000,105287.24000000,272.00092000
2025-06-03 12:00:00,105287.24000000,105425.38000000,105224.25000000,105307.94000000,404.97079000
2025-06-03 13:00:00,105307.94000000,105666.67000000,105031.60000000,105421.55000000,737.70303000
2025-06-03 14:00:00,105421.54000000,106692.43000000,105150.94000000,106550.01000000,1681.31099000
2025-06-03 15:00:00,106550.01000000,106794.67000000,106333.33000000,106610.66000000,1120.18715000
2025-06-03 16:00:00,106610.66000000,106666.67000000,105800.00000000,105817.63000000,798.97951000
2025-06-03 17:00:00,105817.63000000,106142.86000000,105758.25000000,105943.98000000,392.12835000
2025-06-03 18:00:00,105943.99000000,106047.62000000,105592.17000000,106013.15000000,412.44980000
2025-06-03 19:00:00,106013.15000000,106428.58000000,106013.15000000,106238.81000000,403.87736000
2025-06-03 20:00:00,106238.81000000,106254.92000000,105353.50000000,105738.69000000,512.78907000
2025-06-03 21:00:00,105738.70000000,105847.71000000,105274.95000000,105367.93000000,366.43282000
2025-06-03 22:00:00,105367.92000000,105902.93000000,105308.00000000,105743.74000000,299.07218000
2025-06-03 23:00:00,105743.74000000,105743.74000000,105266.02000000,105376.89000000,369.07549000
2025-06-04 00:00:00,105376.90000000,105524.96000000,105132.27000000,105476.20000000,493.99756000
2025-06-04 01:00:00,105476.20000000,105740.00000000,105422.59000000,105592.90000000,442.93676000
2025-06-04 02:00:00,105592.90000000,105839.63000000,105415.09000000,105476.22000000,250.94227000
2025-06-04 03:00:00,105476.22000000,105745.29000000,105444.32000000,105519.27000000,280.68523000
2025-06-04 04:00:00,105519.26000000,105611.96000000,105404.25000000,105407.05000000,264.21374000
2025-06-04 05:00:00,105407.06000000,105549.03000000,105340.66000000,105354.14000000,1117.59375000
2025-06-04 06:00:00,105354.14000000,105436.64000000,105250.00000000,105301.02000000,613.59890000
2025-06-04 07:00:00,105301.03000000,105469.00000000,105264.23000000,105320.75000000,247.91386000
2025-06-04 08:00:00,105320.75000000,105585.45000000,105320.75000000,105435.93000000,351.33591000
2025-06-04 09:00:00,105435.93000000,105919.26000000,105329.54000000,105825.31000000,986.00175000
2025-06-04 10:00:00,105825.31000000,106000.00000000,105650.96000000,105705.13000000,390.95549000
2025-06-04 11:00:00,105705.13000000,105820.04000000,105080.26000000,105084.36000000,2112.47110000
2025-06-04 12:00:00,105084.36000000,105157.27000000,104794.50000000,105039.19000000,887.65828000
2025-06-04 13:00:00,105039.20000000,105272.30000000,104720.00000000,104761.17000000,633.64563000
2025-06-04 14:00:00,104761.17000000,105045.79000000,104179.00000000,105033.30000000,1446.23210000
2025-06-04 15:00:00,105033.30000000,105542.00000000,104928.65000000,105298.27000000,938.94287000
2025-06-04 16:00:00,105298.26000000,105464.85000000,105094.00000000,105445.89000000,468.85884000
2025-06-04 17:00:00,105445.90000000,105483.14000000,104963.64000000,105051.10000000,399.33188000
2025-06-04 18:00:00,105051.11000000,105300.00000000,104920.01000000,104951.54000000,301.21483000
2025-06-04 19:00:00,104951.54000000,105079.99000000,104865.25000000,104913.52000000,282.68857000
2025-06-04 20:00:00,104913.52000000,104959.64000000,104407.16000000,104609.87000000,484.36457000
2025-06-04 21:00:00,104609.88000000,105045.79000000,104549.83000000,104930.61000000,304.21199000
2025-06-04 22:00:00,104930.61000000,105034.91000000,104744.18000000,104775.36000000,158.79559000
2025-06-04 23:00:00,104775.37000000,104864.50000000,104625.15000000,104696.86000000,176.30335000
2025-06-05 00:00:00,104696.86000000,104976.75000000,104651.16000000,104976.74000000,242.65293000
2025-06-05 01:00:00,104976.75000000,105155.55000000,104697.84000000,104774.92000000,288.56241000
2025-06-05 02:00:00,104774.92000000,105240.84000000,104774.92000000,104989.48000000,396.55703000
2025-06-05 03:00:00,104989.48000000,105064.95000000,104880.20000000,105047.15000000,198.77038000
2025-06-05 04:00:00,105047.15000000,105226.14000000,105032.95000000,105173.71000000,182.65610000
2025-06-05 05:00:00,105173.72000000,105189.22000000,104570.43000000,104649.23000000,673.16476000
2025-06-05 06:00:00,104649.22000000,104696.73000000,104380.00000000,104452.93000000,416.36718000
2025-06-05 07:00:00,104452.94000000,104636.46000000,104424.52000000,104518.05000000,321.50806000
2025-06-05 08:00:00,104518.05000000,104681.28000000,104424.52000000,104675.36000000,277.44002000
2025-06-05 09:00:00,104675.36000000,104920.00000000,104675.35000000,104900.00000000,298.63026000
2025-06-05 10:00:00,104900.00000000,104900.01000000,104517.43000000,104659.24000000,304.88123000
2025-06-05 11:00:00,104659.25000000,104847.52000000,104551.64000000,104827.80000000,180.80524000
2025-06-05 12:00:00,104827.79000000,105776.99000000,104790.69000000,105649.59000000,1029.99302000
2025-06-05 13:00:00,105649.60000000,105909.71000000,104303.64000000,104527.00000000,1449.94992000
2025-06-05 14:00:00,104527.00000000,104927.79000000,103900.00000000,104639.20000000,1874.15172000
2025-06-05 15:00:00,104639.21000000,104871.31000000,104330.18000000,104531.49000000,713.68921000
2025-06-05 16:00:00,104531.50000000,104598.87000000,103258.00000000,103262.53000000,1390.74350000
2025-06-05 17:00:00,103262.54000000,103581.40000000,103140.00000000,103240.04000000,962.55375000
2025-06-05 18:00:00,103240.04000000,103354.56000000,102581.56000000,103006.05000000,1385.84959000
2025-06-05 19:00:00,103006.04000000,103036.91000000,101596.62000000,101914.77000000,2448.38476000
2025-06-05 20:00:00,101914.76000000,102171.44000000,100372.26000000,100483.91000000,3383.41936000
2025-06-05 21:00:00,100483.92000000,101658.17000000,100428.00000000,101542.82000000,2188.11746000
2025-06-05 22:00:00,101542.82000000,101707.77000000,101029.46000000,101502.61000000,949.97233000
2025-06-05 23:00:00,101502.61000000,101835.70000000,101488.37000000,101508.68000000,762.68132000
2025-06-06 00:00:00,101508.69000000,101907.00000000,101095.80000000,101900.77000000,874.39109000
2025-06-06 01:00:00,101900.77000000,101944.89000000,101681.77000000,101841.20000000,378.25915000
2025-06-06 02:00:00,101841.19000000,102208.28000000,101535.61000000,102203.52000000,725.19187000
2025-06-06 03:00:00,102203.53000000,102520.00000000,102056.23000000,102493.30000000,774.57977000
2025-06-06 04:00:00,102493.30000000,102799.23000000,102387.38000000,102777.00000000,593.04470000
2025-06-06 05:00:00,102777.01000000,102954.24000000,102683.22000000,102954.24000000,461.43449000
2025-06-06 06:00:00,102954.23000000,103210.06000000,102896.10000000,103160.00000000,638.68853000
2025-06-06 07:00:00,103160.00000000,103468.66000000,103050.90000000,103150.44000000,585.47496000
2025-06-06 08:00:00,103150.44000000,103589.00000000,103150.43000000,103510.25000000,492.04854000
2025-06-06 09:00:00,103510.25000000,103750.00000000,103510.24000000,103643.98000000,621.57206000
2025-06-06 10:00:00,103643.99000000,103800.00000000,103553.31000000,103676.25000000,580.32136000
2025-06-06 11:00:00,103676.24000000,103991.45000000,103643.78000000,103927.99000000,524.28446000
2025-06-06 12:00:00,103927.99000000,104300.00000000,103513.70000000,103753.27000000,1382.80380000
2025-06-06 13:00:00,103753.26000000,104529.65000000,103753.26000000,104098.84000000,950.84579000
2025-06-06 14:00:00,104098.84000000,104880.88000000,104004.83000000,104776.70000000,991.71953000
2025-06-06 15:00:00,104776.70000000,105333.00000000,104616.12000000,105092.28000000,1335.00321000
2025-06-06 16:00:00,105092.28000000,105284.00000000,104708.08000000,104758.27000000,1057.73280000
2025-06-06 17:00:00,104758.28000000,104975.47000000,104390.18000000,104922.14000000,761.70730000
2025-06-06 18:00:00,104922.14000000,104982.38000000,104475.93000000,104497.69000000,373.48505000
2025-06-06 19:00:00,104497.69000000,104601.87000000,104013.21000000,104219.80000000,569.98192000
2025-06-06 20:00:00,104219.80000000,104617.56000000,104167.98000000,104478.07000000,332.96273000
2025-06-06 21:00:00,104478.07000000,104488.38000000,104300.00000000,104386.29000000,362.26650000
2025-06-06 22:00:00,104386.29000000,104485.91000000,104232.55000000,104476.81000000,240.44272000
2025-06-06 23:00:00,104476.82000000,104487.28000000,104193.32000000,104288.44000000,230.83152000
2025-06-07 00:00:00,104288.43000000,104511.69000000,103871.09000000,104511.69000000,440.68115000
2025-06-07 01:00:00,104511.68000000,104567.89000000,104348.83000000,104453.56000000,211.20170000
2025-06-07 02:00:00,104453.55000000,104611.68000000,104328.18000000,104531.57000000,266.07012000
2025-06-07 03:00:00,104531.58000000,104910.77000000,104484.52000000,104871.58000000,482.21131000
2025-06-07 04:00:00,104871.59000000,104880.32000000,104643.62000000,104819.99000000,263.09442000
2025-06-07 05:00:00,104820.00000000,105000.00000000,104751.16000000,104877.36000000,292.29171000
2025-06-07 06:00:00,104877.37000000,105319.00000000,104788.31000000,105316.37000000,409.73016000
2025-06-07 07:00:00,105316.36000000,105319.13000000,104834.27000000,104867.04000000,343.94832000
2025-06-07 08:00:00,104867.03000000,104966.69000000,104689.81000000,104746.44000000,233.72481000
2025-06-07 09:00:00,104746.44000000,104942.02000000,104746.43000000,104848.09000000,208.46137000
2025-06-07 10:00:00,104848.09000000,105198.58000000,104840.29000000,105145.84000000,355.28954000
2025-06-07 11:00:00,105145.83000000,105264.00000000,105050.04000000,105150.01000000,382.87799000
2025-06-07 12:00:00,105150.01000000,105702.99000000,105150.00000000,105465.21000000,1059.92731000
2025-06-07 13:00:00,105465.22000000,105800.00000000,105309.56000000,105610.52000000,478.46327000
2025-06-07 14:00:00,105610.53000000,105688.40000000,105394.48000000,105431.61000000,394.99404000
2025-06-07 15:00:00,105431.61000000,105577.18000000,105316.98000000,105558.11000000,264.34496000
2025-06-07 16:00:00,105558.11000000,105666.66000000,105279.06000000,105350.68000000,279.15265000
2025-06-07 17:00:00,105350.68000000,105558.62000000,105350.00000000,105393.21000000,183.64973000
2025-06-07 18:00:00,105393.21000000,105884.46000000,105393.20000000,105599.99000000,712.93146000
2025-06-07 19:00:00,105599.99000000,105871.33000000,105599.99000000,105725.91000000,360.31008000
2025-06-07 20:00:00,105725.91000000,105900.00000000,105725.90000000,105846.98000000,192.22857000
2025-06-07 21:00:00,105846.98000000,105865.43000000,105707.39000000,105764.64000000,139.73285000
2025-06-07 22:00:00,105764.63000000,105900.00000000,105664.00000000,105820.51000000,179.86110000
2025-06-07 23:00:00,105820.52000000,105820.52000000,105534.88000000,105552.15000000,209.75344000
2025-06-08 00:00:00,105552.15000000,105654.95000000,105441.86000000,105473.21000000,278.41728000
2025-06-08 01:00:00,105473.22000000,105786.33000000,105400.57000000,105690.33000000,312.19485000
2025-06-08 02:00:00,105690.32000000,105690.33000000,105441.86000000,105441.87000000,301.18228000
2025-06-08 03:00:00,105441.86000000,105500.00000000,105394.03000000,105471.59000000,192.88835000
2025-06-08 04:00:00,105471.59000000,105636.53000000,105408.38000000,105614.38000000,151.52478000
2025-06-08 05:00:00,105614.37000000,105653.13000000,105412.76000000,105438.34000000,148.53573000
2025-06-08 06:00:00,105438.34000000,105599.32000000,105432.96000000,105442.87000000,155.65979000
2025-06-08 07:00:00,105442.88000000,105556.15000000,105410.23000000,105426.45000000,167.34238000
2025-06-08 08:00:00,105426.46000000,105495.99000000,105367.88000000,105373.81000000,192.70501000
2025-06-08 09:00:00,105373.82000000,105405.80000000,105075.51000000,105140.01000000,497.00351000
2025-06-08 10:00:00,105140.00000000,105481.24000000,104964.14000000,105357.64000000,605.73110000
2025-06-08 11:00:00,105357.64000000,105720.94000000,105357.63000000,105686.71000000,376.57336000
2025-06-08 12:00:00,105686.71000000,105773.60000000,105520.25000000,105721.50000000,711.67090000
2025-06-08 13:00:00,105721.50000000,106160.19000000,105577.36000000,105627.90000000,891.02348000
2025-06-08 14:00:00,105627.90000000,105910.17000000,105577.36000000,105829.66000000,258.38147000
2025-06-08 15:00:00,105829.66000000,106095.85000000,105818.18000000,105984.52000000,339.90570000
2025-06-08 16:00:00,105984.53000000,106320.77000000,105943.91000000,106189.99000000,430.64590000
2025-06-08 17:00:00,106190.00000000,106360.00000000,106081.59000000,106082.95000000,300.04690000
2025-06-08 18:00:00,106082.95000000,106325.59000000,106020.46000000,106317.70000000,214.12634000
2025-06-08 19:00:00,106317.71000000,106335.90000000,106180.85000000,106289.99000000,155.14719000
2025-06-08 20:00:00,106289.99000000,106319.92000000,106118.72000000,106147.66000000,273.99242000
2025-06-08 21:00:00,106147.65000000,106488.14000000,106147.65000000,106331.92000000,236.61843000
2025-06-08 22:00:00,106331.92000000,106360.85000000,105674.70000000,105770.55000000,441.89266000
2025-06-08 23:00:00,105770.55000000,105775.99000000,105545.71000000,105734.00000000,414.85324000
2025-06-09 00:00:00,105734.01000000,105966.33000000,105581.44000000,105706.34000000,642.30292000
2025-06-09 01:00:00,105706.34000000,105740.90000000,105427.53000000,105527.71000000,390.41065000
2025-06-09 02:00:00,105527.71000000,105724.76000000,105475.48000000,105560.89000000,237.10673000
2025-06-09 03:00:00,105560.90000000,105700.37000000,105318.37000000,105659.13000000,525.22940000
2025-06-09 04:00:00,105659.14000000,105717.30000000,105428.02000000,105449.21000000,501.62589000
2025-06-09 05:00:00,105449.21000000,105522.87000000,105325.60000000,105379.11000000,319.63601000
2025-06-09 06:00:00,105379.12000000,105692.84000000,105319.00000000,105692.83000000,454.58589000
2025-06-09 07:00:00,105692.84000000,105692.84000000,105500.00000000,105560.71000000,194.49207000
2025-06-09 08:00:00,105560.71000000,105949.09000000,105473.57000000,105926.39000000,461.10180000
2025-06-09 09:00:00,105926.40000000,106888.00000000,105832.00000000,106612.52000000,1140.00074000
2025-06-09 10:00:00,106612.53000000,107464.77000000,106565.30000000,107179.70000000,1524.82298000
2025-06-09 11:00:00,107179.70000000,107806.00000000,107146.18000000,107759.21000000,1299.03104000
2025-06-09 12:00:00,107759.21000000,107990.00000000,107540.22000000,107750.39000000,875.21201000
2025-06-09 13:00:00,107750.39000000,107893.40000000,106860.00000000,107026.47000000,1035.50084000
2025-06-09 14:00:00,107026.48000000,108000.00000000,107026.48000000,107610.33000000,1005.76983000
2025-06-09 15:00:00,107610.32000000,108020.00000000,107522.79000000,107635.91000000,627.93587000
2025-06-09 16:00:00,107635.91000000,108127.16000000,107635.91000000,107697.51000000,895.91837000
2025-06-09 17:00:00,107697.52000000,108422.28000000,107659.35000000,108337.56000000,661.80863000
2025-06-09 18:00:00,108337.57000000,108552.44000000,108284.50000000,108446.18000000,521.19201000
2025-06-09 19:00:00,108446.18000000,108767.24000000,108339.68000000,108564.72000000,610.54706000
2025-06-09 20:00:00,108565.86000000,108736.19000000,108456.08000000,108706.74000000,326.05236000
2025-06-09 21:00:00,108706.74000000,110530.17000000,108706.73000000,109973.75000000,3520.02143000
2025-06-09 22:00:00,109973.74000000,110420.00000000,109734.92000000,110177.28000000,1243.72377000
2025-06-09 23:00:00,110177.28000000,110313.99000000,109866.18000000,110263.02000000,961.34621000
2025-06-10 00:00:00,110263.02000000,110311.82000000,109909.54000000,109913.91000000,893.59303000
2025-06-10 01:00:00,109913.91000000,109953.98000000,109648.29000000,109788.57000000,524.96936000
2025-06-10 02:00:00,109788.58000000,109788.58000000,109381.24000000,109650.94000000,568.91009000
2025-06-10 03:00:00,109650.95000000,109684.89000000,109382.38000000,109568.02000000,369.14727000
2025-06-10 04:00:00,109568.03000000,109649.98000000,109366.00000000,109528.55000000,369.49008000
2025-06-10 05:00:00,109528.55000000,109737.68000000,109200.00000000,109310.49000000,529.37516000
2025-06-10 06:00:00,109310.49000000,109650.00000000,109161.00000000,109502.68000000,427.51687000
2025-06-10 07:00:00,109502.69000000,109517.16000000,109095.67000000,109205.14000000,990.69176000
2025-06-10 08:00:00,109205.14000000,109415.10000000,109056.90000000,109082.65000000,522.59315000
2025-06-10 09:00:00,109082.65000000,109521.84000000,109065.14000000,109508.78000000,615.65872000
2025-06-10 10:00:00,109508.78000000,109573.30000000,109275.43000000,109303.61000000,324.81871000
2025-06-10 11:00:00,109303.61000000,109851.80000000,109199.81000000,109541.28000000,881.83399000
2025-06-10 12:00:00,109541.93000000,109700.00000000,109415.62000000,109697.76000000,554.16291000
2025-06-10 13:00:00,109697.75000000,109900.81000000,108888.88000000,109305.28000000,1408.66380000
2025-06-10 14:00:00,109305.28000000,109332.45000000,108468.29000000,108620.01000000,1840.47344000
2025-06-10 15:00:00,108620.00000000,109199.99000000,108331.03000000,109015.42000000,1443.70766000
2025-06-10 16:00:00,109015.41000000,109251.41000000,108690.59000000,108720.61000000,536.47760000
2025-06-10 17:00:00,108720.61000000,109064.06000000,108616.68000000,108711.37000000,359.45497000
2025-06-10 18:00:00,108711.37000000,109480.67000000,108518.86000000,109282.38000000,477.70957000
2025-06-10 19:00:00,109282.38000000,110400.00000000,109282.37000000,109526.30000000,1266.21790000
2025-06-10 20:00:00,109526.30000000,110018.07000000,109239.68000000,109960.00000000,609.61756000
2025-06-10 21:00:00,109960.01000000,110000.00000000,109420.00000000,109863.07000000,453.96715000
2025-06-10 22:00:00,109863.06000000,110181.10000000,109610.40000000,109727.87000000,482.13147000
2025-06-10 23:00:00,109727.88000000,110299.73000000,109600.00000000,110274.39000000,620.64617000
2025-06-11 00:00:00,110274.39000000,110274.40000000,109780.00000000,109825.54000000,496.67292000
2025-06-11 01:00:00,109825.55000000,109832.94000000,109565.10000000,109605.53000000,388.64877000
2025-06-11 02:00:00,109605.53000000,109858.22000000,109533.97000000,109677.03000000,257.11312000
2025-06-11 03:00:00,109677.03000000,109858.23000000,109622.03000000,109722.95000000,251.17830000
2025-06-11 04:00:00,109722.95000000,109735.24000000,109552.68000000,109562.75000000,173.09706000
2025-06-11 05:00:00,109562.75000000,109650.59000000,109430.38000000,109468.03000000,198.18742000
2025-06-11 06:00:00,109468.04000000,109679.24000000,109373.67000000,109595.01000000,322.84155000
2025-06-11 07:00:00,109595.02000000,109745.29000000,109446.73000000,109446.74000000,306.34832000
2025-06-11 08:00:00,109446.74000000,109675.69000000,109446.73000000,109576.02000000,413.74462000
2025-06-11 09:00:00,109576.03000000,109603.57000000,109233.62000000,109269.83000000,579.74506000
2025-06-11 10:00:00,109269.82000000,109468.67000000,109200.00000000,109373.12000000,390.96093000
2025-06-11 11:00:00,109373.13000000,109391.75000000,109193.89000000,109252.09000000,249.30459000
2025-06-11 12:00:00,109252.10000000,109927.04000000,109008.82000000,109714.87000000,1297.31517000
2025-06-11 13:00:00,109714.87000000,109900.00000000,109301.42000000,109684.00000000,948.34709000
2025-06-11 14:00:00,109684.00000000,110392.01000000,109650.94000000,109866.69000000,1345.14543000
2025-06-11 15:00:00,109866.69000000,110042.90000000,109660.72000000,109735.70000000,808.45996000
2025-06-11 16:00:00,109735.70000000,109815.84000000,109341.79000000,109439.38000000,689.45368000
2025-06-11 17:00:00,109439.38000000,109768.85000000,108964.16000000,108984.72000000,724.99224000
2025-06-11 18:00:00,108984.72000000,109072.91000000,108412.01000000,108807.25000000,963.32708000
2025-06-11 19:00:00,108807.25000000,108960.00000000,108576.00000000,108742.37000000,459.75917000
2025-06-11 20:00:00,108742.37000000,109001.50000000,108480.00000000,108906.44000000,360.27215000
2025-06-11 21:00:00,108906.45000000,109219.51000000,108367.94000000,108508.18000000,462.92455000
2025-06-11 22:00:00,108508.17000000,108633.38000000,108064.00000000,108443.38000000,692.16947000
2025-06-11 23:00:00,108443.38000000,108691.87000000,108324.00000000,108645.12000000,335.90773000
2025-06-12 00:00:00,108645.13000000,108813.55000000,108326.55000000,108705.99000000,394.62489000
2025-06-12 01:00:00,108706.00000000,108706.00000000,108258.49000000,108515.99000000,531.45564000
2025-06-12 02:00:00,108515.99000000,108759.00000000,108390.34000000,108400.52000000,897.03762000
2025-06-12 03:00:00,108400.52000000,108448.03000000,107730.00000000,107860.05000000,1933.71635000
2025-06-12 04:00:00,107860.04000000,107917.41000000,107320.00000000,107765.12000000,841.46439000
2025-06-12 05:00:00,107765.13000000,107922.43000000,107593.67000000,107746.91000000,355.94523000
2025-06-12 06:00:00,107746.91000000,107993.58000000,107640.33000000,107909.02000000,438.07180000
2025-06-12 07:00:00,107909.02000000,107961.01000000,107438.65000000,107633.53000000,702.19948000
2025-06-12 08:00:00,107633.53000000,107835.83000000,107440.13000000,107731.67000000,406.91931000
2025-06-12 09:00:00,107731.67000000,107771.55000000,107488.95000000,107507.35000000,309.44960000
2025-06-12 10:00:00,107507.35000000,107518.85000000,107200.00000000,107323.16000000,521.81989000
2025-06-12 11:00:00,107323.16000000,107349.31000000,106874.47000000,106900.95000000,628.23956000
2025-06-12 12:00:00,106900.95000000,107431.82000000,106870.00000000,106988.54000000,763.31238000
2025-06-12 13:00:00,106988.55000000,107198.75000000,106600.00000000,107070.80000000,920.69916000
2025-06-12 14:00:00,107070.80000000,107721.17000000,107070.80000000,107612.69000000,862.27021000
2025-06-12 15:00:00,107612.70000000,107822.50000000,106890.88000000,107020.95000000,655.00365000
2025-06-12 16:00:00,107020.96000000,107858.32000000,106985.38000000,107744.71000000,562.58066000
2025-06-12 17:00:00,107744.70000000,108450.16000000,107702.42000000,108287.40000000,769.24972000
2025-06-12 18:00:00,108287.40000000,108419.21000000,107229.47000000,107561.35000000,522.24144000
2025-06-12 19:00:00,107561.36000000,107879.92000000,106680.00000000,106788.80000000,704.93602000
2025-06-12 20:00:00,106789.80000000,106960.77000000,105772.73000000,105973.62000000,2315.98411000
2025-06-12 21:00:00,105973.61000000,106430.39000000,105860.90000000,105894.31000000,679.88503000
2025-06-12 22:00:00,105894.32000000,106225.40000000,105726.65000000,105890.70000000,576.44703000
2025-06-12 23:00:00,105890.69000000,106140.00000000,105671.72000000,105671.73000000,485.11901000
2025-06-13 00:00:00,105671.74000000,105694.00000000,103213.87000000,103797.81000000,5330.14891000
2025-06-13 01:00:00,103797.81000000,103938.59000000,102664.31000000,103773.65000000,3550.75225000
2025-06-13 02:00:00,103773.65000000,103976.64000000,103065.58000000,103641.21000000,1362.18578000
2025-06-13 03:00:00,103641.20000000,104590.00000000,103605.12000000,104277.22000000,1292.28749000
2025-06-13 04:00:00,104277.22000000,104506.36000000,103782.75000000,104404.52000000,700.33760000
2025-06-13 05:00:00,104404.52000000,104450.00000000,104000.00000000,104002.25000000,650.15589000
2025-06-13 06:00:00,104002.26000000,104722.50000000,103825.11000000,104704.26000000,812.26154000
2025-06-13 07:00:00,104704.27000000,104970.12000000,104376.43000000,104895.00000000,1192.26140000
2025-06-13 08:00:00,104895.01000000,105434.34000000,104690.85000000,104739.45000000,1404.55532000
2025-06-13 09:00:00,104739.44000000,104916.00000000,104500.00000000,104830.36000000,688.51868000
2025-06-13 10:00:00,104830.36000000,104925.10000000,104425.79000000,104874.01000000,531.07719000
2025-06-13 11:00:00,104874.00000000,105045.79000000,104640.00000000,105039.48000000,522.51084000
2025-06-13 12:00:00,105039.48000000,105290.14000000,104822.36000000,104852.29000000,768.82163000
2025-06-13 13:00:00,104852.28000000,105300.00000000,104674.14000000,104732.44000000,853.87525000
2025-06-13 14:00:00,104732.82000000,105011.76000000,104118.00000000,104970.74000000,1137.70532000
2025-06-13 15:00:00,104970.74000000,105747.47000000,104860.00000000,105436.87000000,1140.75299000
2025-06-13 16:00:00,105436.87000000,105981.00000000,105308.83000000,105783.66000000,1087.38893000
2025-06-13 17:00:00,105783.65000000,105783.65000000,104867.65000000,105390.94000000,775.10222000
2025-06-13 18:00:00,105390.94000000,105480.00000000,104668.73000000,105193.04000000,631.03278000
2025-06-13 19:00:00,105193.04000000,105436.90000000,104900.00000000,105110.00000000,457.01476000
2025-06-13 20:00:00,105110.01000000,105508.34000000,105020.87000000,105424.00000000,385.01118000
2025-06-13 21:00:00,105424.00000000,105788.79000000,105326.41000000,105612.59000000,270.63672000
2025-06-13 22:00:00,105612.58000000,105840.00000000,105542.00000000,105751.28000000,221.74081000
2025-06-13 23:00:00,105751.29000000,106179.53000000,105751.28000000,106066.59000000,414.68186000
2025-06-14 00:00:00,106066.59000000,106252.00000000,105703.61000000,105826.32000000,1271.50800000
2025-06-14 01:00:00,105826.32000000,105826.33000000,105440.00000000,105470.35000000,1198.12686000
2025-06-14 02:00:00,105470.35000000,105611.67000000,105312.88000000,105374.17000000,288.65282000
2025-06-14 03:00:00,105374.18000000,105440.00000000,105197.96000000,105228.82000000,259.19985000
2025-06-14 04:00:00,105228.83000000,105397.06000000,105212.09000000,105371.07000000,216.26058000
2025-06-14 05:00:00,105371.08000000,105397.06000000,105233.95000000,105288.30000000,205.15438000
2025-06-14 06:00:00,105288.30000000,105321.82000000,105105.13000000,105105.13000000,221.23119000
2025-06-14 07:00:00,105105.14000000,105144.57000000,104792.98000000,105076.59000000,360.03462000
2025-06-14 08:00:00,105076.59000000,105132.36000000,104871.06000000,105095.03000000,215.34556000
2025-06-14 09:00:00,105095.04000000,105110.15000000,104850.54000000,104862.26000000,253.37215000
2025-06-14 10:00:00,104862.26000000,105117.07000000,104836.06000000,105011.92000000,145.57424000
2025-06-14 11:00:00,105011.92000000,105096.00000000,104948.38000000,105082.01000000,172.47595000
2025-06-14 12:00:00,105082.01000000,105100.00000000,104745.10000000,105053.63000000,267.44126000
2025-06-14 13:00:00,105053.64000000,105131.25000000,104902.28000000,105017.41000000,263.02313000
2025-06-14 14:00:00,105017.41000000,105060.42000000,104841.96000000,104913.01000000,157.82263000
2025-06-14 15:00:00,104913.01000000,104983.05000000,104615.38000000,104841.30000000,356.85346000
2025-06-14 16:00:00,104841.29000000,104900.00000000,104359.50000000,104457.85000000,672.80896000
2025-06-14 17:00:00,104457.84000000,104721.53000000,104404.90000000,104608.17000000,342.50861000
2025-06-14 18:00:00,104608.18000000,104995.72000000,104359.08000000,104892.81000000,351.26848000
2025-06-14 19:00:00,104892.82000000,105045.78000000,104630.19000000,104645.67000000,320.70643000
2025-06-14 20:00:00,104645.66000000,104991.00000000,104300.00000000,104894.29000000,372.96357000
2025-06-14 21:00:00,104894.30000000,105458.71000000,104867.14000000,105315.54000000,414.26935000
2025-06-14 22:00:00,105315.55000000,105480.00000000,105289.45000000,105428.74000000,222.42456000
2025-06-14 23:00:00,105428.75000000,105480.00000000,105348.81000000,105414.64000000,249.91305000
2025-06-15 00:00:00,105414.63000000,105663.98000000,105264.75000000,105643.99000000,328.94394000
2025-06-15 01:00:00,105643.99000000,105680.00000000,105410.50000000,105421.03000000,196.23760000
2025-06-15 02:00:00,105421.03000000,105624.00000000,105421.03000000,105481.02000000,132.30823000
2025-06-15 03:00:00,105481.03000000,105566.22000000,105463.54000000,105473.55000000,101.92751000
2025-06-15 04:00:00,105473.54000000,105563.04000000,105473.54000000,105559.68000000,100.97805000
2025-06-15 05:00:00,105559.69000000,106100.00000000,105507.65000000,106073.94000000,290.03365000
2025-06-15 06:00:00,106073.95000000,106128.57000000,105410.43000000,105440.69000000,690.48683000
2025-06-15 07:00:00,105440.70000000,105453.46000000,105200.00000000,105428.00000000,300.03128000
2025-06-15 08:00:00,105428.00000000,105482.40000000,105134.69000000,105197.19000000,259.58184000
2025-06-15 09:00:00,105197.18000000,105197.19000000,104867.64000000,104915.15000000,370.65353000
2025-06-15 10:00:00,104915.15000000,105188.96000000,104915.14000000,105119.99000000,230.53887000
2025-06-15 11:00:00,105119.99000000,105162.51000000,104915.14000000,104970.51000000,196.37895000
2025-06-15 12:00:00,104970.51000000,105296.00000000,104955.48000000,105289.81000000,257.28037000
2025-06-15 13:00:00,105289.81000000,105660.31000000,105220.65000000,105515.97000000,350.85804000
2025-06-15 14:00:00,105515.97000000,105838.24000000,105308.82000000,105657.64000000,336.00440000
2025-06-15 15:00:00,105657.63000000,105794.12000000,105539.00000000,105564.00000000,301.25817000
2025-06-15 16:00:00,105563.99000000,105687.74000000,105332.00000000,105567.24000000,329.84918000
2025-06-15 17:00:00,105567.24000000,105777.09000000,105476.40000000,105689.64000000,194.07613000
2025-06-15 18:00:00,105689.65000000,105689.65000000,105472.00000000,105485.29000000,157.31009000
2025-06-15 19:00:00,105485.29000000,105566.43000000,105082.97000000,105294.19000000,294.74223000
2025-06-15 20:00:00,105294.19000000,105300.00000000,104600.13000000,104729.53000000,453.57123000
2025-06-15 21:00:00,104729.53000000,104828.94000000,104494.53000000,104807.75000000,477.50220000
2025-06-15 22:00:00,104807.75000000,105359.96000000,104734.42000000,105263.51000000,432.23208000
2025-06-15 23:00:00,105263.52000000,105617.82000000,105226.79000000,105594.01000000,381.41607000
2025-06-16 00:00:00,105594.02000000,105769.85000000,105352.94000000,105429.32000000,422.15418000
2025-06-16 01:00:00,105429.32000000,105885.00000000,104980.37000000,105815.08000000,559.26238000
2025-06-16 02:00:00,105815.09000000,105970.59000000,105684.46000000,105785.51000000,435.10541000
2025-06-16 03:00:00,105785.51000000,105966.00000000,105708.93000000,105921.84000000,263.51613000
2025-06-16 04:00:00,105921.85000000,106396.30000000,105874.48000000,106386.00000000,656.51068000
2025-06-16 05:00:00,106386.00000000,106785.71000000,106312.33000000,106559.98000000,595.46163000
2025-06-16 06:00:00,106559.99000000,106777.38000000,106510.61000000,106586.01000000,445.28877000
2025-06-16 07:00:00,106586.00000000,107262.31000000,106586.00000000,107061.80000000,1080.95051000
2025-06-16 08:00:00,107061.80000000,107242.92000000,106954.47000000,107180.00000000,486.60178000
2025-06-16 09:00:00,107180.00000000,107255.01000000,106863.98000000,106945.86000000,789.42833000
2025-06-16 10:00:00,106945.86000000,107200.00000000,106744.66000000,106834.32000000,436.77622000
2025-06-16 11:00:00,106834.33000000,106976.75000000,106582.25000000,106883.99000000,436.11918000
2025-06-16 12:00:00,106884.00000000,106900.00000000,106600.00000000,106690.47000000,352.59083000
2025-06-16 13:00:00,106690.47000000,107172.11000000,106495.09000000,107160.06000000,556.73469000
2025-06-16 14:00:00,107160.06000000,107784.26000000,106787.99000000,107533.50000000,1083.59008000
2025-06-16 15:00:00,107533.50000000,107715.40000000,107307.81000000,107424.96000000,545.44240000
2025-06-16 16:00:00,107424.96000000,107906.98000000,107309.15000000,107765.99000000,671.17670000
2025-06-16 17:00:00,107765.99000000,108017.98000000,107627.90000000,107755.00000000,586.42985000
2025-06-16 18:00:00,107755.01000000,108278.00000000,107686.56000000,108255.96000000,494.51232000
2025-06-16 19:00:00,108255.97000000,108888.00000000,108255.96000000,108652.00000000,996.00646000
2025-06-16 20:00:00,108652.01000000,108849.77000000,108428.00000000,108782.68000000,565.88847000
2025-06-16 21:00:00,108782.68000000,108817.00000000,108321.45000000,108513.10000000,363.37911000
2025-06-16 22:00:00,108513.10000000,108952.38000000,107418.24000000,107700.01000000,1124.54821000
2025-06-16 23:00:00,107700.01000000,107982.63000000,106700.00000000,106794.53000000,975.19108000
2025-06-17 00:00:00,106794.53000000,107262.31000000,106115.35000000,107238.63000000,1478.91948000
2025-06-17 01:00:00,107238.68000000,107399.00000000,106930.23000000,107173.51000000,437.59004000
2025-06-17 02:00:00,107173.51000000,107600.00000000,106572.07000000,107482.39000000,551.95383000
2025-06-17 03:00:00,107482.40000000,107771.34000000,107364.89000000,107590.41000000,557.48911000
2025-06-17 04:00:00,107590.41000000,107711.06000000,107303.01000000,107333.64000000,324.27105000
2025-06-17 05:00:00,107333.64000000,107403.99000000,107040.00000000,107122.02000000,467.39075000
2025-06-17 06:00:00,107122.01000000,107234.94000000,106724.00000000,106832.91000000,387.21440000
2025-06-17 07:00:00,106832.92000000,106879.48000000,106481.60000000,106758.52000000,518.07804000
2025-06-17 08:00:00,106758.52000000,106822.78000000,106484.89000000,106568.06000000,362.87139000
2025-06-17 09:00:00,106568.06000000,106655.82000000,106069.55000000,106160.57000000,707.96220000
2025-06-17 10:00:00,106160.58000000,106248.43000000,105721.29000000,105956.01000000,798.36423000
2025-06-17 11:00:00,105956.01000000,105956.01000000,105508.23000000,105641.47000000,539.34753000
2025-06-17 12:00:00,105641.48000000,105862.03000000,105420.00000000,105507.00000000,548.13287000
2025-06-17 13:00:00,105506.99000000,105754.05000000,105200.00000000,105349.27000000,715.74499000
2025-06-17 14:00:00,105349.28000000,105694.42000000,104777.48000000,104847.33000000,1268.55694000
2025-06-17 15:00:00,104847.33000000,104968.69000000,104130.95000000,104241.63000000,1775.82912000
2025-06-17 16:00:00,104241.62000000,104484.97000000,103500.01000000,103630.67000000,1788.59454000
2025-06-17 17:00:00,103630.67000000,104250.00000000,103371.02000000,103814.01000000,1318.17143000
2025-06-17 18:00:00,103814.00000000,104414.85000000,103626.05000000,104414.84000000,582.53411000
2025-06-17 19:00:00,104414.84000000,105336.82000000,104414.83000000,104686.12000000,1030.66661000
2025-06-17 20:00:00,104686.12000000,104898.81000000,104262.88000000,104362.39000000,631.39909000
2025-06-17 21:00:00,104362.39000000,104822.31000000,104252.33000000,104552.58000000,424.96971000
2025-06-17 22:00:00,104552.59000000,104731.61000000,104203.85000000,104228.31000000,339.43238000
2025-06-17 23:00:00,104228.31000000,104730.77000000,104228.31000000,104551.17000000,310.84641000
2025-06-18 00:00:00,104551.17000000,104857.14000000,104379.52000000,104842.78000000,396.62544000
2025-06-18 01:00:00,104842.78000000,105176.61000000,104680.00000000,104776.92000000,347.92348000
2025-06-18 02:00:00,104776.92000000,105099.99000000,104695.82000000,104856.06000000,299.75201000
2025-06-18 03:00:00,104856.06000000,105240.00000000,104849.13000000,105184.84000000,302.08543000
2025-06-18 04:00:00,105184.84000000,105504.67000000,105074.25000000,105447.39000000,286.62170000
2025-06-18 05:00:00,105447.53000000,105550.27000000,105375.05000000,105423.50000000,448.33108000
2025-06-18 06:00:00,105423.51000000,105527.88000000,104859.18000000,104966.20000000,578.89056000
2025-06-18 07:00:00,104966.19000000,105000.90000000,104713.24000000,104973.24000000,445.08193000
2025-06-18 08:00:00,104973.24000000,105310.62000000,104756.33000000,104949.90000000,393.96563000
2025-06-18 09:00:00,104949.91000000,105142.00000000,104565.00000000,104697.03000000,323.45218000
2025-06-18 10:00:00,104697.02000000,104797.06000000,104175.87000000,104266.19000000,531.68147000
2025-06-18 11:00:00,104266.18000000,104858.80000000,104192.46000000,104840.59000000,651.35695000
2025-06-18 12:00:00,104840.58000000,104908.49000000,104474.81000000,104514.00000000,615.40924000
2025-06-18 13:00:00,104513.99000000,104550.92000000,103814.04000000,104439.81000000,1121.40671000
2025-06-18 14:00:00,104439.82000000,105325.83000000,104228.30000000,104619.88000000,1418.42072000
2025-06-18 15:00:00,104619.87000000,104973.79000000,104150.13000000,104801.01000000,869.24120000
2025-06-18 16:00:00,104801.01000000,104836.64000000,104334.78000000,104426.93000000,509.29545000
2025-06-18 17:00:00,104426.93000000,104508.00000000,103615.33000000,104331.83000000,918.22252000
2025-06-18 18:00:00,104332.00000000,104706.08000000,103586.00000000,103623.39000000,1023.78410000
2025-06-18 19:00:00,103623.39000000,104437.70000000,103500.00000000,103808.41000000,839.17523000
2025-06-18 20:00:00,103808.41000000,104988.88000000,103652.00000000,104822.33000000,628.82425000
2025-06-18 21:00:00,104822.34000000,105139.87000000,104378.62000000,105085.50000000,574.55745000
2025-06-18 22:00:00,105085.49000000,105138.00000000,104794.41000000,104815.23000000,257.38438000
2025-06-18 23:00:00,104815.23000000,104956.74000000,104630.09000000,104886.78000000,187.15256000
2025-06-19 00:00:00,104886.79000000,105226.17000000,104680.41000000,104944.06000000,534.37997000
2025-06-19 01:00:00,104944.06000000,104964.02000000,104466.16000000,104599.25000000,386.57688000
2025-06-19 02:00:00,104599.25000000,105000.64000000,104457.12000000,104722.51000000,325.08223000
2025-06-19 03:00:00,104722.50000000,105114.45000000,104722.50000000,105100.02000000,233.06599000
2025-06-19 04:00:00,105100.01000000,105111.37000000,104803.98000000,105073.52000000,300.10136000
2025-06-19 05:00:00,105073.52000000,105220.00000000,104819.62000000,104892.86000000,274.94947000
2025-06-19 06:00:00,104892.86000000,104989.34000000,104630.89000000,104707.94000000,280.44541000
2025-06-19 07:00:00,104707.95000000,104848.49000000,104617.69000000,104642.85000000,276.76135000
2025-06-19 08:00:00,104642.85000000,104986.13000000,104631.26000000,104746.12000000,291.39146000
2025-06-19 09:00:00,104746.11000000,105030.00000000,104729.83000000,104994.00000000,284.66266000
2025-06-19 10:00:00,104994.00000000,105073.53000000,104843.70000000,104913.19000000,199.62218000
2025-06-19 11:00:00,104913.19000000,104913.20000000,104720.10000000,104776.23000000,173.90893000
2025-06-19 12:00:00,104776.23000000,104917.05000000,104663.77000000,104752.60000000,249.90189000
2025-06-19 13:00:00,104752.61000000,104785.15000000,104244.11000000,104283.33000000,413.67121000
2025-06-19 14:00:00,104283.33000000,104690.47000000,104109.06000000,104148.60000000,435.78555000
2025-06-19 15:00:00,104148.61000000,104443.94000000,104078.00000000,104096.93000000,496.14025000
2025-06-19 16:00:00,104096.94000000,104425.15000000,103933.33000000,104001.13000000,377.21937000
2025-06-19 17:00:00,104001.13000000,104814.73000000,103929.27000000,104521.31000000,684.04339000
2025-06-19 18:00:00,104521.32000000,104694.01000000,104294.09000000,104392.53000000,296.18725000
2025-06-19 19:00:00,104392.54000000,104464.29000000,104126.98000000,104250.44000000,266.77300000
2025-06-19 20:00:00,104250.45000000,104496.00000000,104150.00000000,104266.82000000,161.13430000
2025-06-19 21:00:00,104266.83000000,104413.66000000,104228.53000000,104332.45000000,176.53959000
2025-06-19 22:00:00,104332.45000000,104774.32000000,104332.45000000,104596.29000000,323.86777000
2025-06-19 23:00:00,104596.29000000,104898.31000000,104463.56000000,104658.59000000,236.39591000
2025-06-20 00:00:00,104658.59000000,104820.00000000,104563.25000000,104692.74000000,238.63790000
2025-06-20 01:00:00,104692.74000000,104797.06000000,104391.38000000,104778.50000000,179.30140000
2025-06-20 02:00:00,104778.50000000,104800.00000000,104496.50000000,104628.00000000,378.45556000
2025-06-20 03:00:00,104628.00000000,104700.00000000,104511.00000000,104596.63000000,230.06249000
2025-06-20 04:00:00,104596.64000000,104600.00000000,104238.02000000,104258.59000000,233.22018000
2025-06-20 05:00:00,104258.59000000,104585.99000000,104258.59000000,104584.68000000,326.07738000
2025-06-20 06:00:00,104584.68000000,104769.25000000,104584.68000000,104719.86000000,234.96044000
2025-06-20 07:00:00,104719.86000000,105825.66000000,104648.46000000,105811.74000000,1083.81217000
2025-06-20 08:00:00,105811.74000000,106524.65000000,105780.76000000,105959.68000000,1568.80558000
2025-06-20 09:00:00,105959.68000000,106078.85000000,105757.48000000,105940.58000000,475.74806000
2025-06-20 10:00:00,105940.57000000,106172.06000000,105829.18000000,105958.87000000,509.44809000
2025-06-20 11:00:00,105958.87000000,106075.14000000,105801.09000000,105977.82000000,308.78491000
2025-06-20 12:00:00,105977.82000000,106107.69000000,105876.01000000,105982.89000000,249.32596000
2025-06-20 13:00:00,105982.90000000,106149.17000000,105361.62000000,105674.00000000,755.45526000
2025-06-20 14:00:00,105673.99000000,105795.39000000,103888.00000000,103940.01000000,1538.46329000
2025-06-20 15:00:00,103940.01000000,104623.34000000,103888.00000000,104217.99000000,1125.62480000
2025-06-20 16:00:00,104218.00000000,104269.64000000,103620.01000000,103670.61000000,1250.51824000
2025-06-20 17:00:00,103670.61000000,103761.84000000,102345.00000000,103279.26000000,2746.51433000
2025-06-20 18:00:00,103279.26000000,103428.50000000,103037.25000000,103165.45000000,792.98471000
2025-06-20 19:00:00,103165.44000000,103495.72000000,103010.41000000,103307.22000000,437.48107000
2025-06-20 20:00:00,103307.21000000,103828.00000000,103300.11000000,103693.50000000,712.51715000
2025-06-20 21:00:00,103693.51000000,103719.99000000,103353.06000000,103532.00000000,311.76605000
2025-06-20 22:00:00,103531.99000000,103532.00000000,102980.00000000,103107.11000000,435.14640000
2025-06-20 23:00:00,103107.12000000,103339.99000000,102963.67000000,103297.99000000,295.95141000
2025-06-21 00:00:00,103297.98000000,103339.99000000,103127.48000000,103248.07000000,202.14606000
2025-06-21 01:00:00,103248.06000000,103515.37000000,103137.86000000,103515.36000000,263.84601000
2025-06-21 02:00:00,103515.36000000,103538.60000000,103377.44000000,103499.98000000,139.14418000
2025-06-21 03:00:00,103499.99000000,103691.67000000,103495.87000000,103495.87000000,145.59786000
2025-06-21 04:00:00,103495.86000000,103531.97000000,103333.00000000,103384.98000000,129.74868000
2025-06-21 05:00:00,103384.99000000,103487.00000000,103343.00000000,103421.21000000,115.82266000
2025-06-21 06:00:00,103421.21000000,103599.04000000,103330.00000000,103572.69000000,164.96770000
2025-06-21 07:00:00,103572.69000000,103572.69000000,103360.02000000,103458.50000000,276.07214000
2025-06-21 08:00:00,103458.50000000,103830.48000000,103458.49000000,103826.03000000,335.53724000
2025-06-21 09:00:00,103826.03000000,103933.33000000,103653.14000000,103843.37000000,387.02991000
2025-06-21 10:00:00,103843.37000000,103982.64000000,103767.77000000,103831.22000000,298.42441000
2025-06-21 11:00:00,103831.22000000,103929.99000000,103724.13000000,103874.64000000,167.57049000
2025-06-21 12:00:00,103874.63000000,103946.47000000,103786.61000000,103807.70000000,151.86969000
2025-06-21 13:00:00,103807.70000000,103866.98000000,103534.62000000,103572.29000000,272.41367000
2025-06-21 14:00:00,103572.29000000,103776.00000000,103382.97000000,103549.99000000,497.84934000
2025-06-21 15:00:00,103550.00000000,103680.00000000,103281.82000000,103560.90000000,527.14166000
2025-06-21 16:00:00,103560.90000000,103640.00000000,103449.10000000,103486.01000000,208.22464000
2025-06-21 17:00:00,103486.01000000,103589.20000000,103174.12000000,103182.98000000,342.68316000
2025-06-21 18:00:00,103182.98000000,103423.21000000,102633.45000000,102645.22000000,616.44824000
2025-06-21 19:00:00,102645.22000000,102757.22000000,102210.43000000,102245.10000000,1198.04823000
2025-06-21 20:00:00,102245.11000000,102888.88000000,102206.00000000,102782.08000000,454.58904000
2025-06-21 21:00:00,102782.09000000,102836.00000000,101110.00000000,101455.61000000,1921.95689000
2025-06-21 22:00:00,101455.61000000,102000.00000000,101446.74000000,101772.96000000,652.38870000
2025-06-21 23:00:00,101772.97000000,102322.41000000,100837.90000000,102120.01000000,1684.69272000
2025-06-22 00:00:00,102120.02000000,103399.62000000,101839.96000000,102852.00000000,1871.90453000
2025-06-22 01:00:00,102852.00000000,103005.37000000,102237.37000000,102387.00000000,887.90565000
2025-06-22 02:00:00,102387.01000000,102884.00000000,101885.98000000,102347.64000000,1115.38093000
2025-06-22 03:00:00,102347.63000000,102600.00000000,102127.34000000,102375.40000000,464.71771000
2025-06-22 04:00:00,102375.40000000,102786.38000000,102256.01000000,102548.15000000,383.48420000
2025-06-22 05:00:00,102548.14000000,102919.46000000,102548.14000000,102853.89000000,414.14625000
2025-06-22 06:00:00,102853.89000000,102946.47000000,102692.87000000,102744.36000000,318.23622000
2025-06-22 07:00:00,102744.36000000,102750.00000000,102269.18000000,102424.61000000,365.86442000
2025-06-22 08:00:00,102424.61000000,102712.34000000,102318.04000000,102712.34000000,353.70287000
2025-06-22 09:00:00,102712.34000000,102804.05000000,102080.00000000,102199.99000000,564.45970000
2025-06-22 10:00:00,102199.99000000,102532.44000000,102150.00000000,102495.69000000,394.55689000
2025-06-22 11:00:00,102495.68000000,102760.50000000,102428.69000000,102739.48000000,488.58739000
2025-06-22 12:00:00,102739.47000000,102831.00000000,102584.36000000,102759.98000000,502.02446000
2025-06-22 13:00:00,102759.97000000,102810.28000000,100268.75000000,100865.66000000,3718.17394000
2025-06-22 14:00:00,100865.66000000,101239.06000000,99066.36000000,99628.28000000,5962.78508000
2025-06-22 15:00:00,99628.29000000,99826.34000000,98889.35000000,98906.21000000,2239.60197000
2025-06-22 16:00:00,98906.21000000,99689.66000000,98673.66000000,99667.17000000,1941.29236000
2025-06-22 17:00:00,99667.17000000,100380.00000000,99407.98000000,99480.00000000,1314.03627000
2025-06-22 18:00:00,99480.01000000,99777.61000000,99350.34000000,99437.42000000,497.41061000
2025-06-22 19:00:00,99437.42000000,99453.75000000,98800.00000000,98882.84000000,666.66278000
2025-06-22 20:00:00,98882.85000000,99760.00000000,98200.00000000,99536.00000000,1553.47813000
2025-06-22 21:00:00,99536.00000000,99667.01000000,99004.72000000,99173.83000000,581.67969000
2025-06-22 22:00:00,99173.83000000,100980.06000000,99140.00000000,100980.05000000,1447.49104000
2025-06-22 23:00:00,100980.05000000,101034.65000000,100645.88000000,100963.87000000,698.82763000
2025-06-23 00:00:00,100963.87000000,101620.00000000,100494.25000000,100904.60000000,1456.49465000
2025-06-23 01:00:00,100904.60000000,101109.87000000,100564.19000000,101101.64000000,510.13988000
2025-06-23 02:00:00,101101.65000000,101399.37000000,100930.20000000,101301.20000000,558.46691000
2025-06-23 03:00:00,101301.20000000,101370.68000000,101073.32000000,101154.14000000,405.12210000
2025-06-23 04:00:00,101154.13000000,101314.46000000,100980.00000000,101167.99000000,476.00651000
2025-06-23 05:00:00,101168.00000000,101890.00000000,101167.99000000,101771.02000000,654.30154000
2025-06-23 06:00:00,101771.01000000,102064.69000000,101645.47000000,101940.27000000,858.16211000
2025-06-23 07:00:00,101940.28000000,102137.00000000,101748.31000000,101931.04000000,520.59927000
2025-06-23 08:00:00,101931.04000000,102080.00000000,101746.61000000,101881.37000000,611.15349000
2025-06-23 09:00:00,101881.38000000,101881.38000000,101389.09000000,101567.66000000,744.83165000
2025-06-23 10:00:00,101567.66000000,101577.01000000,101198.68000000,101463.21000000,457.66095000
2025-06-23 11:00:00,101463.22000000,101562.19000000,101102.76000000,101289.01000000,713.87442000
2025-06-23 12:00:00,101289.00000000,101684.70000000,101112.06000000,101684.70000000,534.10819000
2025-06-23 13:00:00,101684.70000000,102480.06000000,100792.16000000,102354.14000000,1686.21308000
2025-06-23 14:00:00,102354.15000000,102613.09000000,101496.00000000,101624.39000000,1515.43225000
2025-06-23 15:00:00,101624.39000000,102060.25000000,101301.20000000,101420.70000000,715.91148000
2025-06-23 16:00:00,101420.71000000,101453.35000000,99613.33000000,100692.10000000,2500.92801000
2025-06-23 17:00:00,100692.10000000,102690.00000000,100500.22000000,102484.02000000,2504.13624000
2025-06-23 18:00:00,102484.02000000,103300.00000000,102387.72000000,102933.78000000,1726.17080000
2025-06-23 19:00:00,102933.77000000,103230.76000000,102676.94000000,103161.29000000,765.13745000
2025-06-23 20:00:00,103161.30000000,103915.50000000,102880.00000000,103739.99000000,1393.77246000
2025-06-23 21:00:00,103740.00000000,104214.28000000,103624.19000000,103705.52000000,1054.87886000
2025-06-23 22:00:00,103705.52000000,106074.20000000,103697.06000000,105538.19000000,4047.63551000
2025-06-23 23:00:00,105538.17000000,105665.05000000,105115.65000000,105333.93000000,1255.36828000
2025-06-24 00:00:00,105333.94000000,105500.00000000,104909.69000000,105132.59000000,875.43152000
2025-06-24 01:00:00,105132.59000000,105499.99000000,104966.99000000,105450.76000000,601.29109000
2025-06-24 02:00:00,105450.75000000,105450.75000000,104729.69000000,104753.80000000,857.70174000
2025-06-24 03:00:00,104753.80000000,105127.94000000,104720.82000000,104919.60000000,547.71821000
2025-06-24 04:00:00,104919.60000000,104959.24000000,104704.91000000,104826.14000000,328.91534000
2025-06-24 05:00:00,104826.13000000,105426.48000000,104826.13000000,105396.54000000,800.95842000
2025-06-24 06:00:00,105396.54000000,105811.00000000,105244.84000000,105655.23000000,1003.25722000
2025-06-24 07:00:00,105655.23000000,105777.00000000,104900.00000000,104933.74000000,1025.84889000
2025-06-24 08:00:00,104933.74000000,105167.24000000,104622.02000000,104996.77000000,869.69249000
2025-06-24 09:00:00,104996.78000000,105571.40000000,104968.25000000,105198.98000000,541.75908000
2025-06-24 10:00:00,105198.99000000,105351.00000000,105069.23000000,105281.99000000,340.65394000
2025-06-24 11:00:00,105281.98000000,105428.03000000,105001.60000000,105170.00000000,464.75889000
2025-06-24 12:00:00,105169.99000000,105306.54000000,104968.43000000,105205.47000000,430.49812000
2025-06-24 13:00:00,105205.47000000,105390.27000000,104800.98000000,105065.44000000,899.11622000
2025-06-24 14:00:00,105065.45000000,105665.52000000,104950.80000000,105517.50000000,910.70771000
2025-06-24 15:00:00,105517.50000000,105731.92000000,105153.01000000,105244.73000000,693.40867000
2025-06-24 16:00:00,105244.72000000,106268.00000000,105172.64000000,106225.26000000,1025.54114000
2025-06-24 17:00:00,106225.25000000,106290.00000000,105609.80000000,106046.69000000,688.95518000
2025-06-24 18:00:00,106046.69000000,106088.96000000,105523.80000000,105533.73000000,334.55603000
2025-06-24 19:00:00,105533.73000000,105677.82000000,105270.48000000,105643.19000000,317.34852000
2025-06-24 20:00:00,105643.20000000,106098.00000000,105435.45000000,106087.30000000,303.16490000
2025-06-24 21:00:00,106087.30000000,106119.11000000,105729.95000000,105989.05000000,323.30084000
2025-06-24 22:00:00,105989.04000000,106025.92000000,105734.38000000,106025.39000000,215.34353000
2025-06-24 23:00:00,106025.39000000,106083.00000000,105774.90000000,106083.00000000,251.76566000
2025-06-25 00:00:00,106083.00000000,106470.21000000,105808.03000000,106407.34000000,592.29341000
2025-06-25 01:00:00,106407.34000000,106616.01000000,106016.00000000,106387.43000000,631.33414000
2025-06-25 02:00:00,106387.42000000,106791.18000000,106300.00000000,106474.58000000,835.01863000
2025-06-25 03:00:00,106474.58000000,106599.90000000,106216.62000000,106232.01000000,326.44832000
2025-06-25 04:00:00,106232.01000000,106308.89000000,106001.00000000,106197.56000000,412.73706000
2025-06-25 05:00:00,106197.55000000,106396.61000000,106037.14000000,106213.72000000,356.85468000
2025-06-25 06:00:00,106213.72000000,106461.04000000,106125.05000000,106399.99000000,265.13494000
2025-06-25 07:00:00,106400.00000000,106702.00000000,106321.25000000,106600.01000000,282.89666000
2025-06-25 08:00:00,106600.00000000,106663.24000000,106343.13000000,106635.76000000,311.52266000
2025-06-25 09:00:00,106635.76000000,106971.91000000,106449.61000000,106628.06000000,622.78256000
2025-06-25 10:00:00,106628.05000000,107184.68000000,106567.38000000,107126.49000000,814.12848000
2025-06-25 11:00:00,107126.50000000,107237.44000000,106866.90000000,107198.02000000,524.38199000
2025-06-25 12:00:00,107198.02000000,107300.00000000,106927.80000000,107240.00000000,638.76405000
2025-06-25 13:00:00,107240.00000000,108130.24000000,107172.87000000,107923.21000000,2185.64353000
2025-06-25 14:00:00,107923.22000000,108135.30000000,107226.94000000,107629.59000000,2426.55627000
2025-06-25 15:00:00,107629.58000000,107638.00000000,106752.36000000,107028.00000000,2246.03929000
2025-06-25 16:00:00,107027.99000000,107490.75000000,106989.03000000,107139.81000000,647.37905000
2025-06-25 17:00:00,107139.81000000,107529.35000000,106931.00000000,107402.53000000,416.20530000
2025-06-25 18:00:00,107402.54000000,107523.90000000,107177.52000000,107406.63000000,346.45173000
2025-06-25 19:00:00,107406.62000000,107905.37000000,107394.97000000,107761.68000000,699.65838000
2025-06-25 20:00:00,107761.67000000,107859.33000000,107500.00000000,107781.20000000,280.92154000
2025-06-25 21:00:00,107781.20000000,108000.00000000,107444.57000000,107569.67000000,358.92205000
2025-06-25 22:00:00,107569.67000000,107569.68000000,107215.00000000,107275.01000000,222.01581000
2025-06-25 23:00:00,107275.01000000,107375.01000000,107079.90000000,107340.58000000,257.06498000
2025-06-26 00:00:00,107340.59000000,107623.52000000,107252.21000000,107320.00000000,388.09743000
2025-06-26 01:00:00,107320.00000000,107900.00000000,107105.43000000,107638.01000000,438.80690000
2025-06-26 02:00:00,107638.01000000,108039.05000000,107562.40000000,107920.47000000,511.55605000
2025-06-26 03:00:00,107920.47000000,108272.45000000,107783.69000000,107853.79000000,558.37668000
2025-06-26 04:00:00,107853.79000000,107953.27000000,107692.64000000,107845.41000000,326.06452000
2025-06-26 05:00:00,107845.40000000,107845.40000000,107520.00000000,107632.09000000,213.13550000
2025-06-26 06:00:00,107632.09000000,107813.57000000,107553.11000000,107761.50000000,239.49288000
2025-06-26 07:00:00,107761.50000000,108085.92000000,107751.30000000,107813.99000000,512.12581000
2025-06-26 08:00:00,107813.99000000,108174.86000000,107709.38000000,107753.07000000,504.11053000
2025-06-26 09:00:00,107753.07000000,107786.53000000,107275.63000000,107325.12000000,744.20067000
2025-06-26 10:00:00,107325.13000000,107468.94000000,107240.00000000,107389.01000000,348.76501000
2025-06-26 11:00:00,107389.00000000,107403.02000000,107117.65000000,107325.41000000,413.36685000
2025-06-26 12:00:00,107325.42000000,107421.57000000,107033.33000000,107122.48000000,385.28934000
2025-06-26 13:00:00,107122.47000000,107348.52000000,106817.64000000,106960.01000000,798.08785000
2025-06-26 14:00:00,106960.01000000,107765.55000000,106884.31000000,107436.60000000,711.91004000
2025-06-26 15:00:00,107436.60000000,107515.50000000,106562.50000000,107313.60000000,727.84181000
2025-06-26 16:00:00,107313.61000000,107410.94000000,107009.28000000,107196.05000000,326.30789000
2025-06-26 17:00:00,107196.06000000,107442.84000000,107145.38000000,107192.99000000,275.62731000
2025-06-26 18:00:00,107192.99000000,107580.00000000,107137.03000000,107384.10000000,289.91325000
2025-06-26 19:00:00,107384.11000000,107669.74000000,107328.00000000,107532.98000000,360.79815000
2025-06-26 20:00:00,107532.97000000,108000.00000000,107451.95000000,107766.29000000,497.91662000
2025-06-26 21:00:00,107766.30000000,107799.99000000,106850.00000000,107029.60000000,462.11523000
2025-06-26 22:00:00,107029.59000000,107235.29000000,106961.94000000,106992.59000000,243.89497000
2025-06-26 23:00:00,106992.59000000,107063.05000000,106865.56000000,106947.06000000,295.47150000
2025-06-27 00:00:00,106947.06000000,107179.80000000,106650.26000000,106675.22000000,332.61058000
2025-06-27 01:00:00,106675.21000000,107229.95000000,106438.33000000,107122.81000000,490.44969000
2025-06-27 02:00:00,107122.80000000,107300.00000000,107062.42000000,107253.60000000,277.33130000
2025-06-27 03:00:00,107253.59000000,107515.28000000,107168.79000000,107477.76000000,371.91271000
2025-06-27 04:00:00,107477.76000000,107568.68000000,107360.65000000,107497.06000000,282.76941000
2025-06-27 05:00:00,107497.07000000,107550.00000000,107267.73000000,107267.74000000,285.13466000
2025-06-27 06:00:00,107267.73000000,107385.24000000,107202.67000000,107278.82000000,187.40893000
2025-06-27 07:00:00,107278.82000000,107735.34000000,106850.00000000,106869.71000000,1190.74662000
2025-06-27 08:00:00,106869.72000000,107087.85000000,106679.98000000,106998.53000000,756.49658000
2025-06-27 09:00:00,106998.54000000,107137.64000000,106786.47000000,107083.80000000,1011.48795000
2025-06-27 10:00:00,107083.81000000,107159.95000000,106953.02000000,106995.32000000,328.42336000
2025-06-27 11:00:00,106995.33000000,107147.83000000,106921.66000000,106983.60000000,221.66755000
2025-06-27 12:00:00,106983.60000000,107200.00000000,106601.64000000,106692.90000000,489.40703000
2025-06-27 13:00:00,106692.89000000,106982.40000000,106356.76000000,106820.99000000,613.57127000
2025-06-27 14:00:00,106821.00000000,107105.43000000,106370.44000000,106557.79000000,2106.24243000
2025-06-27 15:00:00,106557.79000000,107407.14000000,106485.37000000,107308.25000000,495.30793000
2025-06-27 16:00:00,107308.25000000,107709.22000000,107094.03000000,107480.10000000,678.72532000
2025-06-27 17:00:00,107480.10000000,107497.16000000,106477.34000000,106875.75000000,501.23090000
2025-06-27 18:00:00,106875.75000000,107000.00000000,106446.45000000,106704.60000000,440.83658000
2025-06-27 19:00:00,106704.60000000,107020.66000000,106594.10000000,106801.02000000,366.69076000
2025-06-27 20:00:00,106801.02000000,107130.36000000,106794.33000000,107119.50000000,254.52948000
2025-06-27 21:00:00,107119.50000000,107277.99000000,107038.54000000,107052.01000000,231.16317000
2025-06-27 22:00:00,107052.01000000,107190.21000000,107052.01000000,107100.70000000,148.83751000
2025-06-27 23:00:00,107100.70000000,107171.23000000,106961.70000000,107047.59000000,169.45870000
2025-06-28 00:00:00,107047.58000000,107176.68000000,106847.59000000,107064.19000000,284.90876000
2025-06-28 01:00:00,107064.20000000,107129.33000000,106811.51000000,107066.19000000,193.38505000
2025-06-28 02:00:00,107066.19000000,107200.00000000,107015.70000000,107110.00000000,154.46239000
2025-06-28 03:00:00,107110.01000000,107347.10000000,107080.27000000,107300.13000000,142.29084000
2025-06-28 04:00:00,107300.13000000,107310.90000000,107183.29000000,107191.19000000,92.66137000
2025-06-28 05:00:00,107191.20000000,107317.00000000,107185.32000000,107294.80000000,127.55204000
2025-06-28 06:00:00,107294.81000000,107449.07000000,107294.80000000,107412.07000000,119.62237000
2025-06-28 07:00:00,107412.07000000,107496.12000000,107400.68000000,107485.00000000,157.78581000
2025-06-28 08:00:00,107485.01000000,107493.07000000,107347.85000000,107379.99000000,100.63716000
2025-06-28 09:00:00,107380.00000000,107380.00000000,107275.00000000,107307.99000000,109.33753000
2025-06-28 10:00:00,107308.00000000,107376.89000000,107252.60000000,107274.41000000,117.47879000
2025-06-28 11:00:00,107274.41000000,107373.40000000,107270.37000000,107373.39000000,88.84492000
2025-06-28 12:00:00,107373.39000000,107373.40000000,107292.44000000,107341.34000000,109.02275000
2025-06-28 13:00:00,107341.34000000,107354.82000000,107084.15000000,107101.78000000,222.67132000
2025-06-28 14:00:00,107101.79000000,107258.35000000,107101.78000000,107204.80000000,128.87426000
2025-06-28 15:00:00,107204.81000000,107577.75000000,107190.21000000,107449.28000000,254.30559000
2025-06-28 16:00:00,107449.28000000,107520.32000000,107253.22000000,107295.84000000,215.26558000
2025-06-28 17:00:00,107295.85000000,107542.50000000,107295.13000000,107465.12000000,116.29548000
2025-06-28 18:00:00,107465.13000000,107465.13000000,107260.64000000,107318.00000000,97.82363000
2025-06-28 19:00:00,107318.00000000,107339.38000000,107225.74000000,107225.74000000,69.70492000
2025-06-28 20:00:00,107225.74000000,107235.40000000,107154.62000000,107169.52000000,80.40679000
2025-06-28 21:00:00,107169.52000000,107347.65000000,107169.52000000,107331.38000000,82.17435000
2025-06-28 22:00:00,107331.37000000,107378.37000000,107257.09000000,107370.61000000,141.59714000
2025-06-28 23:00:00,107370.61000000,107370.62000000,107282.72000000,107296.79000000,75.06468000
2025-06-29 00:00:00,107296.79000000,107500.00000000,107254.16000000,107475.92000000,216.23676000
2025-06-29 01:00:00,107475.91000000,107475.92000000,107310.53000000,107311.00000000,101.25733000
2025-06-29 02:00:00,107311.00000000,107355.06000000,107172.52000000,107307.48000000,143.34108000
2025-06-29 03:00:00,107307.47000000,107307.48000000,107189.86000000,107210.78000000,73.19936000
2025-06-29 04:00:00,107210.78000000,107272.77000000,107210.77000000,107264.15000000,55.66311000
2025-06-29 05:00:00,107264.16000000,107310.00000000,107205.82000000,107309.99000000,65.97827000
2025-06-29 06:00:00,107310.00000000,107385.92000000,107309.99000000,107376.95000000,104.83230000
2025-06-29 07:00:00,107376.96000000,107402.18000000,107330.00000000,107402.18000000,114.10295000
2025-06-29 08:00:00,107402.17000000,107719.58000000,107402.17000000,107693.85000000,317.48769000
2025-06-29 09:00:00,107693.85000000,107972.74000000,107627.49000000,107891.64000000,417.03479000
2025-06-29 10:00:00,107891.64000000,108297.89000000,107849.61000000,108153.26000000,789.94745000
2025-06-29 11:00:00,108153.25000000,108484.00000000,108096.56000000,108477.11000000,464.45774000
2025-06-29 12:00:00,108477.12000000,108528.50000000,108033.00000000,108189.88000000,374.42570000
2025-06-29 13:00:00,108189.88000000,108228.28000000,108012.82000000,108051.52000000,254.59705000
2025-06-29 14:00:00,108051.53000000,108215.12000000,107777.77000000,107948.08000000,346.17479000
2025-06-29 15:00:00,107948.07000000,108034.13000000,107650.00000000,107750.72000000,345.26140000
2025-06-29 16:00:00,107750.72000000,107792.05000000,107320.00000000,107552.03000000,545.10349000
2025-06-29 17:00:00,107552.03000000,107592.17000000,107316.46000000,107544.44000000,341.27998000
2025-06-29 18:00:00,107544.44000000,107718.02000000,107445.40000000,107640.01000000,195.17898000
2025-06-29 19:00:00,107640.01000000,107640.01000000,107365.96000000,107406.81000000,106.96705000
2025-06-29 20:00:00,107406.80000000,107494.06000000,107359.78000000,107359.79000000,127.90868000
2025-06-29 21:00:00,107359.79000000,107734.59000000,107250.00000000,107543.48000000,254.81614000
2025-06-29 22:00:00,107543.48000000,108277.23000000,107543.48000000,108079.90000000,562.58019000
2025-06-29 23:00:00,108079.91000000,108436.47000000,108013.28000000,108356.93000000,513.90412000
2025-06-30 00:00:00,108356.93000000,108789.99000000,108255.81000000,108713.81000000,695.19445000
2025-06-30 01:00:00,108713.80000000,108770.00000000,108396.18000000,108493.93000000,354.63098000
2025-06-30 02:00:00,108493.92000000,108652.00000000,108445.01000000,108479.81000000,283.70170000
2025-06-30 03:00:00,108479.99000000,108580.00000000,108419.56000000,108503.74000000,230.64114000
2025-06-30 04:00:00,108503.74000000,108538.76000000,108301.60000000,108314.99000000,265.01430000
2025-06-30 05:00:00,108314.98000000,108380.00000000,108168.48000000,108280.65000000,230.27709000
2025-06-30 06:00:00,108280.66000000,108299.99000000,107518.88000000,107571.72000000,588.67050000
2025-06-30 07:00:00,107571.73000000,107746.13000000,107481.31000000,107614.08000000,497.31364000
2025-06-30 08:00:00,107614.07000000,107747.76000000,107459.00000000,107512.89000000,368.67900000
2025-06-30 09:00:00,107512.89000000,107704.98000000,107466.18000000,107478.77000000,269.13675000
2025-06-30 10:00:00,107478.78000000,107649.50000000,107400.00000000,107649.49000000,263.79321000
2025-06-30 11:00:00,107649.50000000,107964.33000000,107624.99000000,107654.20000000,340.59546000
2025-06-30 12:00:00,107654.21000000,107824.31000000,107561.16000000,107570.58000000,362.20383000
2025-06-30 13:00:00,107570.59000000,107858.79000000,107482.56000000,107525.49000000,546.11194000
2025-06-30 14:00:00,107525.49000000,107641.31000000,106777.77000000,106803.32000000,1166.01856000
2025-06-30 15:00:00,106803.32000000,107796.20000000,106733.33000000,107580.46000000,905.70004000
2025-06-30 16:00:00,107580.47000000,107807.94000000,107281.50000000,107599.96000000,413.06794000
2025-06-30 17:00:00,107599.96000000,107792.99000000,107429.39000000,107462.94000000,346.53424000
2025-06-30 18:00:00,107462.95000000,107614.90000000,107116.40000000,107242.01000000,230.18635000
2025-06-30 19:00:00,107242.00000000,107794.19000000,107212.60000000,107745.97000000,325.03838000
2025-06-30 20:00:00,107745.97000000,107764.73000000,107480.00000000,107577.89000000,187.16819000
2025-06-30 21:00:00,107577.88000000,107589.00000000,106900.02000000,107130.81000000,441.72872000
2025-06-30 22:00:00,107130.80000000,107317.53000000,107029.64000000,107112.75000000,203.26500000
2025-06-30 23:00:00,107112.76000000,107232.59000000,107063.04000000,107146.50000000,239.45350000
2025-07-01 00:00:00,107146.51000000,107449.25000000,107026.93000000,107377.02000000,253.62802000
2025-07-01 01:00:00,107377.03000000,107540.00000000,107171.42000000,107220.00000000,219.64653000
2025-07-01 02:00:00,107220.00000000,107410.74000000,107097.87000000,107101.69000000,207.06087000
2025-07-01 03:00:00,107101.68000000,107223.00000000,107070.20000000,107192.38000000,293.12458000
2025-07-01 04:00:00,107192.39000000,107203.11000000,106867.43000000,106881.60000000,261.75371000
2025-07-01 05:00:00,106881.60000000,106967.76000000,106740.00000000,106932.49000000,402.48733000
2025-07-01 06:00:00,106932.49000000,106932.49000000,106758.24000000,106890.77000000,167.32269000
2025-07-01 07:00:00,106890.77000000,107178.99000000,106615.97000000,107178.99000000,436.41463000
2025-07-01 08:00:00,107178.99000000,107178.99000000,106681.52000000,106710.12000000,282.35131000
2025-07-01 09:00:00,106710.12000000,106794.09000000,106500.00000000,106556.39000000,389.14535000
2025-07-01 10:00:00,106556.39000000,106633.31000000,106301.86000000,106490.42000000,468.88764000
2025-07-01 11:00:00,106490.42000000,106622.05000000,106317.17000000,106605.80000000,294.43204000
2025-07-01 12:00:00,106605.79000000,106706.05000000,106365.24000000,106421.08000000,284.29339000
2025-07-01 13:00:00,106421.07000000,106885.38000000,106301.04000000,106807.42000000,1241.43566000
2025-07-01 14:00:00,106807.43000000,107179.99000000,105717.84000000,105925.00000000,1572.86174000
2025-07-01 15:00:00,105925.01000000,106200.00000000,105623.39000000,105955.18000000,876.10488000
2025-07-01 16:00:00,105955.19000000,106280.00000000,105831.50000000,106082.56000000,343.73692000
2025-07-01 17:00:00,106082.55000000,106287.95000000,105909.42000000,106253.79000000,279.69821000
2025-07-01 18:00:00,106253.80000000,106269.60000000,105699.22000000,105749.68000000,412.70793000
2025-07-01 19:00:00,105749.68000000,105804.00000000,105387.68000000,105398.53000000,654.75967000
2025-07-01 20:00:00,105398.52000000,105995.44000000,105250.85000000,105920.01000000,431.58675000
2025-07-01 21:00:00,105920.01000000,106100.00000000,105744.81000000,105784.13000000,231.93599000
2025-07-01 22:00:00,105784.12000000,105916.64000000,105600.00000000,105613.22000000,253.74950000
2025-07-01 23:00:00,105613.21000000,105702.39000000,105361.33000000,105681.14000000,246.49903000
2025-07-02 00:00:00,105681.13000000,105781.43000000,105377.35000000,105392.30000000,239.30387000
2025-07-02 01:00:00,105392.30000000,105790.07000000,105100.19000000,105720.00000000,517.94641000
2025-07-02 02:00:00,105720.00000000,105920.11000000,105525.61000000,105908.70000000,333.47913000
2025-07-02 03:00:00,105908.71000000,106216.08000000,105871.07000000,106194.70000000,362.91292000
2025-07-02 04:00:00,106194.70000000,106382.86000000,106131.55000000,106382.86000000,339.23333000
2025-07-02 05:00:00,106382.85000000,106667.57000000,106292.29000000,106638.83000000,395.18675000
2025-07-02 06:00:00,106638.83000000,107014.39000000,106633.83000000,107014.38000000,611.77648000
2025-07-02 07:00:00,107014.39000000,107186.78000000,106852.83000000,107080.00000000,557.31452000
2025-07-02 08:00:00,107080.00000000,107745.00000000,107080.00000000,107728.99000000,802.78861000
2025-07-02 09:00:00,107729.00000000,107799.99000000,107506.52000000,107636.16000000,388.44355000
2025-07-02 10:00:00,107636.15000000,107860.23000000,107612.67000000,107848.95000000,442.39670000
2025-07-02 11:00:00,107848.95000000,107848.96000000,107338.15000000,107479.99000000,514.05194000
2025-07-02 12:00:00,107479.98000000,107479.99000000,107186.10000000,107379.92000000,371.85695000
2025-07-02 13:00:00,107379.92000000,107998.00000000,107280.00000000,107768.20000000,587.51111000
2025-07-02 14:00:00,107768.21000000,108171.80000000,107659.35000000,108139.99000000,937.16142000
2025-07-02 15:00:00,108140.00000000,108759.20000000,108120.00000000,108737.74000000,1330.61173000
2025-07-02 16:00:00,108737.75000000,109646.45000000,108650.97000000,109413.02000000,2695.11586000
2025-07-02 17:00:00,109413.01000000,109730.00000000,108834.30000000,109129.67000000,1117.75624000
2025-07-02 18:00:00,109129.68000000,109538.89000000,108989.90000000,109538.88000000,522.88486000
2025-07-02 19:00:00,109538.88000000,109681.81000000,109293.90000000,109676.14000000,1320.35211000
2025-07-02 20:00:00,109676.14000000,109676.14000000,109128.72000000,109136.30000000,575.18566000
2025-07-02 21:00:00,109136.31000000,109542.31000000,109130.01000000,109441.80000000,1281.72086000
2025-07-02 22:00:00,109441.79000000,109498.91000000,109100.57000000,109142.00000000,673.30761000
2025-07-02 23:00:00,109142.00000000,109170.42000000,108720.00000000,108849.60000000,773.59730000
2025-07-03 00:00:00,108849.59000000,109115.03000000,108715.56000000,108915.00000000,494.29688000
2025-07-03 01:00:00,108915.00000000,109111.00000000,108807.43000000,108975.97000000,383.58580000
2025-07-03 02:00:00,108975.96000000,108975.97000000,108530.40000000,108721.52000000,335.42231000
2025-07-03 03:00:00,108721.52000000,108820.00000000,108620.25000000,108628.21000000,226.69063000
2025-07-03 04:00:00,108628.20000000,109000.01000000,108566.14000000,108790.00000000,293.13317000
2025-07-03 05:00:00,108790.00000000,109381.12000000,108790.00000000,109340.37000000,452.51528000
2025-07-03 06:00:00,109340.37000000,109548.00000000,109237.85000000,109478.94000000,372.89912000
2025-07-03 07:00:00,109478.95000000,109478.95000000,109146.20000000,109280.00000000,442.04211000
2025-07-03 08:00:00,109279.99000000,109580.00000000,109279.99000000,109377.57000000,557.97387000
2025-07-03 09:00:00,109377.57000000,110273.21000000,109377.57000000,109942.20000000,1791.81347000
2025-07-03 10:00:00,109942.19000000,110000.00000000,109628.08000000,109839.37000000,644.21123000
2025-07-03 11:00:00,109839.38000000,109839.38000000,109584.61000000,109599.19000000,255.55023000
2025-07-03 12:00:00,109599.18000000,109916.00000000,108749.99000000,109167.99000000,1102.71213000
2025-07-03 13:00:00,109168.00000000,110529.18000000,109133.30000000,110255.63000000,1445.48707000
2025-07-03 14:00:00,110255.64000000,110499.60000000,109560.00000000,109718.57000000,999.03383000
2025-07-03 15:00:00,109718.57000000,109833.30000000,109107.00000000,109127.84000000,654.49287000
2025-07-03 16:00:00,109127.85000000,109683.19000000,109020.80000000,109288.46000000,584.75038000
2025-07-03 17:00:00,109288.47000000,109655.70000000,109278.41000000,109556.00000000,410.71077000
2025-07-03 18:00:00,109556.00000000,109721.51000000,109332.10000000,109678.75000000,284.97474000
2025-07-03 19:00:00,109678.75000000,109910.10000000,109638.01000000,109803.41000000,408.00794000
2025-07-03 20:00:00,109803.41000000,109947.11000000,109772.37000000,109947.11000000,187.94195000
2025-07-03 21:00:00,109947.10000000,110000.00000000,109687.59000000,109788.00000000,261.66349000
2025-07-03 22:00:00,109787.99000000,109874.69000000,109650.94000000,109699.17000000,195.20120000
2025-07-03 23:00:00,109699.17000000,109820.00000000,109510.00000000,109584.78000000,261.97178000
2025-07-04 00:00:00,109584.77000000,109708.04000000,109384.38000000,109478.94000000,234.74780000
2025-07-04 01:00:00,109478.94000000,109767.59000000,109445.86000000,109500.01000000,208.55945000
2025-07-04 02:00:00,109500.01000000,109500.01000000,109103.71000000,109180.54000000,302.62270000
2025-07-04 03:00:00,109180.54000000,109373.08000000,109119.23000000,109235.57000000,256.79241000
2025-07-04 04:00:00,109235.58000000,109329.60000000,108950.00000000,108982.59000000,364.12630000
2025-07-04 05:00:00,108982.59000000,109204.08000000,108921.00000000,109012.00000000,345.38756000
2025-07-04 06:00:00,109012.00000000,109028.98000000,108804.00000000,109025.99000000,279.91071000
2025-07-04 07:00:00,109026.00000000,109144.33000000,108700.00000000,108700.00000000,619.63648000
2025-07-04 08:00:00,108700.00000000,108892.00000000,108518.83000000,108763.28000000,397.51798000
2025-07-04 09:00:00,108763.29000000,109070.00000000,108763.28000000,108997.59000000,290.69348000
2025-07-04 10:00:00,108997.60000000,109067.06000000,108865.38000000,108899.74000000,212.83251000
2025-07-04 11:00:00,108899.73000000,109111.00000000,108856.00000000,108888.00000000,185.34724000
2025-07-04 12:00:00,108888.00000000,108978.64000000,108611.53000000,108731.79000000,244.59870000
2025-07-04 13:00:00,108731.80000000,108856.49000000,107970.22000000,107970.23000000,953.81709000
2025-07-04 14:00:00,107970.22000000,108110.75000000,107505.00000000,107810.00000000,1361.93370000
2025-07-04 15:00:00,107809.99000000,107939.03000000,107573.28000000,107573.29000000,1055.73997000
2025-07-04 16:00:00,107573.29000000,107750.01000000,107333.33000000,107636.98000000,1414.51590000
2025-07-04 17:00:00,107636.99000000,107922.50000000,107632.00000000,107875.37000000,364.43679000
2025-07-04 18:00:00,107875.37000000,107875.37000000,107489.23000000,107489.23000000,990.63968000
2025-07-04 19:00:00,107489.23000000,107637.84000000,107245.00000000,107469.23000000,662.11075000
2025-07-04 20:00:00,107469.22000000,107813.04000000,107440.63000000,107692.01000000,228.63195000
2025-07-04 21:00:00,107692.01000000,107941.99000000,107689.91000000,107911.20000000,255.84136000
2025-07-04 22:00:00,107911.19000000,108279.33000000,107886.84000000,108254.95000000,374.41630000
2025-07-04 23:00:00,108254.95000000,108254.96000000,107958.00000000,107984.24000000,189.00934000
2025-07-05 00:00:00,107984.25000000,108224.56000000,107955.07000000,108196.01000000,182.76266000
2025-07-05 01:00:00,108196.00000000,108196.01000000,107894.61000000,107981.13000000,148.43092000
2025-07-05 02:00:00,107981.14000000,108095.59000000,107756.31000000,108067.87000000,246.24667000
2025-07-05 03:00:00,108067.88000000,108259.99000000,108067.87000000,108154.72000000,189.19760000
2025-07-05 04:00:00,108154.72000000,108420.56000000,108032.00000000,108137.66000000,171.53463000
2025-07-05 05:00:00,108137.65000000,108166.31000000,108000.00000000,108125.63000000,147.73340000
2025-07-05 06:00:00,108125.63000000,108287.48000000,108059.71000000,108270.82000000,183.20807000
2025-07-05 07:00:00,108270.82000000,108270.82000000,108000.99000000,108053.46000000,157.65432000
2025-07-05 08:00:00,108053.46000000,108125.37000000,107922.80000000,108029.97000000,140.43625000
2025-07-05 09:00:00,108029.96000000,108123.62000000,107870.42000000,108078.06000000,184.41899000
2025-07-05 10:00:00,108078.07000000,108216.22000000,108053.30000000,108085.23000000,189.72643000
2025-07-05 11:00:00,108085.24000000,108219.19000000,108085.23000000,108112.21000000,160.79807000
2025-07-05 12:00:00,108112.20000000,108152.95000000,107971.00000000,108148.57000000,94.22384000
2025-07-05 13:00:00,108148.56000000,108232.29000000,108100.44000000,108125.99000000,170.43426000
2025-07-05 14:00:00,108126.00000000,108223.22000000,108103.84000000,108193.23000000,140.40955000
2025-07-05 15:00:00,108193.23000000,108193.24000000,108047.42000000,108058.00000000,159.40315000
2025-07-05 16:00:00,108058.00000000,108112.80000000,107864.75000000,108101.99000000,216.80310000
2025-07-05 17:00:00,108101.99000000,108159.00000000,107941.00000000,108090.08000000,128.19149000
2025-07-05 18:00:00,108090.08000000,108098.00000000,107965.51000000,108010.00000000,120.94520000
2025-07-05 19:00:00,108010.01000000,108167.23000000,107953.03000000,108141.78000000,120.25631000
2025-07-05 20:00:00,108141.78000000,108159.39000000,107993.39000000,108096.75000000,99.85777000
2025-07-05 21:00:00,108096.74000000,108140.00000000,108061.53000000,108090.00000000,83.77406000
2025-07-05 22:00:00,108089.99000000,108200.00000000,108048.25000000,108188.47000000,91.98951000
2025-07-05 23:00:00,108188.46000000,108250.00000000,108181.61000000,108198.12000000,208.53945000
2025-07-06 00:00:00,108198.12000000,108250.00000000,108112.96000000,108206.99000000,89.82019000
2025-07-06 01:00:00,108206.99000000,108218.25000000,108084.92000000,108218.25000000,95.82235000
2025-07-06 02:00:00,108218.25000000,108268.35000000,108060.02000000,108060.02000000,133.80239000
2025-07-06 03:00:00,108060.00000000,108100.00000000,108025.97000000,108050.49000000,77.80971000
2025-07-06 04:00:00,108050.49000000,108100.00000000,107930.45000000,107989.11000000,116.90310000
2025-07-06 05:00:00,107989.10000000,108010.13000000,107962.19000000,108003.35000000,83.81175000
2025-07-06 06:00:00,108003.36000000,108218.00000000,107977.70000000,108121.98000000,156.92717000
2025-07-06 07:00:00,108121.99000000,108194.59000000,108040.17000000,108040.31000000,140.25482000
2025-07-06 08:00:00,108040.31000000,108065.69000000,107969.31000000,108005.27000000,238.55538000
2025-07-06 09:00:00,108005.27000000,108056.01000000,107817.80000000,107850.01000000,198.30154000
2025-07-06 10:00:00,107850.00000000,108111.00000000,107800.01000000,107990.93000000,218.41123000
2025-07-06 11:00:00,107990.93000000,108079.17000000,107949.99000000,108076.01000000,85.72788000
2025-07-06 12:00:00,108076.00000000,108233.00000000,108045.76000000,108232.99000000,204.94128000
2025-07-06 13:00:00,108233.00000000,109127.03000000,108191.85000000,108772.17000000,934.17809000
2025-07-06 14:00:00,108772.18000000,109049.27000000,108612.00000000,108933.25000000,560.71245000
2025-07-06 15:00:00,108933.25000000,109000.12000000,108665.86000000,108905.99000000,493.52424000
2025-07-06 16:00:00,108906.00000000,108955.63000000,108708.00000000,108856.92000000,239.51721000
2025-07-06 17:00:00,108856.92000000,108966.62000000,108727.16000000,108919.22000000,143.19416000
2025-07-06 18:00:00,108919.23000000,108928.00000000,108266.67000000,108463.99000000,356.56585000
2025-07-06 19:00:00,108464.00000000,108630.95000000,108307.69000000,108538.46000000,182.73112000
2025-07-06 20:00:00,108538.45000000,108840.00000000,108536.86000000,108665.47000000,128.29699000
2025-07-06 21:00:00,108665.48000000,109700.00000000,108665.47000000,109208.25000000,810.60996000
2025-07-06 22:00:00,109208.24000000,109526.69000000,109203.86000000,109228.73000000,464.06563000
2025-07-06 23:00:00,109228.73000000,109278.18000000,108977.54000000,109203.84000000,293.12251000
2025-07-07 00:00:00,109203.85000000,109288.02000000,108800.01000000,108823.07000000,253.63512000
2025-07-07 01:00:00,108823.07000000,109089.00000000,108679.75000000,109019.13000000,299.62996000
2025-07-07 02:00:00,109019.13000000,109499.99000000,109019.12000000,109364.52000000,433.83049000
2025-07-07 03:00:00,109364.53000000,109700.00000000,109364.52000000,109389.47000000,326.56622000
2025-07-07 04:00:00,109389.46000000,109447.54000000,109128.72000000,109128.73000000,184.07817000
2025-07-07 05:00:00,109128.73000000,109201.65000000,109035.21000000,109079.99000000,184.85155000
2025-07-07 06:00:00,109079.99000000,109174.87000000,108769.23000000,108774.50000000,348.32807000
2025-07-07 07:00:00,108774.50000000,109061.08000000,108654.94000000,109061.08000000,351.63493000
2025-07-07 08:00:00,109061.07000000,109087.86000000,108860.50000000,109011.70000000,211.49643000
2025-07-07 09:00:00,109011.70000000,109011.71000000,108761.13000000,108849.06000000,259.49114000
2025-07-07 10:00:00,108849.05000000,108899.32000000,108660.14000000,108664.14000000,967.12524000
2025-07-07 11:00:00,108664.15000000,108801.00000000,108572.52000000,108642.01000000,355.32653000
2025-07-07 12:00:00,108642.01000000,108642.02000000,108303.83000000,108346.85000000,889.93465000
2025-07-07 13:00:00,108346.86000000,108572.00000000,108019.23000000,108536.84000000,726.60378000
2025-07-07 14:00:00,108536.84000000,108660.00000000,107970.00000000,108223.14000000,535.69464000
2025-07-07 15:00:00,108223.14000000,108621.45000000,108223.14000000,108292.59000000,364.16316000
2025-07-07 16:00:00,108292.59000000,108493.56000000,107906.25000000,107976.91000000,640.23010000
2025-07-07 17:00:00,107976.91000000,108354.00000000,107811.00000000,107943.15000000,381.91342000
2025-07-07 18:00:00,107943.16000000,108100.00000000,107513.20000000,108024.53000000,492.15098000
2025-07-07 19:00:00,108024.53000000,108314.72000000,108009.99000000,108056.68000000,311.81983000
2025-07-07 20:00:00,108056.67000000,108140.50000000,107866.66000000,107886.85000000,220.50760000
2025-07-07 21:00:00,107886.85000000,108213.00000000,107800.01000000,108166.95000000,283.98408000
2025-07-07 22:00:00,108166.94000000,108180.00000000,107973.06000000,108019.23000000,222.87717000
2025-07-07 23:00:00,108019.23000000,108300.00000000,108019.23000000,108262.94000000,159.50275000
2025-07-08 00:00:00,108262.94000000,108525.00000000,108193.48000000,108299.99000000,409.64154000
2025-07-08 01:00:00,108299.99000000,108300.00000000,107689.64000000,107705.03000000,327.96475000
2025-07-08 02:00:00,107705.03000000,107945.00000000,107429.57000000,107766.20000000,1090.68261000
2025-07-08 03:00:00,107766.20000000,108000.00000000,107686.92000000,107901.52000000,183.27109000
2025-07-08 04:00:00,107901.52000000,108019.24000000,107750.00000000,108019.24000000,152.71362000
2025-07-08 05:00:00,108019.23000000,108220.39000000,107990.00000000,108210.94000000,193.76866000
2025-07-08 06:00:00,108210.94000000,108392.05000000,108135.25000000,108299.72000000,260.36038000
2025-07-08 07:00:00,108299.71000000,108499.00000000,108216.04000000,108484.61000000,403.22303000
2025-07-08 08:00:00,108484.61000000,108525.00000000,108262.35000000,108262.36000000,242.39116000
2025-07-08 09:00:00,108262.35000000,108488.98000000,108229.15000000,108469.99000000,142.75742000
2025-07-08 10:00:00,108469.99000000,108900.00000000,108419.08000000,108832.77000000,470.58627000
2025-07-08 11:00:00,108832.78000000,109005.00000000,108756.36000000,108756.37000000,458.50309000
2025-07-08 12:00:00,108756.37000000,108949.19000000,108688.82000000,108949.19000000,228.47887000
2025-07-08 13:00:00,108949.19000000,109216.56000000,108631.27000000,109034.61000000,591.54102000
2025-07-08 14:00:00,109034.60000000,109072.81000000,108250.00000000,108376.00000000,597.68590000
2025-07-08 15:00:00,108376.00000000,108528.06000000,108217.07000000,108268.35000000,430.74475000
2025-07-08 16:00:00,108268.35000000,108562.95000000,108096.55000000,108439.37000000,340.38908000
2025-07-08 17:00:00,108439.37000000,109100.00000000,108439.37000000,108991.00000000,1106.48635000
2025-07-08 18:00:00,108991.01000000,109147.56000000,108909.94000000,109147.56000000,700.15853000
2025-07-08 19:00:00,109147.55000000,109147.56000000,108736.00000000,108771.88000000,279.87349000
2025-07-08 20:00:00,108771.87000000,108939.00000000,108630.53000000,108630.54000000,159.96027000
2025-07-08 21:00:00,108630.53000000,108970.40000000,108624.00000000,108889.90000000,169.96042000
2025-07-08 22:00:00,108889.89000000,108973.58000000,108818.08000000,108917.01000000,153.40934000
2025-07-08 23:00:00,108917.01000000,108974.00000000,108823.07000000,108922.98000000,121.46916000
2025-07-09 00:00:00,108922.99000000,108957.58000000,108777.97000000,108940.39000000,140.46581000
2025-07-09 01:00:00,108940.38000000,109136.00000000,108722.09000000,108780.76000000,219.97215000
2025-07-09 02:00:00,108780.77000000,108837.70000000,108600.00000000,108611.53000000,277.87433000
2025-07-09 03:00:00,108611.53000000,108665.40000000,108348.00000000,108376.41000000,356.48997000
2025-07-09 04:00:00,108376.41000000,108564.00000000,108324.53000000,108553.61000000,214.96856000
2025-07-09 05:00:00,108553.60000000,108942.20000000,108489.20000000,108778.10000000,393.65608000
2025-07-09 06:00:00,108778.10000000,108860.00000000,108667.01000000,108840.01000000,219.55216000
2025-07-09 07:00:00,108840.01000000,108876.30000000,108675.15000000,108714.39000000,173.42235000
2025-07-09 08:00:00,108714.39000000,108837.70000000,108654.15000000,108654.16000000,259.46811000
2025-07-09 09:00:00,108654.15000000,108793.47000000,108553.18000000,108763.37000000,334.08934000
2025-07-09 10:00:00,108763.37000000,108900.00000000,108708.00000000,108900.00000000,159.39779000
2025-07-09 11:00:00,108900.00000000,109117.00000000,108899.99000000,109058.27000000,523.04092000
2025-07-09 12:00:00,109058.27000000,109500.00000000,108992.87000000,109330.77000000,917.63350000
2025-07-09 13:00:00,109330.76000000,109769.39000000,109128.72000000,109184.00000000,1400.69872000
2025-07-09 14:00:00,109183.99000000,109460.94000000,108503.00000000,108900.29000000,1123.17859000
2025-07-09 15:00:00,108900.29000000,109215.69000000,108816.52000000,109071.32000000,666.88050000
2025-07-09 16:00:00,109071.32000000,109475.29000000,109047.49000000,109408.71000000,338.27349000
2025-07-09 17:00:00,109408.72000000,109447.82000000,109047.49000000,109168.00000000,301.26918000
2025-07-09 18:00:00,109168.01000000,109579.98000000,109137.42000000,109536.49000000,559.49460000
2025-07-09 19:00:00,109536.50000000,111999.79000000,109500.00000000,111750.00000000,5139.53728000
2025-07-09 20:00:00,111749.99000000,111952.33000000,110559.40000000,110714.97000000,1677.69298000
2025-07-09 21:00:00,110714.97000000,111280.00000000,110682.39000000,110818.36000000,689.32229000
2025-07-09 22:00:00,110818.36000000,111403.85000000,110818.36000000,111382.17000000,582.41183000
2025-07-09 23:00:00,111382.17000000,111521.00000000,111229.92000000,111233.99000000,613.49597000
2025-07-10 00:00:00,111234.00000000,111319.24000000,110916.66000000,110916.66000000,402.36165000
2025-07-10 01:00:00,110916.66000000,111356.00000000,110880.00000000,111189.71000000,474.28195000
2025-07-10 02:00:00,111189.70000000,111581.00000000,111150.00000000,111213.91000000,493.35901000
2025-07-10 03:00:00,111213.91000000,111221.14000000,110986.33000000,111074.51000000,317.73205000
2025-07-10 04:00:00,111074.52000000,111185.77000000,110951.59000000,111150.00000000,292.13383000
2025-07-10 05:00:00,111150.00000000,111164.35000000,110898.00000000,111086.14000000,477.20128000
2025-07-10 06:00:00,111086.14000000,111306.49000000,111086.14000000,111233.34000000,395.68308000
2025-07-10 07:00:00,111233.33000000,111432.46000000,111144.08000000,111230.00000000,502.09594000
2025-07-10 08:00:00,111229.99000000,111398.96000000,111102.78000000,111233.33000000,401.06449000
2025-07-10 09:00:00,111233.34000000,111258.00000000,111021.57000000,111041.36000000,286.97004000
2025-07-10 10:00:00,111041.37000000,111098.30000000,110870.33000000,111088.51000000,356.07524000
2025-07-10 11:00:00,111088.51000000,111173.95000000,110967.00000000,111019.99000000,363.68320000
2025-07-10 12:00:00,111019.99000000,111020.00000000,110752.35000000,110869.00000000,357.65859000
2025-07-10 13:00:00,110869.00000000,111039.99000000,110500.00000000,110800.01000000,544.26918000
2025-07-10 14:00:00,110801.78000000,111319.24000000,110642.30000000,111247.57000000,729.68377000
2025-07-10 15:00:00,111247.56000000,111408.41000000,110969.51000000,111408.40000000,589.60583000
2025-07-10 16:00:00,111408.40000000,112725.38000000,111322.32000000,112643.48000000,2446.38540000
2025-07-10 17:00:00,112643.47000000,113788.23000000,112545.95000000,113722.82000000,2757.37600100
2025-07-10 18:00:00,113722.83000000,113760.97000000,112985.64000000,113420.00000000,1310.78452000
2025-07-10 19:00:00,113420.01000000,113680.00000000,113098.45000000,113301.81000000,946.49177000
2025-07-10 20:00:00,113301.80000000,113580.00000000,113270.98000000,113493.16000000,554.81409000
2025-07-10 21:00:00,113493.16000000,116868.00000000,113385.36000000,116490.52000000,6314.07127400
2025-07-10 22:00:00,116490.52000000,116499.95000000,115800.00000000,116008.38000000,2278.63989000
2025-07-10 23:00:00,116008.38000000,116099.99000000,115645.88000000,116010.00000000,1291.02859000
2025-07-11 00:00:00,116010.01000000,116098.80000000,115222.22000000,115590.63000000,1041.06079000
2025-07-11 01:00:00,115590.64000000,116078.85000000,115514.57000000,115967.57000000,786.25654000
2025-07-11 02:00:00,115967.57000000,116800.00000000,115702.86000000,116672.57000000,1353.14236000
2025-07-11 03:00:00,116672.57000000,116950.00000000,116390.25000000,116881.70000000,1276.21161100
2025-07-11 04:00:00,116881.69000000,116929.00000000,116500.00000000,116918.16000000,674.02539000
2025-07-11 05:00:00,116918.16000000,118404.22000000,116918.16000000,117860.37000000,2636.87379700
2025-07-11 06:00:00,117860.38000000,118400.00000000,117602.22000000,117648.33000000,1499.83544000
2025-07-11 07:00:00,117648.32000000,118108.79000000,117468.53000000,117526.88000000,3129.43875000
2025-07-11 08:00:00,117526.88000000,118133.00000000,117526.88000000,117964.76000000,1000.82860000
2025-07-11 09:00:00,117964.75000000,118869.98000000,117883.74000000,118470.34000000,1514.60180000
2025-07-11 10:00:00,118470.35000000,118470.35000000,117946.72000000,117983.78000000,1340.00944000
2025-07-11 11:00:00,117983.78000000,118110.60000000,117583.16000000,117821.91000000,808.62177000
2025-07-11 12:00:00,117821.91000000,118259.24000000,117741.94000000,117878.11000000,861.42649000
2025-07-11 13:00:00,117878.10000000,118189.18000000,117273.45000000,117989.18000000,1463.56142000
2025-07-11 14:00:00,117989.17000000,118170.24000000,117388.00000000,117858.16000000,1074.59567000
2025-07-11 15:00:00,117858.15000000,117960.00000000,116724.66000000,116902.59000000,1311.79050000
2025-07-11 16:00:00,116902.58000000,117433.40000000,116604.87000000,117393.39000000,931.33103000
2025-07-11 17:00:00,117393.38000000,117745.70000000,117250.00000000,117640.00000000,775.16024000
2025-07-11 18:00:00,117640.01000000,117734.55000000,117300.00000000,117694.01000000,408.58924000
2025-07-11 19:00:00,117694.02000000,118138.75000000,117426.58000000,118108.81000000,639.64596000
2025-07-11 20:00:00,118108.81000000,118108.81000000,117659.19000000,117664.46000000,355.65991000
2025-07-11 21:00:00,117664.46000000,117880.01000000,117471.09000000,117619.99000000,279.72136000
2025-07-11 22:00:00,117619.99000000,117665.92000000,117146.80000000,117615.89000000,505.97498000
2025-07-11 23:00:00,117615.88000000,117677.24000000,117436.59000000,117527.66000000,205.15806000
2025-07-12 00:00:00,117527.66000000,117646.97000000,117141.13000000,117407.99000000,392.55028000
2025-07-12 01:00:00,117407.99000000,117697.49000000,117407.99000000,117644.81000000,322.02488000
2025-07-12 02:00:00,117644.80000000,117800.43000000,117556.00000000,117599.99000000,319.10692000
2025-07-12 03:00:00,117599.98000000,117847.66000000,117599.97000000,117774.42000000,235.13774000
2025-07-12 04:00:00,117774.42000000,117876.57000000,117587.00000000,117646.44000000,231.58516000
2025-07-12 05:00:00,117646.43000000,117718.82000000,117506.37000000,117689.68000000,227.73150000
2025-07-12 06:00:00,117689.68000000,117981.57000000,117660.00000000,117847.66000000,309.07591000
2025-07-12 07:00:00,117847.66000000,118054.79000000,117625.63000000,117731.99000000,389.30318000
2025-07-12 08:00:00,117731.99000000,118000.00000000,117724.47000000,117929.65000000,426.87947000
2025-07-12 09:00:00,117929.66000000,118200.00000000,117881.15000000,118158.78000000,372.57837000
2025-07-12 10:00:00,118158.79000000,118158.79000000,117870.31000000,118077.32000000,360.52166000
2025-07-12 11:00:00,118077.32000000,118106.20000000,117625.00000000,117810.00000000,299.38516000
2025-07-12 12:00:00,117810.00000000,117861.19000000,117309.61000000,117559.97000000,896.26553000
2025-07-12 13:00:00,117559.98000000,117571.61000000,117238.88000000,117500.00000000,758.24496000
2025-07-12 14:00:00,117500.00000000,117727.26000000,117315.68000000,117389.47000000,449.96682000
2025-07-12 15:00:00,117389.47000000,117461.62000000,116900.05000000,117100.01000000,782.91296000
2025-07-12 16:00:00,117100.00000000,117399.77000000,117045.86000000,117191.08000000,282.98905000
2025-07-12 17:00:00,117191.08000000,117548.69000000,117186.81000000,117478.40000000,209.00655000
2025-07-12 18:00:00,117478.40000000,117509.76000000,117378.91000000,117504.00000000,161.72998000
2025-07-12 19:00:00,117504.01000000,117639.98000000,117439.72000000,117550.96000000,307.81770000
2025-07-12 20:00:00,117550.96000000,117550.96000000,117023.35000000,117023.36000000,154.52026000
2025-07-12 21:00:00,117023.36000000,117555.50000000,117000.01000000,117485.22000000,207.04733000
2025-07-12 22:00:00,117485.21000000,117563.75000000,117312.04000000,117385.37000000,233.15011000
2025-07-12 23:00:00,117385.38000000,117460.02000000,117219.53000000,117420.00000000,117.07289000
2025-07-13 00:00:00,117420.00000000,117458.48000000,117248.21000000,117316.10000000,163.58729000
2025-07-13 01:00:00,117316.10000000,117640.61000000,117224.79000000,117553.37000000,236.13001000
2025-07-13 02:00:00,117553.37000000,117817.16000000,117407.94000000,117620.00000000,158.66130000
2025-07-13 03:00:00,117620.00000000,117824.76000000,117600.81000000,117753.60000000,138.03288000
2025-07-13 04:00:00,117753.59000000,117892.23000000,117684.22000000,117879.22000000,222.50112000
2025-07-13 05:00:00,117879.22000000,117904.75000000,117700.65000000,117759.99000000,150.55904000
2025-07-13 06:00:00,117759.99000000,117978.97000000,117742.31000000,117888.51000000,186.73560000
2025-07-13 07:00:00,117888.51000000,118054.79000000,117852.00000000,117999.00000000,308.18406000
2025-07-13 08:00:00,117998.99000000,118006.96000000,117756.39000000,117895.78000000,165.74382000
2025-07-13 09:00:00,117895.78000000,117901.34000000,117689.63000000,117739.16000000,151.43307000
2025-07-13 10:00:00,117739.16000000,117845.48000000,117739.16000000,117747.99000000,98.78511000
2025-07-13 11:00:00,117748.00000000,118086.66000000,117747.99000000,118072.01000000,269.48693000
2025-07-13 12:00:00,118072.01000000,118636.92000000,117989.53000000,118432.11000000,689.71040000
2025-07-13 13:00:00,118432.11000000,118750.00000000,118154.81000000,118610.01000000,736.92273000
2025-07-13 14:00:00,118610.00000000,119376.00000000,118353.20000000,118766.94000000,1897.93905700
2025-07-13 15:00:00,118766.94000000,119124.00000000,118532.84000000,118672.24000000,566.53213000
2025-07-13 16:00:00,118672.23000000,118982.89000000,118520.00000000,118528.01000000,483.67524000
2025-07-13 17:00:00,118528.00000000,118844.83000000,118382.56000000,118699.60000000,348.79838000
2025-07-13 18:00:00,118699.60000000,119070.24000000,118592.01000000,118992.73000000,315.39573000
2025-07-13 19:00:00,118992.73000000,119488.00000000,118897.44000000,118961.08000000,601.53222000
2025-07-13 20:00:00,118961.09000000,119367.37000000,118826.00000000,119083.60000000,290.26988000
2025-07-13 21:00:00,119083.60000000,119083.60000000,118500.01000000,118648.87000000,421.07599000
2025-07-13 22:00:00,118648.86000000,118774.64000000,118243.68000000,118520.01000000,584.71541000
2025-07-13 23:00:00,118520.01000000,119198.00000000,118386.55000000,119086.64000000,364.38555000
2025-07-14 00:00:00,119086.65000000,119470.54000000,118916.17000000,119061.40000000,538.61781000
2025-07-14 01:00:00,119061.40000000,119238.10000000,118905.18000000,119100.58000000,349.35207000
2025-07-14 02:00:00,119100.58000000,119999.00000000,118969.56000000,119647.88000000,1311.09415000
2025-07-14 03:00:00,119647.88000000,121492.48000000,119592.70000000,120750.24000000,3219.46885600
2025-07-14 04:00:00,120750.25000000,121438.27000000,120557.63000000,121400.00000000,1343.86331000
2025-07-14 05:00:00,121400.00000000,122666.00000000,121129.00000000,122461.99000000,2704.49868900
2025-07-14 06:00:00,122461.99000000,122465.30000000,122017.81000000,122130.99000000,1146.85917000
2025-07-14 07:00:00,122130.99000000,123218.00000000,122100.00000000,122736.04000000,1786.57905200
2025-07-14 08:00:00,122736.04000000,122769.19000000,122300.00000000,122578.00000000,851.02194000
2025-07-14 09:00:00,122578.01000000,122582.97000000,121888.44000000,121973.74000000,929.42357000
2025-07-14 10:00:00,121973.74000000,122130.65000000,121628.47000000,121905.48000000,742.89705000
2025-07-14 11:00:00,121905.48000000,121905.48000000,121355.55000000,121467.24000000,755.99271000
2025-07-14 12:00:00,121467.23000000,121945.63000000,121400.01000000,121918.00000000,930.72081000
2025-07-14 13:00:00,121918.01000000,122120.00000000,121188.00000000,121710.64000000,1151.85025000
2025-07-14 14:00:00,121710.64000000,121990.42000000,120600.00000000,121158.89000000,1855.94127000
2025-07-14 15:00:00,121158.88000000,121176.26000000,119611.70000000,119878.23000000,2109.20019000
2025-07-14 16:00:00,119878.22000000,120299.58000000,119202.00000000,120268.87000000,1443.04559000
2025-07-14 17:00:00,120268.88000000,120526.03000000,119769.40000000,119896.42000000,1173.36404000
2025-07-14 18:00:00,119896.42000000,120192.73000000,119632.00000000,119644.94000000,812.38191000
2025-07-14 19:00:00,119644.93000000,120103.31000000,119610.92000000,119939.41000000,698.45342000
2025-07-14 20:00:00,119939.42000000,120447.00000000,119522.72000000,120167.07000000,552.37318000
2025-07-14 21:00:00,120167.06000000,120244.50000000,119827.34000000,120034.98000000,290.33134000
2025-07-14 22:00:00,120034.97000000,120300.00000000,119924.00000000,120057.01000000,297.55117000
2025-07-14 23:00:00,120057.01000000,120057.01000000,119766.05000000,119841.18000000,274.46733000
2025-07-15 00:00:00,119841.17000000,119940.83000000,119110.00000000,119497.92000000,646.74195000
2025-07-15 01:00:00,119497.93000000,119537.22000000,118352.09000000,118431.71000000,1780.21194000
2025-07-15 02:00:00,118431.71000000,118855.56000000,117827.46000000,118251.05000000,1830.73981000
2025-07-15 03:00:00,118251.04000000,118251.04000000,116840.01000000,117148.47000000,2365.70802000
2025-07-15 04:00:00,117148.46000000,117511.33000000,116250.00000000,117480.48000000,1853.98992000
2025-07-15 05:00:00,117480.48000000,117765.40000000,116962.97000000,117335.12000000,1161.25519000
2025-07-15 06:00:00,117335.12000000,117335.12000000,116766.00000000,117070.54000000,1050.33694000
2025-07-15 07:00:00,117070.54000000,117270.86000000,116400.00000000,116779.12000000,1413.22370000
2025-07-15 08:00:00,116779.13000000,116862.02000000,116300.00000000,116777.47000000,1086.30795000
2025-07-15 09:00:00,116777.47000000,117224.08000000,116711.67000000,116779.99000000,920.92254000
2025-07-15 10:00:00,116780.00000000,117198.21000000,116744.48000000,117016.48000000,853.89059000
2025-07-15 11:00:00,117016.49000000,117161.52000000,116338.30000000,117113.98000000,751.22184000
2025-07-15 12:00:00,117113.98000000,117466.52000000,116417.00000000,117204.18000000,1464.86775000
2025-07-15 13:00:00,117204.18000000,118490.71000000,117157.25000000,118088.13000000,2210.06348000
2025-07-15 14:00:00,118088.13000000,118458.31000000,115736.92000000,116008.19000000,2687.57274000
2025-07-15 15:00:00,116008.20000000,116750.00000000,115800.00000000,116391.43000000,2299.77308000
2025-07-15 16:00:00,116391.43000000,117800.60000000,116362.97000000,117188.01000000,1624.68167000
2025-07-15 17:00:00,117188.00000000,117538.46000000,117140.00000000,117372.99000000,995.72856000
2025-07-15 18:00:00,117373.00000000,117380.00000000,116019.05000000,116719.55000000,1721.15939000
2025-07-15 19:00:00,116719.55000000,117204.50000000,116282.38000000,116416.07000000,1053.82399000
2025-07-15 20:00:00,116416.07000000,116725.02000000,116192.27000000,116419.02000000,604.23115000
2025-07-15 21:00:00,116419.01000000,117600.00000000,116350.00000000,117553.92000000,613.20681000
2025-07-15 22:00:00,117553.91000000,117868.52000000,117263.66000000,117827.74000000,634.19704000
2025-07-15 23:00:00,117827.74000000,117972.86000000,117500.00000000,117758.09000000,394.60478000
2025-07-16 00:00:00,117758.08000000,118178.00000000,117425.27000000,118112.89000000,622.87077000
2025-07-16 01:00:00,118112.90000000,118195.00000000,117582.12000000,117724.29000000,470.76557000
2025-07-16 02:00:00,117724.29000000,117752.87000000,117017.29000000,117317.27000000,578.37446000
2025-07-16 03:00:00,117317.27000000,117519.49000000,117211.25000000,117482.67000000,388.69782000
2025-07-16 04:00:00,117482.67000000,117700.70000000,117275.63000000,117600.92000000,335.01607000
2025-07-16 05:00:00,117600.92000000,118000.00000000,117600.92000000,117869.82000000,479.80660000
2025-07-16 06:00:00,117869.82000000,118285.15000000,117760.00000000,118276.30000000,372.39644000
2025-07-16 07:00:00,118276.30000000,118300.00000000,118046.19000000,118189.25000000,466.50951000
2025-07-16 08:00:00,118189.24000000,118794.64000000,118113.82000000,118699.99000000,858.41533000
2025-07-16 09:00:00,118700.00000000,119200.00000000,118693.71000000,119193.37000000,766.24927000
2025-07-16 10:00:00,119193.38000000,119310.75000000,118734.53000000,118736.25000000,614.40925000
2025-07-16 11:00:00,118736.24000000,118912.36000000,118650.00000000,118769.06000000,419.29991000
2025-07-16 12:00:00,118769.06000000,119082.94000000,118580.36000000,118613.43000000,550.40761000
2025-07-16 13:00:00,118613.43000000,118920.00000000,118181.14000000,118700.01000000,927.75357000
2025-07-16 14:00:00,118700.02000000,119260.00000000,118200.00000000,119056.80000000,1139.36599000
2025-07-16 15:00:00,119056.81000000,119794.80000000,118328.48000000,119095.76000000,2233.63925000
2025-07-16 16:00:00,119095.76000000,119338.12000000,118471.38000000,119291.91000000,671.30250000
2025-07-16 17:00:00,119291.91000000,119700.00000000,118963.96000000,119073.35000000,654.94744000
2025-07-16 18:00:00,119073.35000000,119904.13000000,118880.27000000,119512.20000000,731.25594000
2025-07-16 19:00:00,119512.20000000,119668.72000000,118822.72000000,119230.16000000,819.82836000
2025-07-16 20:00:00,119230.16000000,119933.89000000,118943.91000000,119921.96000000,606.44397000
2025-07-16 21:00:00,119921.97000000,120063.84000000,119200.00000000,119297.64000000,1094.26323000
2025-07-16 22:00:00,119297.64000000,119500.00000000,118592.22000000,118639.34000000,893.96530000
2025-07-16 23:00:00,118639.34000000,118823.50000000,118420.00000000,118630.43000000,343.92435000
2025-07-17 00:00:00,118630.44000000,119158.28000000,118620.83000000,118894.33000000,319.33644000
2025-07-17 01:00:00,118894.33000000,119082.88000000,117683.53000000,118149.70000000,854.33514000
2025-07-17 02:00:00,118149.71000000,118523.25000000,118017.06000000,118330.57000000,607.84399000
2025-07-17 03:00:00,118330.58000000,118356.32000000,117761.11000000,118128.80000000,452.54646000
2025-07-17 04:00:00,118128.80000000,118485.40000000,117959.33000000,118485.40000000,389.33546000
2025-07-17 05:00:00,118485.39000000,118643.59000000,118225.54000000,118587.03000000,364.79579000
2025-07-17 06:00:00,118587.03000000,118772.00000000,118341.55000000,118452.51000000,592.92659000
2025-07-17 07:00:00,118452.51000000,118556.45000000,117857.03000000,118311.75000000,733.57599000
2025-07-17 08:00:00,118311.75000000,118424.28000000,118082.99000000,118330.93000000,416.84953000
2025-07-17 09:00:00,118330.93000000,119192.00000000,118242.26000000,118769.34000000,734.00895000
2025-07-17 10:00:00,118769.34000000,118869.73000000,118241.24000000,118340.01000000,402.69694000
2025-07-17 11:00:00,118340.00000000,118398.82000000,117974.99000000,117995.00000000,488.32774000
2025-07-17 12:00:00,117995.00000000,118183.74000000,117453.57000000,117867.08000000,1041.93489000
2025-07-17 13:00:00,117867.08000000,118446.19000000,117520.60000000,118281.99000000,846.07215000
2025-07-17 14:00:00,118281.99000000,118834.20000000,118141.47000000,118770.94000000,695.28925000
2025-07-17 15:00:00,118770.94000000,119073.46000000,118334.34000000,118881.99000000,592.49854000
2025-07-17 16:00:00,118881.99000000,118954.66000000,118333.60000000,118558.61000000,550.68619000
2025-07-17 17:00:00,118558.61000000,119328.89000000,118500.00000000,119261.50000000,555.62392000
2025-07-17 18:00:00,119261.51000000,119780.67000000,119211.94000000,119580.00000000,689.15184000
2025-07-17 19:00:00,119580.00000000,119880.13000000,118821.06000000,118959.66000000,638.47850000
2025-07-17 20:00:00,118959.66000000,119436.87000000,118383.97000000,119436.86000000,583.39954000
2025-07-17 21:00:00,119436.86000000,120998.71000000,119431.93000000,120272.19000000,1869.79350000
2025-07-17 22:00:00,120272.19000000,120693.35000000,119485.71000000,119766.71000000,695.69871000
2025-07-17 23:00:00,119766.70000000,119879.35000000,119170.52000000,119177.56000000,613.37046000
2025-07-18 00:00:00,119177.56000000,119786.52000000,119020.48000000,119739.06000000,492.21525000
2025-07-18 01:00:00,119739.06000000,120785.49000000,119644.21000000,120336.88000000,1117.34665000
2025-07-18 02:00:00,120336.88000000,120399.04000000,119869.97000000,120096.43000000,585.26308000
2025-07-18 03:00:00,120096.42000000,120478.83000000,119949.28000000,120223.09000000,478.04437000
2025-07-18 04:00:00,120223.08000000,120486.29000000,119750.00000000,120403.40000000,535.70911000
2025-07-18 05:00:00,120403.40000000,120635.97000000,120210.02000000,120589.95000000,806.90934000
2025-07-18 06:00:00,120589.94000000,120820.71000000,120075.04000000,120251.00000000,876.24559000
2025-07-18 07:00:00,120251.00000000,120386.27000000,119287.72000000,119339.51000000,1430.31530000
2025-07-18 08:00:00,119339.51000000,119469.21000000,118395.00000000,118642.01000000,1456.19404000
2025-07-18 09:00:00,118642.02000000,118974.99000000,118442.84000000,118875.01000000,960.39557000
2025-07-18 10:00:00,118875.01000000,119259.98000000,118502.70000000,119250.72000000,893.61085000
2025-07-18 11:00:00,119250.72000000,119281.93000000,118772.40000000,119171.34000000,504.29437000
2025-07-18 12:00:00,119171.35000000,119531.48000000,119145.84000000,119442.44000000,580.75482000
2025-07-18 13:00:00,119442.43000000,119442.44000000,118500.00000000,118773.38000000,1270.18453000
2025-07-18 14:00:00,118773.38000000,119242.63000000,117315.69000000,118139.99000000,2133.86458000
2025-07-18 15:00:00,118139.99000000,118265.96000000,117480.00000000,117860.25000000,1035.97451000
2025-07-18 16:00:00,117860.24000000,118054.92000000,117479.92000000,117553.42000000,743.90949000
2025-07-18 17:00:00,117553.41000000,117996.49000000,117377.00000000,117600.01000000,466.84347000
2025-07-18 18:00:00,117600.01000000,117723.11000000,117235.00000000,117310.72000000,633.76775000
2025-07-18 19:00:00,117310.72000000,117874.00000000,117120.53000000,117374.76000000,720.06492000
2025-07-18 20:00:00,117374.75000000,117539.51000000,116812.76000000,117405.00000000,971.31857000
2025-07-18 21:00:00,117404.99000000,117879.90000000,117368.01000000,117676.82000000,398.26546000
2025-07-18 22:00:00,117676.81000000,117962.09000000,117402.25000000,117683.71000000,397.45770000
2025-07-18 23:00:00,117683.71000000,118021.62000000,117455.94000000,117924.84000000,435.71334000
2025-07-19 00:00:00,117924.84000000,118028.86000000,117714.85000000,117739.70000000,314.90140000
2025-07-19 01:00:00,117739.70000000,118109.95000000,117613.35000000,118036.73000000,286.45760000
2025-07-19 02:00:00,118036.74000000,118297.72000000,117935.00000000,118201.03000000,339.10664000
2025-07-19 03:00:00,118201.04000000,118371.42000000,118123.60000000,118322.54000000,382.53888000
2025-07-19 04:00:00,118322.53000000,118364.00000000,118096.89000000,118134.83000000,245.36594000
2025-07-19 05:00:00,118134.83000000,118289.43000000,118044.19000000,118205.98000000,257.94833000
2025-07-19 06:00:00,118205.98000000,118261.70000000,118065.80000000,118164.42000000,162.98805000
2025-07-19 07:00:00,118164.42000000,118326.80000000,118156.32000000,118163.06000000,162.42311000
2025-07-19 08:00:00,118163.07000000,118265.95000000,117943.25000000,118101.82000000,259.81389000
2025-07-19 09:00:00,118101.83000000,118328.00000000,118069.22000000,118244.30000000,201.68294000
2025-07-19 10:00:00,118244.30000000,118479.34000000,118180.36000000,118440.38000000,392.75678000
2025-07-19 11:00:00,118440.39000000,118499.90000000,118166.39000000,118327.06000000,269.17371000
2025-07-19 12:00:00,118327.05000000,118327.06000000,118099.46000000,118242.04000000,323.90381000
2025-07-19 13:00:00,118242.04000000,118317.42000000,118086.00000000,118188.14000000,280.81512000
2025-07-19 14:00:00,118188.15000000,118229.80000000,117627.71000000,117668.14000000,707.82970000
2025-07-19 15:00:00,117668.14000000,118240.01000000,117661.04000000,118058.11000000,344.11867000
2025-07-19 16:00:00,118058.10000000,118161.51000000,117850.00000000,117973.99000000,202.06426000
2025-07-19 17:00:00,117974.00000000,117984.68000000,117741.93000000,117808.17000000,192.03328000
2025-07-19 18:00:00,117808.17000000,118028.00000000,117761.58000000,117859.10000000,127.41782000
2025-07-19 19:00:00,117859.10000000,118141.00000000,117605.26000000,118007.88000000,258.76097000
2025-07-19 20:00:00,118007.88000000,118141.00000000,117708.55000000,117720.01000000,212.75326000
2025-07-19 21:00:00,117720.00000000,117836.56000000,117277.34000000,117705.82000000,417.75569000
2025-07-19 22:00:00,117705.81000000,117850.14000000,117529.44000000,117792.98000000,169.57842000
2025-07-19 23:00:00,117792.98000000,117935.76000000,117738.63000000,117840.00000000,123.61479000
2025-07-20 00:00:00,117840.01000000,117996.49000000,117650.00000000,117942.31000000,137.64118000
2025-07-20 01:00:00,117942.31000000,118131.20000000,117900.72000000,117941.25000000,244.57890000
2025-07-20 02:00:00,117941.25000000,118006.37000000,117766.42000000,117970.49000000,319.10411000
2025-07-20 03:00:00,117970.50000000,118165.38000000,117706.90000000,117958.01000000,514.71198000
2025-07-20 04:00:00,117958.00000000,118127.39000000,117900.00000000,117949.98000000,209.68915000
2025-07-20 05:00:00,117949.99000000,117976.36000000,117800.00000000,117846.91000000,262.71011000
2025-07-20 06:00:00,117846.92000000,117884.29000000,117760.67000000,117824.48000000,128.67886000
2025-07-20 07:00:00,117824.49000000,118218.00000000,117824.48000000,118029.49000000,339.64911000
2025-07-20 08:00:00,118029.49000000,118255.14000000,118000.00000000,118151.14000000,659.27230000
2025-07-20 09:00:00,118151.15000000,118277.17000000,117886.51000000,117913.11000000,427.04081000
2025-07-20 10:00:00,117913.12000000,117993.86000000,117876.42000000,117888.21000000,342.66508000
2025-07-20 11:00:00,117888.21000000,118081.66000000,117819.88000000,117878.46000000,371.30411000
2025-07-20 12:00:00,117878.46000000,118169.36000000,117723.23000000,118085.43000000,1364.32398000
2025-07-20 13:00:00,118085.43000000,118422.57000000,118085.42000000,118417.35000000,635.77922000
2025-07-20 14:00:00,118417.35000000,118799.80000000,118277.77000000,118468.41000000,858.70947000
2025-07-20 15:00:00,118468.41000000,118775.85000000,118347.38000000,118671.11000000,421.29202000
2025-07-20 16:00:00,118671.12000000,118856.80000000,118465.00000000,118557.78000000,586.79687000
2025-07-20 17:00:00,118557.77000000,118557.78000000,117960.00000000,118018.69000000,611.15760000
2025-07-20 18:00:00,118018.70000000,118448.20000000,118018.70000000,118361.79000000,651.93273000
2025-07-20 19:00:00,118361.80000000,118563.93000000,118155.00000000,118155.01000000,269.24086000
2025-07-20 20:00:00,118155.00000000,118263.00000000,117852.72000000,118087.67000000,459.44638000
2025-07-20 21:00:00,118087.67000000,118153.88000000,117830.20000000,117997.88000000,339.24007000
2025-07-20 22:00:00,117997.87000000,118040.00000000,116467.02000000,117479.93000000,2198.48268000
2025-07-20 23:00:00,117479.92000000,117556.93000000,116955.94000000,117265.12000000,609.48131000
2025-07-21 00:00:00,117265.11000000,117352.06000000,116515.00000000,117352.06000000,857.45207000
2025-07-21 01:00:00,117352.05000000,117441.62000000,116775.95000000,117305.86000000,496.20828000
2025-07-21 02:00:00,117305.86000000,118183.93000000,117305.86000000,118183.92000000,687.53225000
2025-07-21 03:00:00,118183.92000000,118614.70000000,118131.75000000,118404.00000000,753.42903000
2025-07-21 04:00:00,118404.01000000,118634.57000000,118282.25000000,118331.61000000,405.68153000
2025-07-21 05:00:00,118331.62000000,118430.24000000,118188.95000000,118430.22000000,471.56768000
2025-07-21 06:00:00,118430.22000000,119241.57000000,118290.24000000,119169.25000000,1099.23474000
2025-07-21 07:00:00,119169.26000000,119676.73000000,119162.62000000,119362.67000000,807.18244000
2025-07-21 08:00:00,119364.18000000,119500.00000000,118854.90000000,119016.83000000,700.59303000
2025-07-21 09:00:00,119016.84000000,119086.05000000,118527.12000000,118690.05000000,373.46118000
2025-07-21 10:00:00,118690.05000000,118820.00000000,118344.00000000,118578.14000000,677.30519000
2025-07-21 11:00:00,118578.14000000,118798.20000000,118070.16000000,118070.17000000,760.53044000
2025-07-21 12:00:00,118070.17000000,118590.00000000,117778.70000000,118172.82000000,742.54800000
2025-07-21 13:00:00,118172.82000000,119100.00000000,117888.25000000,118834.00000000,1080.14384000
2025-07-21 14:00:00,118834.00000000,119233.71000000,118432.00000000,118828.99000000,1012.98942000
2025-07-21 15:00:00,118828.99000000,119119.59000000,118270.00000000,118313.16000000,669.70168000
2025-07-21 16:00:00,118313.16000000,118399.10000000,117500.00000000,117738.44000000,1307.79158000
2025-07-21 17:00:00,117738.44000000,118093.13000000,117321.84000000,117847.82000000,692.69059000
2025-07-21 18:00:00,117847.83000000,118213.24000000,117100.00000000,117162.28000000,666.85458000
2025-07-21 19:00:00,117162.28000000,117521.01000000,116666.00000000,116767.67000000,1149.65254000
2025-07-21 20:00:00,116767.67000000,117252.00000000,116656.88000000,116939.40000000,697.73214000
2025-07-21 21:00:00,116939.40000000,117371.99000000,116879.10000000,117215.25000000,403.94845000
2025-07-21 22:00:00,117215.25000000,117633.66000000,117117.85000000,117348.96000000,307.79739000
2025-07-21 23:00:00,117348.97000000,117508.25000000,117107.03000000,117380.36000000,285.30321000
2025-07-22 00:00:00,117380.36000000,117524.07000000,117012.29000000,117123.69000000,512.76880000
2025-07-22 01:00:00,117123.68000000,117950.00000000,116128.00000000,117750.01000000,1747.33705000
2025-07-22 02:00:00,117750.01000000,117800.00000000,116969.67000000,117027.81000000,641.70987000
2025-07-22 03:00:00,117027.81000000,117271.32000000,116683.93000000,117210.00000000,805.64841000
2025-07-22 04:00:00,117210.00000000,117357.21000000,116555.00000000,116555.01000000,1108.40285000
2025-07-22 05:00:00,116555.01000000,117346.17000000,116552.18000000,117329.27000000,706.31250000
2025-07-22 06:00:00,117329.28000000,117847.77000000,117275.47000000,117847.26000000,782.21261000
2025-07-22 07:00:00,117847.26000000,118594.55000000,117780.00000000,117983.68000000,1682.91379000
2025-07-22 08:00:00,117983.69000000,118345.00000000,117488.19000000,118289.99000000,931.64911000
2025-07-22 09:00:00,118290.00000000,118656.00000000,117873.42000000,118399.09000000,867.84135000
2025-07-22 10:00:00,118399.09000000,118956.00000000,118302.01000000,118955.99000000,608.10463000
2025-07-22 11:00:00,118955.99000000,119188.30000000,118784.00000000,119154.99000000,969.19626000
2025-07-22 12:00:00,119154.99000000,119419.74000000,119037.02000000,119293.70000000,896.31634000
2025-07-22 13:00:00,119293.70000000,119573.53000000,118034.63000000,118147.82000000,1663.45612000
2025-07-22 14:00:00,118147.83000000,119140.14000000,117550.00000000,119060.00000000,1271.80822000
2025-07-22 15:00:00,119060.01000000,119177.53000000,118690.38000000,118912.04000000,765.65863000
2025-07-22 16:00:00,118912.04000000,119350.01000000,118626.35000000,118681.26000000,608.56660000
2025-07-22 17:00:00,118681.25000000,119213.00000000,118368.19000000,119199.39000000,444.47061000
2025-07-22 18:00:00,119199.39000000,120183.96000000,119044.06000000,119733.69000000,1310.27160000
2025-07-22 19:00:00,119733.70000000,119914.97000000,119097.60000000,119282.10000000,704.31973000
2025-07-22 20:00:00,119282.11000000,119901.88000000,119203.20000000,119703.28000000,539.53916000
2025-07-22 21:00:00,119703.29000000,119770.84000000,119400.00000000,119400.00000000,239.71174000
2025-07-22 22:00:00,119400.00000000,120035.29000000,119385.21000000,119844.23000000,608.63065000
2025-07-22 23:00:00,119844.23000000,120247.80000000,119835.56000000,119954.42000000,542.28310000
2025-07-23 00:00:00,119954.43000000,120090.00000000,119500.29000000,119546.56000000,373.25447000
2025-07-23 01:00:00,119546.56000000,119666.04000000,119379.63000000,119488.22000000,386.63831000
2025-07-23 02:00:00,119488.21000000,119531.29000000,118983.34000000,119090.73000000,754.14191000
2025-07-23 03:00:00,119090.73000000,119116.68000000,118532.96000000,118614.17000000,554.08458000
2025-07-23 04:00:00,118614.16000000,118996.01000000,118576.38000000,118996.00000000,301.65112000
2025-07-23 05:00:00,118996.01000000,119006.05000000,118615.97000000,118645.04000000,468.54694000
2025-07-23 06:00:00,118645.04000000,118717.12000000,118329.04000000,118417.99000000,401.51312000
2025-07-23 07:00:00,118417.99000000,118592.39000000,118288.20000000,118350.35000000,392.52237000
2025-07-23 08:00:00,118350.35000000,118552.00000000,118222.71000000,118423.21000000,415.94192000
2025-07-23 09:00:00,118423.21000000,118457.86000000,117910.66000000,118040.00000000,501.38076000
2025-07-23 10:00:00,118040.01000000,118379.74000000,117844.24000000,118372.12000000,510.46248000
2025-07-23 11:00:00,118372.13000000,118619.79000000,118160.00000000,118538.46000000,373.31825000
2025-07-23 12:00:00,118538.46000000,118655.00000000,117799.87000000,117980.70000000,730.54489000
2025-07-23 13:00:00,117980.69000000,118199.89000000,117330.00000000,117381.44000000,1612.84770000
2025-07-23 14:00:00,117381.44000000,118205.00000000,117301.00000000,118204.99000000,952.15862000
2025-07-23 15:00:00,118204.99000000,118708.24000000,117823.21000000,118567.39000000,741.63721000
2025-07-23 16:00:00,118567.39000000,118567.39000000,117561.23000000,117712.53000000,803.50351000
2025-07-23 17:00:00,117712.53000000,118136.46000000,117331.63000000,118131.99000000,856.62881000
2025-07-23 18:00:00,118131.99000000,118387.85000000,117998.90000000,118379.45000000,514.88794000
2025-07-23 19:00:00,118379.44000000,118466.69000000,118218.12000000,118393.64000000,476.80341000
2025-07-23 20:00:00,118393.64000000,118498.76000000,117559.91000000,117900.00000000,625.02001000
2025-07-23 21:00:00,117900.00000000,118181.36000000,117381.80000000,118181.36000000,644.91730000
2025-07-23 22:00:00,118181.75000000,118630.39000000,117937.47000000,118568.99000000,553.07391000
2025-07-23 23:00:00,118568.99000000,118756.00000000,118421.86000000,118755.99000000,613.27129000
2025-07-24 00:00:00,118756.00000000,119138.57000000,118571.17000000,119060.00000000,647.45883000
2025-07-24 01:00:00,119060.01000000,119100.00000000,118787.32000000,119094.40000000,299.18389000
2025-07-24 02:00:00,119094.40000000,119094.40000000,118808.44000000,118960.60000000,290.68089000
2025-07-24 03:00:00,118960.60000000,119273.36000000,118466.71000000,118488.92000000,640.95973000
2025-07-24 04:00:00,118488.92000000,118610.25000000,117830.00000000,117941.86000000,760.33077000
2025-07-24 05:00:00,117941.86000000,117953.72000000,117500.00000000,117604.55000000,902.71116000
2025-07-24 06:00:00,117604.54000000,117855.00000000,117380.03000000,117466.81000000,933.69554000
2025-07-24 07:00:00,117466.81000000,118473.62000000,117103.10000000,118416.21000000,1190.19498000
2025-07-24 08:00:00,118416.21000000,118811.09000000,118224.76000000,118775.28000000,827.24635000
2025-07-24 09:00:00,118775.29000000,118814.47000000,118300.53000000,118507.08000000,476.62912000
2025-07-24 10:00:00,118507.07000000,118648.53000000,117955.59000000,118373.99000000,531.25500000
2025-07-24 11:00:00,118374.00000000,118739.13000000,118297.56000000,118600.00000000,569.02762000
2025-07-24 12:00:00,118600.00000000,118728.33000000,118281.12000000,118531.42000000,776.17409000
2025-07-24 13:00:00,118531.43000000,118727.53000000,118220.00000000,118227.48000000,630.03049000
2025-07-24 14:00:00,118227.48000000,119109.74000000,117832.32000000,119057.11000000,1286.22387000
2025-07-24 15:00:00,119057.12000000,119450.00000000,118614.84000000,119092.65000000,1446.86371000
2025-07-24 16:00:00,119092.65000000,119190.41000000,118350.00000000,118529.97000000,870.59406000
2025-07-24 17:00:00,118529.97000000,119307.43000000,118481.70000000,119122.94000000,402.20867000
2025-07-24 18:00:00,119122.95000000,119395.81000000,118960.27000000,119044.29000000,426.58619000
2025-07-24 19:00:00,119044.29000000,119343.97000000,118900.02000000,118943.42000000,467.43770000
2025-07-24 20:00:00,118943.42000000,119010.64000000,118722.02000000,118722.02000000,271.81117000
2025-07-24 21:00:00,118722.03000000,118790.44000000,118487.20000000,118527.52000000,211.57104000
2025-07-24 22:00:00,118527.51000000,118626.09000000,118186.57000000,118280.01000000,387.73703000
2025-07-24 23:00:00,118280.00000000,118450.24000000,118166.94000000,118340.99000000,560.27853000
2025-07-25 00:00:00,118340.98000000,118451.57000000,117652.85000000,117664.56000000,992.03849000
2025-07-25 01:00:00,117664.55000000,117802.04000000,117231.00000000,117359.26000000,2379.32463000
2025-07-25 02:00:00,117359.27000000,117396.96000000,116353.66000000,116353.67000000,3274.41246000
2025-07-25 03:00:00,116353.67000000,116428.55000000,115330.86000000,115419.66000000,4481.42935000
2025-07-25 04:00:00,115419.65000000,116144.63000000,115115.00000000,116102.70000000,2028.74795000
2025-07-25 05:00:00,116102.71000000,116102.71000000,115263.54000000,115500.00000000,1990.02649000
2025-07-25 06:00:00,115500.00000000,115511.54000000,115200.00000000,115284.25000000,2030.76329000
2025-07-25 07:00:00,115284.25000000,115946.26000000,114723.16000000,115320.01000000,2785.71390000
2025-07-25 08:00:00,115320.01000000,115980.82000000,115008.85000000,115202.55000000,3646.45319000
2025-07-25 09:00:00,115202.55000000,116033.46000000,115020.59000000,116033.44000000,1501.26322000
2025-07-25 10:00:00,116033.44000000,116487.50000000,115990.09000000,116308.48000000,927.16868000
2025-07-25 11:00:00,116308.48000000,116782.13000000,116308.48000000,116543.58000000,1141.32627000
2025-07-25 12:00:00,116543.59000000,116656.99000000,115963.97000000,116105.96000000,1288.03796000
2025-07-25 13:00:00,116105.96000000,116600.00000000,115564.75000000,116216.27000000,1802.03130000
2025-07-25 14:00:00,116216.27000000,116286.87000000,114908.00000000,114960.01000000,2025.11480000
2025-07-25 15:00:00,114960.01000000,115846.39000000,114916.48000000,115727.08000000,1246.60929000
2025-07-25 16:00:00,115727.07000000,116214.88000000,115455.46000000,116185.32000000,941.06562000
2025-07-25 17:00:00,116185.31000000,116345.74000000,115871.80000000,116042.50000000,679.50606000
2025-07-25 18:00:00,116042.51000000,116568.73000000,116042.50000000,116491.53000000,629.25760000
2025-07-25 19:00:00,116491.53000000,116997.21000000,116405.70000000,116688.60000000,839.57954000
2025-07-25 20:00:00,116688.60000000,117306.00000000,116578.02000000,117040.01000000,737.65380000
2025-07-25 21:00:00,117040.01000000,117377.59000000,116956.00000000,117214.23000000,418.42958000
2025-07-25 22:00:00,117214.23000000,117343.89000000,117102.30000000,117279.97000000,248.88589000
2025-07-25 23:00:00,117279.97000000,117630.00000000,117186.83000000,117614.31000000,371.50937000
2025-07-26 00:00:00,117614.31000000,117614.32000000,117330.24000000,117496.00000000,388.41101000
2025-07-26 01:00:00,117496.00000000,117550.90000000,117138.38000000,117153.73000000,266.66811000
2025-07-26 02:00:00,117153.74000000,117750.00000000,117153.73000000,117469.00000000,391.82574000
2025-07-26 03:00:00,117469.01000000,117603.00000000,117462.64000000,117489.62000000,175.33791000
2025-07-26 04:00:00,117489.61000000,117547.92000000,117396.95000000,117496.81000000,182.72574000
2025-07-26 05:00:00,117496.80000000,117541.19000000,117419.83000000,117444.99000000,155.81148000
2025-07-26 06:00:00,117444.99000000,117458.00000000,117320.00000000,117350.71000000,213.86521000
2025-07-26 07:00:00,117350.71000000,117382.76000000,117304.46000000,117304.47000000,454.07762000
2025-07-26 08:00:00,117304.47000000,117615.12000000,117304.46000000,117557.14000000,259.96197000
2025-07-26 09:00:00,117557.14000000,117617.65000000,117458.00000000,117570.60000000,190.39173000
2025-07-26 10:00:00,117570.60000000,118217.45000000,117545.10000000,117971.93000000,749.16688000
2025-07-26 11:00:00,117971.94000000,118072.41000000,117776.10000000,117776.11000000,349.78900000
2025-07-26 12:00:00,117776.10000000,117990.00000000,117772.13000000,117914.17000000,171.77445000
2025-07-26 13:00:00,117914.16000000,118220.00000000,117855.15000000,118125.24000000,341.83674000
2025-07-26 14:00:00,118125.24000000,118210.85000000,117956.00000000,118064.99000000,355.21897000
2025-07-26 15:00:00,118064.99000000,118142.87000000,117818.20000000,118130.10000000,434.76718000
2025-07-26 16:00:00,118130.10000000,118188.97000000,118011.00000000,118081.18000000,351.27128000
2025-07-26 17:00:00,118081.19000000,118090.00000000,117990.00000000,118039.98000000,139.66952000
2025-07-26 18:00:00,118039.99000000,118099.99000000,117941.96000000,118095.15000000,195.55155000
2025-07-26 19:00:00,118095.16000000,118297.35000000,118040.00000000,118232.11000000,364.90102000
2025-07-26 20:00:00,118232.11000000,118232.12000000,117883.86000000,117956.32000000,249.16255000
2025-07-26 21:00:00,117956.32000000,118068.00000000,117888.20000000,118028.56000000,149.87446000
2025-07-26 22:00:00,118028.56000000,118276.66000000,117978.00000000,118007.02000000,289.29406000
2025-07-26 23:00:00,118007.03000000,118048.19000000,117890.00000000,117919.99000000,170.31788000
2025-07-27 00:00:00,117919.99000000,117961.89000000,117825.50000000,117952.00000000,131.17257000
2025-07-27 01:00:00,117951.99000000,118190.00000000,117920.00000000,118102.00000000,291.96170000
2025-07-27 02:00:00,118102.00000000,118358.18000000,118021.85000000,118309.99000000,398.69577000
2025-07-27 03:00:00,118309.99000000,118309.99000000,118080.92000000,118182.83000000,185.67692000
2025-07-27 04:00:00,118182.83000000,118272.43000000,118149.19000000,118215.10000000,180.57499000
2025-07-27 05:00:00,118215.09000000,118300.00000000,118160.84000000,118274.73000000,261.59962000
2025-07-27 06:00:00,118274.73000000,118438.83000000,118197.71000000,118263.40000000,218.37982000
2025-07-27 07:00:00,118263.40000000,118263.40000000,118066.74000000,118095.95000000,147.65770000
2025-07-27 08:00:00,118095.95000000,118129.75000000,117950.47000000,117950.47000000,201.29673000
2025-07-27 09:00:00,117950.47000000,117999.91000000,117859.98000000,117943.92000000,195.86439000
2025-07-27 10:00:00,117943.92000000,118292.86000000,117943.92000000,118184.92000000,257.64400000
2025-07-27 11:00:00,118184.92000000,118255.32000000,118050.00000000,118072.71000000,181.16448000
2025-07-27 12:00:00,118072.71000000,118111.34000000,117890.00000000,118097.39000000,298.94425000
2025-07-27 13:00:00,118097.39000000,118217.60000000,118085.87000000,118201.99000000,217.84311000
2025-07-27 14:00:00,118201.99000000,118499.00000000,118149.96000000,118422.16000000,467.70923000
2025-07-27 15:00:00,118422.16000000,118588.00000000,118236.84000000,118585.74000000,601.55506000
2025-07-27 16:00:00,118585.75000000,119540.01000000,118585.75000000,119090.45000000,2270.02899000
2025-07-27 17:00:00,119090.46000000,119334.88000000,118855.58000000,119196.69000000,652.20986000
2025-07-27 18:00:00,119196.68000000,119372.87000000,118942.90000000,119021.33000000,339.99317000
2025-07-27 19:00:00,119021.33000000,119073.91000000,118895.09000000,118960.00000000,156.14032000
2025-07-27 20:00:00,118960.01000000,119169.97000000,118713.74000000,118754.13000000,284.59066000
2025-07-27 21:00:00,118754.13000000,119270.15000000,118724.00000000,119265.76000000,238.52881000
2025-07-27 22:00:00,119265.75000000,119766.65000000,119228.56000000,119495.17000000,773.18425000
2025-07-27 23:00:00,119495.16000000,119528.47000000,119119.53000000,119415.55000000,375.89279000
2025-07-28 00:00:00,119415.56000000,119690.32000000,119126.09000000,119236.72000000,466.02933000
2025-07-28 01:00:00,119236.72000000,119480.00000000,118960.50000000,119037.77000000,475.77219000
2025-07-28 02:00:00,119037.77000000,119800.00000000,119021.11000000,119434.14000000,578.13763000
2025-07-28 03:00:00,119434.14000000,119521.03000000,119234.37000000,119287.99000000,304.59253000
2025-07-28 04:00:00,119287.99000000,119423.58000000,119128.46000000,119218.05000000,341.10705000
2025-07-28 05:00:00,119218.06000000,119701.07000000,119138.24000000,119526.13000000,787.56270000
2025-07-28 06:00:00,119526.13000000,119600.00000000,119440.00000000,119448.02000000,349.57844000
2025-07-28 07:00:00,119448.03000000,119448.03000000,118774.31000000,118900.00000000,881.81401000
2025-07-28 08:00:00,118900.01000000,119102.69000000,118777.98000000,119072.45000000,558.77409000
2025-07-28 09:00:00,119072.45000000,119072.45000000,118704.01000000,118930.87000000,367.39295000
2025-07-28 10:00:00,118930.88000000,118953.52000000,118620.22000000,118764.53000000,360.71138000
2025-07-28 11:00:00,118764.54000000,118873.78000000,118475.47000000,118827.49000000,773.30378000
2025-07-28 12:00:00,118827.49000000,119093.68000000,118783.85000000,118845.24000000,779.03242000
2025-07-28 13:00:00,118845.23000000,119085.79000000,118234.28000000,118434.78000000,1098.91827000
2025-07-28 14:00:00,118434.77000000,118685.02000000,117895.73000000,117985.93000000,1300.98009000
2025-07-28 15:00:00,117985.94000000,118500.00000000,117907.00000000,118174.90000000,613.67950000
2025-07-28 16:00:00,118174.89000000,118376.61000000,118003.55000000,118028.88000000,472.32021000
2025-07-28 17:00:00,118028.89000000,118112.24000000,117653.39000000,117667.86000000,789.85169000
2025-07-28 18:00:00,117667.86000000,117856.37000000,117427.50000000,117776.56000000,670.47028000
2025-07-28 19:00:00,117776.56000000,118244.46000000,117542.45000000,118068.73000000,642.91309000
2025-07-28 20:00:00,118068.73000000,118162.17000000,117500.09000000,118044.93000000,399.93343000
2025-07-28 21:00:00,118044.93000000,118350.01000000,117951.12000000,118106.90000000,334.38901000
2025-07-28 22:00:00,118106.89000000,118266.06000000,117762.51000000,117854.35000000,370.20373000
2025-07-28 23:00:00,117854.34000000,118172.37000000,117814.64000000,118062.32000000,244.27974000
2025-07-29 00:00:00,118062.32000000,118450.00000000,117539.68000000,117979.80000000,548.35859000
2025-07-29 01:00:00,117979.80000000,118247.62000000,117774.15000000,117774.16000000,264.65387000
2025-07-29 02:00:00,117774.15000000,118102.79000000,117450.00000000,118095.60000000,550.84159000
2025-07-29 03:00:00,118095.59000000,118800.00000000,118095.59000000,118764.85000000,879.02363000
2025-07-29 04:00:00,118764.85000000,118799.99000000,118416.66000000,118533.93000000,441.70806000
2025-07-29 05:00:00,118533.93000000,118852.00000000,118527.77000000,118800.00000000,475.07739000
2025-07-29 06:00:00,118799.99000000,119061.68000000,118731.74000000,118764.85000000,664.61050000
2025-07-29 07:00:00,118764.86000000,119273.36000000,118750.87000000,118882.37000000,998.59676000
2025-07-29 08:00:00,118882.37000000,119051.00000000,118764.86000000,118923.80000000,302.76278000
2025-07-29 09:00:00,118923.81000000,118985.00000000,118758.98000000,118784.79000000,385.26308000
2025-07-29 10:00:00,118784.80000000,118828.01000000,118300.00000000,118317.75000000,697.30138000
2025-07-29 11:00:00,118317.74000000,118592.39000000,118160.87000000,118592.38000000,577.62627000
2025-07-29 12:00:00,118592.38000000,119080.81000000,118450.00000000,118906.85000000,787.26429000
2025-07-29 13:00:00,118906.85000000,119029.54000000,118527.01000000,118621.27000000,657.45227000
2025-07-29 14:00:00,118621.27000000,118635.58000000,117701.00000000,117823.67000000,1328.29060000
2025-07-29 15:00:00,117823.66000000,117955.39000000,117272.00000000,117400.01000000,1400.94922000
2025-07-29 16:00:00,117400.02000000,117758.13000000,116950.75000000,117739.03000000,1125.15650000
2025-07-29 17:00:00,117739.03000000,118057.05000000,117629.99000000,117773.69000000,512.49259000
2025-07-29 18:00:00,117773.69000000,117824.59000000,117482.40000000,117606.72000000,260.60632000
2025-07-29 19:00:00,117606.74000000,118000.00000000,117420.00000000,117525.29000000,542.80793000
2025-07-29 20:00:00,117525.28000000,117871.39000000,117094.96000000,117514.28000000,823.80047000
2025-07-29 21:00:00,117514.49000000,117701.10000000,117190.83000000,117606.79000000,470.68677000
2025-07-29 22:00:00,117606.79000000,117860.00000000,117459.04000000,117848.03000000,239.80039000
2025-07-29 23:00:00,117848.03000000,118000.00000000,117729.80000000,117950.76000000,202.80320000
2025-07-30 00:00:00,117950.75000000,117995.98000000,117538.15000000,117744.77000000,246.31499000
2025-07-30 01:00:00,117744.78000000,118012.78000000,117412.53000000,117862.05000000,234.85179000
2025-07-30 02:00:00,117862.05000000,118119.00000000,117796.14000000,118024.11000000,330.69294000
2025-07-30 03:00:00,118024.10000000,118250.00000000,117905.61000000,118161.87000000,414.52534000
2025-07-30 04:00:00,118161.86000000,118275.18000000,117963.65000000,117993.52000000,266.35002000
2025-07-30 05:00:00,117993.52000000,118080.00000000,117667.33000000,117992.26000000,269.77024000
2025-07-30 06:00:00,117992.26000000,118326.56000000,117992.25000000,118287.31000000,396.72321000
2025-07-30 07:00:00,118287.31000000,118412.11000000,118118.00000000,118123.01000000,299.24616000
2025-07-30 08:00:00,118123.00000000,118481.81000000,117939.99000000,118372.73000000,466.68398000
2025-07-30 09:00:00,118372.73000000,118427.98000000,117985.98000000,118164.08000000,298.15038000
2025-07-30 10:00:00,118164.08000000,118471.69000000,117928.13000000,118020.18000000,816.03502000
2025-07-30 11:00:00,118020.17000000,118184.00000000,117358.84000000,117579.99000000,647.14857000
2025-07-30 12:00:00,117579.99000000,117909.01000000,117358.84000000,117739.02000000,676.38941000
2025-07-30 13:00:00,117739.02000000,117888.00000000,117415.62000000,117675.79000000,901.27996000
2025-07-30 14:00:00,117675.78000000,118728.15000000,117610.93000000,118714.35000000,1103.46809000
2025-07-30 15:00:00,118714.35000000,118792.00000000,117834.24000000,118000.01000000,1113.77866000
2025-07-30 16:00:00,118000.01000000,118021.88000000,117635.30000000,117734.80000000,710.50243000
2025-07-30 17:00:00,117734.80000000,117940.00000000,117650.00000000,117802.10000000,591.37855000
2025-07-30 18:00:00,117802.11000000,118037.18000000,116509.47000000,116523.14000000,1846.61677000
2025-07-30 19:00:00,116523.15000000,117123.80000000,115796.23000000,116916.73000000,2572.65277000
2025-07-30 20:00:00,116916.73000000,117325.94000000,116880.64000000,117175.71000000,515.76280000
2025-07-30 21:00:00,117175.72000000,117336.34000000,116955.64000000,117326.82000000,214.49198000
2025-07-30 22:00:00,117326.82000000,117497.17000000,117253.73000000,117486.49000000,316.24088000
2025-07-30 23:00:00,117486.48000000,117908.40000000,117460.00000000,117840.30000000,337.68137000
2025-07-31 00:00:00,117840.29000000,118542.39000000,117781.87000000,118415.80000000,800.06860000
2025-07-31 01:00:00,118415.80000000,118456.46000000,117992.71000000,118055.32000000,463.81141000
2025-07-31 02:00:00,118055.32000000,118520.32000000,117981.02000000,118447.52000000,585.37259000
2025-07-31 03:00:00,118447.52000000,118600.00000000,118385.00000000,118466.14000000,458.32072000
2025-07-31 04:00:00,118466.15000000,118550.00000000,118364.13000000,118511.53000000,359.32077000
2025-07-31 05:00:00,118511.52000000,118540.00000000,118331.63000000,118362.00000000,277.83295000
2025-07-31 06:00:00,118362.01000000,118725.59000000,118287.63000000,118691.78000000,552.35653000
2025-07-31 07:00:00,118691.79000000,118922.45000000,118604.22000000,118665.97000000,718.45709000
2025-07-31 08:00:00,118665.98000000,118770.07000000,118568.46000000,118593.94000000,310.28437000
2025-07-31 09:00:00,118593.95000000,118617.96000000,118467.65000000,118605.58000000,248.44101000
2025-07-31 10:00:00,118605.58000000,118719.42000000,118435.72000000,118505.02000000,285.13996000
2025-07-31 11:00:00,118505.02000000,118560.00000000,118278.91000000,118371.25000000,446.34097000
2025-07-31 12:00:00,118371.25000000,118645.10000000,118285.14000000,118626.18000000,435.85485000
2025-07-31 13:00:00,118626.19000000,118702.10000000,117807.35000000,118557.01000000,806.82751000
2025-07-31 14:00:00,118557.01000000,118660.17000000,117901.68000000,117913.18000000,1043.63162000
2025-07-31 15:00:00,117913.19000000,118351.00000000,117894.99000000,118306.18000000,1170.96697000
2025-07-31 16:00:00,118306.18000000,118879.14000000,118242.39000000,118538.53000000,876.32003000
2025-07-31 17:00:00,118538.53000000,118557.71000000,117702.42000000,117728.00000000,1032.83499000
2025-07-31 18:00:00,117728.00000000,117998.38000000,117400.00000000,117658.80000000,946.75341000
2025-07-31 19:00:00,117658.81000000,117762.05000000,116763.43000000,116785.79000000,1372.31175000
2025-07-31 20:00:00,116785.78000000,116990.04000000,116450.00000000,116514.00000000,975.87757000
2025-07-31 21:00:00,116514.00000000,116909.67000000,116228.77000000,116536.96000000,742.76679000
2025-07-31 22:00:00,116536.96000000,116536.97000000,116010.00000000,116010.60000000,834.08855000
2025-07-31 23:00:00,116010.60000000,116362.99000000,115500.00000000,115764.08000000,1266.02629000
2025-08-01 00:00:00,115764.07000000,115933.00000000,114313.13000000,115427.27000000,2526.88761000
2025-08-01 01:00:00,115427.27000000,115609.99000000,114600.00000000,115331.86000000,1656.04021000
2025-08-01 02:00:00,115328.67000000,116019.30000000,115221.07000000,115966.12000000,704.95562000
2025-08-01 03:00:00,115966.11000000,116052.00000000,115613.21000000,115648.03000000,552.44227000
2025-08-01 04:00:00,115648.03000000,115699.58000000,115266.64000000,115695.52000000,571.24791000
2025-08-01 05:00:00,115695.53000000,115916.43000000,115385.92000000,115568.00000000,511.19199000
2025-08-01 06:00:00,115568.00000000,115658.09000000,115065.55000000,115156.51000000,629.39718000
2025-08-01 07:00:00,115156.52000000,115300.00000000,114633.18000000,115081.77000000,1240.67026000
2025-08-01 08:00:00,115081.76000000,115081.76000000,114116.00000000,114615.99000000,1432.56065000
2025-08-01 09:00:00,114615.98000000,115340.00000000,114555.41000000,114938.67000000,848.20925000
2025-08-01 10:00:00,114938.66000000,115203.13000000,114710.02000000,114762.58000000,563.08800000
2025-08-01 11:00:00,114762.58000000,115336.98000000,114602.40000000,115305.65000000,494.67127000
2025-08-01 12:00:00,115305.64000000,115900.00000000,115142.62000000,115732.48000000,1062.63539000
2025-08-01 13:00:00,115732.48000000,116019.30000000,114172.00000000,114352.05000000,1584.07705000
2025-08-01 14:00:00,114352.04000000,115831.28000000,113988.47000000,115619.80000000,1808.99000000
2025-08-01 15:00:00,115619.80000000,115645.57000000,114676.03000000,115357.82000000,870.26042000
2025-08-01 16:00:00,115357.82000000,115695.52000000,114817.81000000,115015.60000000,703.92463000
2025-08-01 17:00:00,115015.60000000,115096.93000000,114345.00000000,114420.00000000,956.24887000
2025-08-01 18:00:00,114420.00000000,114496.59000000,113669.01000000,113836.93000000,1180.88823000
2025-08-01 19:00:00,113836.92000000,113922.47000000,113221.93000000,113328.68000000,1294.41329000
2025-08-01 20:00:00,113328.67000000,113980.00000000,113168.22000000,113951.09000000,957.20378000
2025-08-01 21:00:00,113951.10000000,114094.08000000,113700.00000000,113892.12000000,429.29775000
2025-08-01 22:00:00,113892.11000000,114010.82000000,112722.58000000,113141.05000000,1368.89305000
2025-08-01 23:00:00,113141.05000000,113560.46000000,112908.54000000,113297.93000000,538.90738000
2025-08-02 00:00:00,113297.92000000,113844.16000000,113198.63000000,113822.97000000,564.28406000
2025-08-02 01:00:00,113822.97000000,113909.30000000,113420.76000000,113674.24000000,353.21281000
2025-08-02 02:00:00,113674.23000000,113766.43000000,113534.30000000,113702.24000000,231.27114000
2025-08-02 03:00:00,113702.24000000,113921.94000000,113702.24000000,113909.86000000,274.20460000
2025-08-02 04:00:00,113909.87000000,114057.27000000,113820.00000000,114025.75000000,276.30204000
2025-08-02 05:00:00,114025.76000000,114063.49000000,113855.01000000,113981.06000000,316.01705000
2025-08-02 06:00:00,113981.07000000,113981.07000000,113469.43000000,113697.85000000,738.65234000
2025-08-02 07:00:00,113697.85000000,114021.00000000,113556.19000000,113982.49000000,343.41858000
2025-08-02 08:00:00,113982.49000000,114040.29000000,113676.81000000,113682.01000000,340.52067000
2025-08-02 09:00:00,113682.01000000,113852.00000000,113572.19000000,113690.70000000,257.96721000
2025-08-02 10:00:00,113690.71000000,113704.00000000,113425.58000000,113550.89000000,298.16298000
2025-08-02 11:00:00,113550.89000000,113914.25000000,113451.77000000,113787.12000000,238.71141000
2025-08-02 12:00:00,113787.11000000,113787.12000000,113564.99000000,113620.01000000,343.54746000
2025-08-02 13:00:00,113620.01000000,113630.00000000,113218.00000000,113457.85000000,451.43917000
2025-08-02 14:00:00,113457.86000000,113530.00000000,112939.39000000,113099.89000000,592.68220000
2025-08-02 15:00:00,113099.90000000,113420.00000000,112802.31000000,112840.71000000,535.05988000
2025-08-02 16:00:00,112840.70000000,113261.16000000,112700.07000000,113200.25000000,635.18022000
2025-08-02 17:00:00,113200.25000000,113420.00000000,112584.23000000,112724.03000000,549.02438000
2025-08-02 18:00:00,112724.04000000,112920.00000000,112099.22000000,112327.65000000,1222.82947000
2025-08-02 19:00:00,112327.65000000,112945.62000000,112003.00000000,112229.42000000,1007.67252000
2025-08-02 20:00:00,112229.42000000,112780.00000000,112069.86000000,112780.00000000,524.00327000
2025-08-02 21:00:00,112780.00000000,113058.82000000,112562.02000000,112859.32000000,390.78856000
2025-08-02 22:00:00,112859.32000000,113011.63000000,112555.00000000,112862.14000000,295.91620000
2025-08-02 23:00:00,112862.14000000,112873.83000000,112280.86000000,112546.35000000,726.46606000
2025-08-03 00:00:00,112546.35000000,112992.27000000,111920.00000000,112956.04000000,821.53565000
2025-08-03 01:00:00,112956.04000000,113269.92000000,112841.46000000,113107.99000000,481.50444000
2025-08-03 02:00:00,113107.99000000,113517.58000000,113100.00000000,113517.58000000,450.43769000
2025-08-03 03:00:00,113517.58000000,113740.69000000,113419.45000000,113604.20000000,353.06632000
2025-08-03 04:00:00,113604.20000000,113604.20000000,113341.06000000,113468.41000000,237.62179000
2025-08-03 05:00:00,113468.41000000,113659.00000000,113408.22000000,113618.52000000,203.79543000
2025-08-03 06:00:00,113618.52000000,113636.50000000,113472.54000000,113559.34000000,147.54012000
2025-08-03 07:00:00,113559.34000000,113720.16000000,113559.34000000,113700.00000000,175.31963000
2025-08-03 08:00:00,113700.00000000,113790.00000000,113551.00000000,113692.00000000,282.38474000
2025-08-03 09:00:00,113692.01000000,113710.51000000,113630.30000000,113654.95000000,234.09945000
2025-08-03 10:00:00,113654.95000000,113900.00000000,113654.94000000,113899.99000000,181.60816000
2025-08-03 11:00:00,113899.99000000,114260.31000000,113861.18000000,113862.18000000,562.11642000
2025-08-03 12:00:00,113862.19000000,114098.45000000,113656.40000000,114009.99000000,337.34488000
2025-08-03 13:00:00,114010.00000000,114095.35000000,113803.00000000,113939.00000000,257.53926000
2025-08-03 14:00:00,113939.00000000,114065.54000000,113579.69000000,113792.28000000,320.16676000
2025-08-03 15:00:00,113792.29000000,113966.00000000,113674.05000000,113959.06000000,216.51596000
2025-08-03 16:00:00,113959.06000000,114026.82000000,113775.55000000,113995.16000000,246.66079000
2025-08-03 17:00:00,113995.15000000,114165.09000000,113953.97000000,114117.42000000,198.95641000
2025-08-03 18:00:00,114117.42000000,114460.15000000,114060.36000000,114380.40000000,361.64858000
2025-08-03 19:00:00,114380.41000000,114799.97000000,114259.95000000,114313.19000000,447.69931000
2025-08-03 20:00:00,114313.19000000,114467.00000000,114163.49000000,114423.77000000,200.81959000
2025-08-03 21:00:00,114423.77000000,114521.68000000,114363.46000000,114435.47000000,223.44858000
2025-08-03 22:00:00,114435.46000000,114612.24000000,114066.56000000,114324.83000000,237.81327000
2025-08-03 23:00:00,114324.84000000,114500.00000000,114176.00000000,114208.80000000,218.11723000
2025-08-04 00:00:00,114208.81000000,114914.29000000,114107.60000000,114899.87000000,508.31725000
2025-08-04 01:00:00,114899.86000000,115000.00000000,114620.14000000,114671.96000000,423.44241000
2025-08-04 02:00:00,114671.96000000,114877.98000000,114418.68000000,114797.90000000,351.22547000
2025-08-04 03:00:00,114797.90000000,114799.00000000,114527.73000000,114570.61000000,242.02073000
2025-08-04 04:00:00,114570.61000000,114653.51000000,114345.74000000,114383.55000000,269.38623000
2025-08-04 05:00:00,114383.54000000,114418.75000000,114188.00000000,114391.26000000,265.57526000
2025-08-04 06:00:00,114391.26000000,114482.49000000,114148.58000000,114423.76000000,331.16254000
2025-08-04 07:00:00,114423.77000000,114778.50000000,114402.45000000,114652.97000000,355.14904000
2025-08-04 08:00:00,114652.98000000,114750.00000000,114360.99000000,114546.25000000,411.15429000
2025-08-04 09:00:00,114546.25000000,114744.20000000,114302.29000000,114325.92000000,278.67574000
2025-08-04 10:00:00,114325.92000000,114506.16000000,114234.58000000,114251.83000000,264.56078000
2025-08-04 11:00:00,114251.83000000,114517.55000000,114217.97000000,114493.09000000,234.25413000
2025-08-04 12:00:00,114493.09000000,114535.48000000,114327.95000000,114444.36000000,221.84590000
2025-08-04 13:00:00,114444.36000000,114913.89000000,114121.00000000,114913.88000000,839.66562000
2025-08-04 14:00:00,114913.89000000,115466.00000000,114652.96000000,114736.78000000,1386.32387000
2025-08-04 15:00:00,114736.78000000,115022.97000000,114560.33000000,114826.00000000,437.62587000
2025-08-04 16:00:00,114826.01000000,115405.22000000,114826.00000000,115301.00000000,612.68493000
2025-08-04 17:00:00,115301.00000000,115720.00000000,115148.08000000,115193.41000000,546.48208000
2025-08-04 18:00:00,115193.41000000,115312.76000000,114913.88000000,114957.64000000,298.66935000
2025-08-04 19:00:00,114957.63000000,115134.46000000,114732.65000000,114777.62000000,385.27982000
2025-08-04 20:00:00,114777.62000000,115076.34000000,114616.33000000,114811.96000000,363.41688000
2025-08-04 21:00:00,114811.95000000,115258.62000000,114810.75000000,115111.09000000,229.85173000
2025-08-04 22:00:00,115111.09000000,115325.88000000,115086.72000000,115325.88000000,225.85251000
2025-08-04 23:00:00,115325.88000000,115340.00000000,115046.67000000,115055.03000000,185.05673000
2025-08-05 00:00:00,115055.03000000,115127.81000000,114840.00000000,114886.96000000,347.41151000
2025-08-05 01:00:00,114886.97000000,115046.68000000,114695.18000000,114708.11000000,309.55292000
2025-08-05 02:00:00,114708.11000000,114827.79000000,114614.94000000,114719.27000000,238.27103000
2025-08-05 03:00:00,114719.27000000,114737.82000000,114256.85000000,114256.85000000,503.68849000
2025-08-05 04:00:00,114256.85000000,114426.65000000,114149.95000000,114338.06000000,577.56577000
2025-08-05 05:00:00,114338.07000000,114487.25000000,114239.87000000,114405.99000000,337.63342000
2025-08-05 06:00:00,114406.00000000,114500.66000000,114105.71000000,114178.63000000,389.84213000
2025-08-05 07:00:00,114178.64000000,114395.30000000,113725.72000000,113969.70000000,820.50191000
2025-08-05 08:00:00,113969.70000000,114540.00000000,113928.87000000,114281.09000000,460.31877000
2025-08-05 09:00:00,114281.09000000,114792.72000000,114281.08000000,114694.76000000,482.30599000
2025-08-05 10:00:00,114694.76000000,115096.73000000,114586.73000000,114841.27000000,438.67573000
2025-08-05 11:00:00,114841.28000000,114972.00000000,114750.00000000,114827.07000000,212.26183000
2025-08-05 12:00:00,114827.07000000,114893.13000000,113500.01000000,113937.35000000,935.92869000
2025-08-05 13:00:00,113937.35000000,114573.17000000,113868.00000000,114381.43000000,634.93972000
2025-08-05 14:00:00,114380.75000000,114386.37000000,112650.00000000,113037.12000000,2125.43779000
2025-08-05 15:00:00,113037.12000000,113249.11000000,112692.30000000,112934.00000000,894.16220000
2025-08-05 16:00:00,112934.00000000,113367.31000000,112815.68000000,113175.73000000,505.57628000
2025-08-05 17:00:00,113175.73000000,113661.96000000,113096.00000000,113640.01000000,359.20465000
2025-08-05 18:00:00,113640.01000000,113653.93000000,113261.79000000,113644.71000000,313.62971000
2025-08-05 19:00:00,113644.72000000,113763.27000000,113407.35000000,113616.52000000,256.11010000
2025-08-05 20:00:00,113616.51000000,113989.97000000,113494.47000000,113690.71000000,242.46818000
2025-08-05 21:00:00,113690.71000000,113862.45000000,113569.07000000,113606.53000000,183.41893000
2025-08-05 22:00:00,113606.52000000,113989.40000000,113304.00000000,113961.25000000,268.24607000
2025-08-05 23:00:00,113961.25000000,114228.88000000,113918.40000000,114129.75000000,205.63896000
2025-08-06 00:00:00,114129.75000000,114139.38000000,113748.67000000,113879.70000000,295.34760000
2025-08-06 01:00:00,113879.69000000,113945.14000000,113588.77000000,113821.21000000,292.50885000
2025-08-06 02:00:00,113820.77000000,113833.88000000,113491.76000000,113623.22000000,206.78627000
2025-08-06 03:00:00,113623.23000000,113658.13000000,113400.00000000,113509.97000000,266.89492000
2025-08-06 04:00:00,113509.98000000,113582.71000000,113355.13000000,113429.21000000,248.98133000
2025-08-06 05:00:00,113429.21000000,114417.02000000,113384.81000000,114148.01000000,602.70557000
2025-08-06 06:00:00,114148.01000000,114200.00000000,113933.23000000,114084.93000000,265.65128000
2025-08-06 07:00:00,114084.92000000,114300.00000000,114019.66000000,114227.91000000,319.69253000
2025-08-06 08:00:00,114227.90000000,114250.00000000,113727.57000000,113948.22000000,382.35629000
2025-08-06 09:00:00,113948.23000000,114368.31000000,113906.96000000,114093.15000000,340.97337000
2025-08-06 10:00:00,114093.15000000,114226.69000000,113899.20000000,114067.20000000,335.97303000
2025-08-06 11:00:00,114067.20000000,114404.23000000,114007.85000000,114226.69000000,220.99495000
2025-08-06 12:00:00,114226.68000000,114333.59000000,113809.02000000,113914.31000000,306.06988000
2025-08-06 13:00:00,113914.31000000,114390.88000000,113579.90000000,114270.09000000,671.19500000
2025-08-06 14:00:00,114270.09000000,115200.00000000,113869.88000000,115187.96000000,1041.66895000
2025-08-06 15:00:00,115187.96000000,115515.09000000,114832.38000000,115413.87000000,1490.74630000
2025-08-06 16:00:00,115413.87000000,115477.06000000,114942.18000000,115132.49000000,642.38859000
2025-08-06 17:00:00,115132.49000000,115514.28000000,115024.00000000,115500.00000000,392.98209000
2025-08-06 18:00:00,115500.00000000,115716.00000000,115301.27000000,115423.22000000,479.34282000
2025-08-06 19:00:00,115423.23000000,115525.48000000,115118.80000000,115259.99000000,213.24559000
2025-08-06 20:00:00,115260.00000000,115260.00000000,114987.68000000,115045.64000000,210.50571000
2025-08-06 21:00:00,115045.65000000,115221.14000000,114793.01000000,115048.78000000,185.66057000
2025-08-06 22:00:00,115048.77000000,115210.95000000,115039.14000000,115106.67000000,165.26512000
2025-08-06 23:00:00,115106.66000000,115122.34000000,114963.20000000,114992.27000000,183.21657000
2025-08-07 00:00:00,114992.27000000,115015.82000000,114856.15000000,114890.65000000,163.37387000
2025-08-07 01:00:00,114890.66000000,115185.58000000,114580.53000000,114763.46000000,404.60721000
2025-08-07 02:00:00,114763.47000000,114859.00000000,114404.22000000,114565.28000000,452.19409000
2025-08-07 03:00:00,114564.76000000,114624.30000000,114404.70000000,114546.03000000,172.73916000
2025-08-07 04:00:00,114546.03000000,114648.00000000,114259.00000000,114349.58000000,270.06529000
2025-08-07 05:00:00,114349.58000000,114568.74000000,114278.02000000,114568.73000000,404.27424000
2025-08-07 06:00:00,114568.74000000,114784.00000000,114511.96000000,114650.01000000,387.25216000
2025-08-07 07:00:00,114650.01000000,114876.79000000,114640.03000000,114787.99000000,229.36946000
2025-08-07 08:00:00,114787.99000000,115179.99000000,114787.98000000,114948.74000000,302.62190000
2025-08-07 09:00:00,114948.74000000,115077.37000000,114844.78000000,115062.19000000,216.94309000
2025-08-07 10:00:00,115062.19000000,116430.01000000,115038.06000000,116347.22000000,1912.68886000
2025-08-07 11:00:00,116347.23000000,116828.93000000,116347.23000000,116519.53000000,1265.85500000
2025-08-07 12:00:00,116519.54000000,116588.02000000,116035.84000000,116390.00000000,797.06170000
2025-08-07 13:00:00,116390.01000000,116741.05000000,116200.00000000,116640.00000000,668.99023000
2025-08-07 14:00:00,116640.01000000,116680.00000000,116204.32000000,116363.16000000,793.48345000
2025-08-07 15:00:00,116363.16000000,116791.11000000,116240.00000000,116689.81000000,487.19639000
2025-08-07 16:00:00,116689.80000000,116748.66000000,115632.31000000,116259.24000000,767.87711000
2025-08-07 17:00:00,116259.24000000,116560.00000000,116120.00000000,116511.54000000,505.06396000
2025-08-07 18:00:00,116511.55000000,116573.36000000,116123.72000000,116561.05000000,422.06821000
2025-08-07 19:00:00,116561.05000000,117520.00000000,116488.00000000,117461.98000000,1040.61628000
2025-08-07 20:00:00,117461.99000000,117496.05000000,117140.32000000,117182.19000000,510.82309000
2025-08-07 21:00:00,117182.19000000,117354.21000000,117012.00000000,117105.78000000,337.78727000
2025-08-07 22:00:00,117105.77000000,117621.00000000,117079.39000000,117554.23000000,676.81999000
2025-08-07 23:00:00,117554.23000000,117579.98000000,117292.88000000,117472.01000000,278.79062000
2025-08-08 00:00:00,117472.02000000,117630.00000000,116870.21000000,117264.12000000,806.35514000
2025-08-08 01:00:00,117264.11000000,117264.12000000,116786.43000000,116888.02000000,659.33735000
2025-08-08 02:00:00,116888.01000000,116923.21000000,116694.28000000,116700.00000000,320.47308000
2025-08-08 03:00:00,116700.00000000,116980.00000000,116699.60000000,116737.35000000,607.75417000
2025-08-08 04:00:00,116737.34000000,116869.49000000,116666.00000000,116750.01000000,325.84463000
2025-08-08 05:00:00,116750.01000000,116750.01000000,116505.00000000,116530.63000000,346.36157000
2025-08-08 06:00:00,116530.64000000,116763.44000000,116401.00000000,116740.01000000,336.48270000
2025-08-08 07:00:00,116740.01000000,116973.30000000,116557.54000000,116817.19000000,447.58601000
2025-08-08 08:00:00,116817.20000000,116914.60000000,116449.51000000,116620.63000000,335.47963000
2025-08-08 09:00:00,116620.63000000,116726.88000000,116481.44000000,116685.17000000,231.14843000
2025-08-08 10:00:00,116685.17000000,116714.46000000,116317.08000000,116544.39000000,331.86082000
2025-08-08 11:00:00,116544.39000000,116899.78000000,116544.39000000,116891.51000000,210.49123000
2025-08-08 12:00:00,116891.51000000,116891.52000000,116492.45000000,116500.48000000,293.02279000
2025-08-08 13:00:00,116500.49000000,116945.63000000,116499.43000000,116917.97000000,612.94206000
2025-08-08 14:00:00,116917.98000000,117271.73000000,116381.32000000,116491.53000000,725.75392000
2025-08-08 15:00:00,116491.53000000,116538.94000000,115878.71000000,116207.69000000,909.09971000
2025-08-08 16:00:00,116207.70000000,116364.82000000,116006.14000000,116193.63000000,344.02759000
2025-08-08 17:00:00,116193.63000000,116708.86000000,116161.11000000,116708.86000000,450.81243000
2025-08-08 18:00:00,116708.86000000,116900.00000000,116336.00000000,116497.99000000,571.66690000
2025-08-08 19:00:00,116497.99000000,116716.26000000,116337.91000000,116453.41000000,324.29021000
2025-08-08 20:00:00,116453.41000000,116900.00000000,116319.06000000,116888.52000000,248.65741000
2025-08-08 21:00:00,116888.52000000,116979.95000000,116755.53000000,116931.44000000,257.90138000
2025-08-08 22:00:00,116931.43000000,116980.00000000,116752.05000000,116888.90000000,210.40070000
2025-08-08 23:00:00,116888.90000000,116917.74000000,116657.26000000,116674.74000000,137.56292000
2025-08-09 00:00:00,116674.74000000,116750.00000000,116577.72000000,116586.00000000,153.62100000
2025-08-09 01:00:00,116586.00000000,116650.01000000,116521.38000000,116563.26000000,163.11531000
2025-08-09 02:00:00,116563.26000000,116563.26000000,116400.00000000,116404.00000000,173.10957000
2025-08-09 03:00:00,116404.00000000,116482.28000000,116299.13000000,116384.01000000,482.04648000
2025-08-09 04:00:00,116384.01000000,116675.99000000,116339.45000000,116434.76000000,377.42502000
2025-08-09 05:00:00,116434.77000000,116980.00000000,116418.00000000,116739.23000000,1012.58137000
2025-08-09 06:00:00,116739.23000000,116756.24000000,116532.77000000,116650.75000000,388.30445000
2025-08-09 07:00:00,116650.75000000,116902.22000000,116633.88000000,116756.01000000,242.70175000
2025-08-09 08:00:00,116756.00000000,117181.00000000,116756.00000000,117106.65000000,373.19101000
2025-08-09 09:00:00,117106.66000000,117510.88000000,117045.54000000,117510.87000000,774.92238000
2025-08-09 10:00:00,117510.88000000,117944.05000000,117382.27000000,117424.16000000,867.64459000
2025-08-09 11:00:00,117424.16000000,117471.73000000,117082.43000000,117110.00000000,337.61342000
2025-08-09 12:00:00,117110.00000000,117238.04000000,117010.00000000,117116.64000000,301.63531000
2025-08-09 13:00:00,117116.65000000,117154.15000000,116878.68000000,116968.32000000,306.03785000
2025-08-09 14:00:00,116968.32000000,117000.00000000,116748.20000000,116972.87000000,357.09924000
2025-08-09 15:00:00,116972.87000000,117132.75000000,116700.01000000,116892.47000000,417.89197000
2025-08-09 16:00:00,116892.48000000,116947.16000000,116642.67000000,116648.51000000,288.56338000
2025-08-09 17:00:00,116648.51000000,116782.46000000,116619.77000000,116670.22000000,252.00135000
2025-08-09 18:00:00,116670.22000000,116720.96000000,116555.02000000,116634.91000000,227.07359000
2025-08-09 19:00:00,116634.91000000,116721.74000000,116500.00000000,116535.69000000,435.14207000
2025-08-09 20:00:00,116535.68000000,117021.16000000,116504.53000000,116778.07000000,562.07841000
2025-08-09 21:00:00,116778.07000000,116794.40000000,116359.89000000,116524.09000000,452.45503000
2025-08-09 22:00:00,116524.09000000,116742.28000000,116500.00000000,116541.63000000,406.75315000
2025-08-09 23:00:00,116541.62000000,116590.00000000,116436.15000000,116462.25000000,161.12374000
2025-08-10 00:00:00,116462.25000000,116759.08000000,116460.63000000,116749.47000000,289.53628000
2025-08-10 01:00:00,116749.46000000,116776.59000000,116539.99000000,116576.42000000,275.18169000
2025-08-10 02:00:00,116576.42000000,117318.00000000,116576.41000000,117317.99000000,579.74957000
2025-08-10 03:00:00,117317.99000000,118500.00000000,117250.41000000,118500.00000000,2748.21570000
2025-08-10 04:00:00,118500.00000000,118741.77000000,118380.00000000,118485.45000000,980.85579000
2025-08-10 05:00:00,118485.45000000,118511.00000000,117902.62000000,118045.00000000,566.81947000
2025-08-10 06:00:00,118045.00000000,118161.05000000,117743.44000000,118074.24000000,319.46299000
2025-08-10 07:00:00,118074.24000000,118238.87000000,117466.34000000,117808.30000000,576.94555000
2025-08-10 08:00:00,117808.29000000,118400.00000000,117608.01000000,118308.85000000,375.95884000
2025-08-10 09:00:00,118308.86000000,118441.48000000,118110.64000000,118293.08000000,372.51661000
2025-08-10 10:00:00,118293.09000000,118293.45000000,117998.90000000,118020.00000000,328.37693000
2025-08-10 11:00:00,118020.01000000,118500.00000000,117940.00000000,118330.58000000,429.47265000
2025-08-10 12:00:00,118330.58000000,118737.26000000,118232.00000000,118514.00000000,629.53171000
2025-08-10 13:00:00,118514.00000000,118683.87000000,118370.39000000,118452.00000000,392.64786000
2025-08-10 14:00:00,118451.99000000,118850.00000000,118308.02000000,118779.00000000,740.25126000
2025-08-10 15:00:00,118778.99000000,119113.94000000,118568.07000000,118815.00000000,1046.79677000
2025-08-10 16:00:00,118815.00000000,118944.24000000,118623.14000000,118671.74000000,402.88128000
2025-08-10 17:00:00,118671.75000000,118693.02000000,118453.48000000,118520.32000000,230.15923000
2025-08-10 18:00:00,118520.33000000,118611.91000000,118433.80000000,118554.01000000,143.03169000
2025-08-10 19:00:00,118554.01000000,118714.28000000,118462.29000000,118663.08000000,219.78592000
2025-08-10 20:00:00,118663.09000000,118765.71000000,118074.99000000,118323.16000000,759.54759000
2025-08-10 21:00:00,118323.00000000,118716.91000000,118092.00000000,118716.90000000,598.54997000
2025-08-10 22:00:00,118716.90000000,119084.93000000,118615.44000000,119084.92000000,563.51750000
2025-08-10 23:00:00,119084.93000000,119311.11000000,118861.16000000,119294.01000000,752.97788000
2025-08-11 00:00:00,119294.27000000,119500.00000000,119104.17000000,119126.35000000,785.72983000
2025-08-11 01:00:00,119126.35000000,119999.00000000,118972.59000000,119988.00000000,1217.33398000
2025-08-11 02:00:00,119988.00000000,121894.64000000,119937.59000000,121876.00000000,3889.63895000
2025-08-11 03:00:00,121875.99000000,122164.07000000,121559.11000000,121728.99000000,1733.48981000
2025-08-11 04:00:00,121729.00000000,122175.88000000,121623.14000000,122080.00000000,1318.04919000
2025-08-11 05:00:00,122080.00000000,122335.16000000,121823.24000000,122059.34000000,960.54030000
2025-08-11 06:00:00,122059.34000000,122332.98000000,121954.79000000,122300.63000000,842.93970000
2025-08-11 07:00:00,122300.64000000,122313.00000000,121466.08000000,121537.15000000,1158.35871000
2025-08-11 08:00:00,121537.14000000,121823.00000000,121207.34000000,121679.13000000,889.12137000
2025-08-11 09:00:00,121679.13000000,121704.78000000,121080.00000000,121439.75000000,793.97438000
2025-08-11 10:00:00,121439.75000000,121455.02000000,120954.13000000,121184.84000000,824.81128000
2025-08-11 11:00:00,121184.84000000,121283.29000000,120286.40000000,120561.54000000,1708.36029000
2025-08-11 12:00:00,120561.53000000,120667.54000000,119536.75000000,119643.70000000,1739.45694000
2025-08-11 13:00:00,119643.70000000,120328.93000000,119382.91000000,120010.00000000,1453.53759000
2025-08-11 14:00:00,120009.99000000,120586.54000000,119809.06000000,120243.59000000,1235.12815000
2025-08-11 15:00:00,120243.60000000,120408.01000000,119843.18000000,120314.40000000,808.13955000
2025-08-11 16:00:00,120314.40000000,120794.05000000,119920.00000000,119953.65000000,915.62770000
2025-08-11 17:00:00,119953.65000000,120150.00000000,119461.97000000,119500.00000000,536.23147000
2025-08-11 18:00:00,119500.01000000,119870.20000000,119261.57000000,119773.92000000,530.74270000
2025-08-11 19:00:00,119773.92000000,119785.72000000,118604.17000000,119089.30000000,830.32085000
2025-08-11 20:00:00,119089.30000000,119093.00000000,118565.69000000,118824.34000000,553.02173000
2025-08-11 21:00:00,118824.33000000,119172.63000000,118050.11000000,118712.61000000,847.50979000
2025-08-11 22:00:00,118712.61000000,118906.41000000,118280.71000000,118886.96000000,629.34656000
2025-08-11 23:00:00,118886.97000000,118889.00000000,118588.78000000,118686.00000000,292.92347000
2025-08-12 00:00:00,118686.00000000,119021.77000000,118593.39000000,118949.31000000,609.75469000
2025-08-12 01:00:00,118949.31000000,119108.06000000,118767.54000000,118977.10000000,413.93961000
2025-08-12 02:00:00,118977.09000000,119275.46000000,118834.51000000,119054.13000000,399.30726000
2025-08-12 03:00:00,119054.14000000,119120.00000000,118749.06000000,118857.70000000,471.63372000
2025-08-12 04:00:00,118857.70000000,119158.06000000,118804.75000000,119067.97000000,368.18781000
2025-08-12 05:00:00,119067.97000000,119067.97000000,118424.86000000,118819.99000000,836.98015000
2025-08-12 06:00:00,118820.00000000,119032.00000000,118607.85000000,118839.97000000,1210.70965000
2025-08-12 07:00:00,118839.97000000,119150.00000000,118839.97000000,118986.72000000,719.50636000
2025-08-12 08:00:00,118986.73000000,119058.43000000,118740.00000000,118814.70000000,715.27467000
2025-08-12 09:00:00,118814.71000000,118893.29000000,118400.01000000,118408.38000000,737.95535000
2025-08-12 10:00:00,118408.38000000,118662.90000000,118207.47000000,118449.99000000,569.79019000
2025-08-12 11:00:00,118449.99000000,118662.90000000,118222.00000000,118522.22000000,323.35879000
2025-08-12 12:00:00,118522.22000000,119264.66000000,118285.00000000,119264.66000000,1633.67826000
2025-08-12 13:00:00,119264.66000000,119712.60000000,118631.69000000,118847.35000000,1772.02738000
2025-08-12 14:00:00,118847.35000000,119437.12000000,118764.36000000,119437.12000000,607.50451000
2025-08-12 15:00:00,119437.12000000,119960.00000000,119320.00000000,119933.00000000,900.84426000
2025-08-12 16:00:00,119933.00000000,120192.10000000,119525.00000000,119647.70000000,763.58705000
2025-08-12 17:00:00,119647.69000000,119857.04000000,119172.62000000,119269.99000000,649.26235000
2025-08-12 18:00:00,119270.00000000,120073.01000000,119267.00000000,119344.90000000,537.13050000
2025-08-12 19:00:00,119345.07000000,119958.05000000,119309.08000000,119665.27000000,359.09127000
2025-08-12 20:00:00,119665.27000000,120324.43000000,119485.84000000,120192.10000000,838.15928000
2025-08-12 21:00:00,120192.09000000,120202.21000000,119792.50000000,119903.36000000,393.93368000
2025-08-12 22:00:00,119903.36000000,120100.00000000,119650.00000000,120099.99000000,428.42505000
2025-08-12 23:00:00,120100.00000000,120299.99000000,119925.47000000,120134.08000000,460.06709000
2025-08-13 00:00:00,120134.09000000,120192.10000000,119636.00000000,119713.19000000,515.63049000
2025-08-13 01:00:00,119713.19000000,119716.24000000,119337.67000000,119478.47000000,550.66677000
2025-08-13 02:00:00,119478.47000000,119729.99000000,119094.28000000,119549.37000000,638.50499000
2025-08-13 03:00:00,119549.37000000,119630.57000000,119306.89000000,119482.01000000,656.19910000
2025-08-13 04:00:00,119482.01000000,119820.18000000,119328.12000000,119335.01000000,694.25608000
2025-08-13 05:00:00,119335.01000000,119673.28000000,118920.92000000,119070.69000000,727.82442000
2025-08-13 06:00:00,119070.68000000,119416.22000000,118955.99000000,119410.01000000,373.05315000
2025-08-13 07:00:00,119410.01000000,119638.55000000,119290.01000000,119580.40000000,528.96933000
2025-08-13 08:00:00,119580.40000000,120044.50000000,119446.22000000,120044.49000000,874.74205000
2025-08-13 09:00:00,120044.50000000,120169.76000000,119771.88000000,120116.02000000,675.01444000
2025-08-13 10:00:00,120116.02000000,120496.00000000,120047.58000000,120496.00000000,931.34391000
2025-08-13 11:00:00,120496.00000000,120732.94000000,120432.21000000,120570.41000000,732.08488000
2025-08-13 12:00:00,120570.41000000,120686.00000000,120209.51000000,120273.72000000,911.18128000
2025-08-13 13:00:00,120273.72000000,122051.99000000,120106.02000000,121767.97000000,2385.47998000
2025-08-13 14:00:00,121767.97000000,122200.00000000,120759.37000000,120890.73000000,2480.00020000
2025-08-13 15:00:00,120890.74000000,121343.06000000,120309.73000000,120920.62000000,1452.01051000
2025-08-13 16:00:00,120920.61000000,121721.30000000,120920.61000000,121421.77000000,704.71477000
2025-08-13 17:00:00,121421.77000000,121887.53000000,121421.76000000,121823.24000000,934.90387000
2025-08-13 18:00:00,121823.25000000,121954.51000000,121429.36000000,121639.20000000,891.23926000
2025-08-13 19:00:00,121639.19000000,122839.47000000,121524.27000000,122744.21000000,1637.04367000
2025-08-13 20:00:00,122744.22000000,122973.00000000,122464.34000000,122904.01000000,839.50398000
2025-08-13 21:00:00,122904.01000000,123000.00000000,122298.20000000,122561.16000000,1066.42754000
2025-08-13 22:00:00,122561.17000000,123637.68000000,122561.16000000,122954.03000000,1390.69414000
2025-08-13 23:00:00,122954.03000000,123667.79000000,122907.05000000,123306.43000000,618.58221000
2025-08-14 00:00:00,123306.44000000,124474.00000000,123251.90000000,123847.83000000,1664.05167600
2025-08-14 01:00:00,123847.82000000,123946.46000000,123337.66000000,123337.67000000,661.07211000
2025-08-14 02:00:00,123337.66000000,123689.98000000,123250.50000000,123662.53000000,671.89713000
2025-08-14 03:00:00,123662.53000000,123849.98000000,123295.21000000,123337.14000000,484.65540000
2025-08-14 04:00:00,123337.14000000,123428.60000000,123001.46000000,123003.17000000,571.29861000
2025-08-14 05:00:00,123003.17000000,123123.60000000,122080.00000000,122134.76000000,832.10482000
2025-08-14 06:00:00,122134.76000000,122134.76000000,121313.86000000,121771.27000000,1465.18702000
2025-08-14 07:00:00,121771.27000000,122047.79000000,121538.28000000,121725.31000000,887.06699000
2025-08-14 08:00:00,121725.31000000,122045.90000000,121560.83000000,121637.78000000,956.93709000
2025-08-14 09:00:00,121637.78000000,121918.80000000,121528.55000000,121649.84000000,613.30308000
2025-08-14 10:00:00,121649.84000000,121772.90000000,120757.01000000,120933.00000000,1133.31236000
2025-08-14 11:00:00,120932.99000000,121031.31000000,120694.00000000,120949.67000000,752.73621000
2025-08-14 12:00:00,120949.66000000,121183.06000000,117632.00000000,118866.37000000,5056.46610000
2025-08-14 13:00:00,118866.37000000,119249.20000000,117727.73000000,118428.85000000,3271.57320000
2025-08-14 14:00:00,118428.86000000,119361.45000000,118008.32000000,118799.01000000,1837.14675000
2025-08-14 15:00:00,118799.02000000,118899.64000000,117879.87000000,118257.25000000,1451.88156000
2025-08-14 16:00:00,118257.26000000,118257.26000000,117407.09000000,117866.42000000,1506.20052000
2025-08-14 17:00:00,117866.42000000,118146.48000000,117500.00000000,117920.13000000,636.71884000
2025-08-14 18:00:00,117920.14000000,118214.78000000,117180.00000000,118089.75000000,713.71597000
2025-08-14 19:00:00,118089.75000000,118535.00000000,117920.00000000,117945.92000000,688.76991000
2025-08-14 20:00:00,117945.92000000,118146.55000000,117724.37000000,117866.16000000,595.56886000
2025-08-14 21:00:00,117866.16000000,118199.99000000,117302.33000000,117899.16000000,723.48169000
2025-08-14 22:00:00,117899.16000000,118349.01000000,117641.40000000,118285.46000000,363.07143000
2025-08-14 23:00:00,118285.47000000,118516.81000000,118239.68000000,118295.09000000,442.73026000
2025-08-15 00:00:00,118295.09000000,118473.18000000,118032.94000000,118181.97000000,387.64196000
2025-08-15 01:00:00,118181.98000000,118736.00000000,118032.32000000,118681.64000000,473.85001000
2025-08-15 02:00:00,118681.63000000,118888.00000000,118584.20000000,118698.00000000,549.41556000
2025-08-15 03:00:00,118698.00000000,119077.71000000,118604.41000000,118968.91000000,472.64683000
2025-08-15 04:00:00,118968.91000000,119199.20000000,118770.00000000,118833.03000000,497.50906000
2025-08-15 05:00:00,118833.04000000,119000.00000000,118629.58000000,118984.29000000,360.89875000
2025-08-15 06:00:00,118984.29000000,119216.82000000,118866.01000000,119082.82000000,411.99414000
2025-08-15 07:00:00,119082.83000000,119100.00000000,118758.80000000,118956.45000000,462.50496000
2025-08-15 08:00:00,118956.45000000,119144.50000000,118878.71000000,118878.72000000,251.38068000
2025-08-15 09:00:00,118878.72000000,119058.94000000,118600.00000000,118707.99000000,299.88114000
2025-08-15 10:00:00,118708.00000000,119026.53000000,118708.00000000,118879.83000000,283.78706000
2025-08-15 11:00:00,118879.82000000,119121.31000000,118879.82000000,119006.01000000,294.77719000
2025-08-15 12:00:00,119006.01000000,119130.77000000,118510.00000000,118648.66000000,647.85118000
2025-08-15 13:00:00,118648.66000000,118738.00000000,117743.21000000,117770.48000000,1302.10489000
2025-08-15 14:00:00,117770.47000000,118274.00000000,117260.00000000,117400.00000000,1176.80402000
2025-08-15 15:00:00,117400.00000000,117588.68000000,116827.29000000,117275.22000000,2002.13351000
2025-08-15 16:00:00,117275.23000000,117418.49000000,116803.99000000,117353.36000000,756.28175000
2025-08-15 17:00:00,117353.36000000,117882.35000000,117000.00000000,117586.92000000,862.91559000
2025-08-15 18:00:00,117586.92000000,117662.41000000,117028.98000000,117159.66000000,333.40859000
2025-08-15 19:00:00,117159.65000000,117412.82000000,116866.00000000,116936.27000000,440.85496000
2025-08-15 20:00:00,116936.28000000,117323.47000000,116862.50000000,117280.00000000,248.37175000
2025-08-15 21:00:00,117280.01000000,117350.00000000,117000.00000000,117320.02000000,268.99006000
2025-08-15 22:00:00,117320.01000000,117738.57000000,117302.65000000,117702.00000000,374.66043000
2025-08-15 23:00:00,117701.99000000,117761.88000000,117036.53000000,117342.05000000,462.67467000
2025-08-16 00:00:00,117342.04000000,117781.99000000,117231.14000000,117735.21000000,546.22017000
2025-08-16 01:00:00,117735.20000000,117898.99000000,117626.31000000,117821.60000000,349.62497000
2025-08-16 02:00:00,117821.61000000,117821.61000000,117440.74000000,117505.51000000,307.50607000
2025-08-16 03:00:00,117505.52000000,117657.97000000,117389.56000000,117429.63000000,217.17429000
2025-08-16 04:00:00,117429.63000000,117884.00000000,117419.44000000,117815.66000000,222.51215000
2025-08-16 05:00:00,117815.66000000,117852.25000000,117522.70000000,117595.78000000,201.54892000
2025-08-16 06:00:00,117595.78000000,117635.42000000,117278.00000000,117394.65000000,260.53589000
2025-08-16 07:00:00,117394.64000000,117674.77000000,117344.69000000,117596.07000000,240.65900000
2025-08-16 08:00:00,117596.07000000,117677.06000000,117501.16000000,117631.09000000,185.08770000
2025-08-16 09:00:00,117631.09000000,117703.92000000,117306.00000000,117312.00000000,303.36694000
2025-08-16 10:00:00,117312.00000000,117447.05000000,117143.98000000,117388.00000000,524.83945000
2025-08-16 11:00:00,117387.99000000,117540.00000000,117350.12000000,117378.52000000,192.74721000
2025-08-16 12:00:00,117378.52000000,117747.36000000,117327.63000000,117747.36000000,348.10374000
2025-08-16 13:00:00,117747.35000000,117799.99000000,117582.29000000,117623.52000000,365.37584000
2025-08-16 14:00:00,117623.53000000,117771.40000000,117550.00000000,117771.39000000,253.05868000
2025-08-16 15:00:00,117771.40000000,117825.00000000,117621.10000000,117676.70000000,224.96201000
2025-08-16 16:00:00,117676.70000000,117817.65000000,117676.70000000,117747.65000000,389.81984000
2025-08-16 17:00:00,117747.64000000,117747.65000000,117651.72000000,117693.00000000,181.46105000
2025-08-16 18:00:00,117692.99000000,117757.06000000,117629.94000000,117685.79000000,112.36973000
2025-08-16 19:00:00,117685.78000000,117771.40000000,117652.92000000,117672.12000000,133.77621000
2025-08-16 20:00:00,117672.13000000,117713.51000000,117522.01000000,117655.41000000,155.93762000
2025-08-16 21:00:00,117655.41000000,117655.42000000,117433.33000000,117452.21000000,152.99321000
2025-08-16 22:00:00,117452.21000000,117552.00000000,117219.34000000,117460.56000000,325.20777000
2025-08-16 23:00:00,117460.57000000,117475.07000000,117278.23000000,117380.66000000,198.79271000
2025-08-17 00:00:00,117380.66000000,117419.45000000,117255.18000000,117255.19000000,159.66726000
2025-08-17 01:00:00,117255.18000000,117491.44000000,117172.21000000,117439.97000000,244.13312000
2025-08-17 02:00:00,117439.97000000,117624.55000000,117381.39000000,117606.00000000,157.36164000
2025-08-17 03:00:00,117606.00000000,117771.37000000,117505.93000000,117684.95000000,209.36889000
2025-08-17 04:00:00,117684.96000000,118187.28000000,117684.95000000,118076.11000000,372.88806000
2025-08-17 05:00:00,118076.12000000,118230.82000000,118000.00000000,118000.01000000,296.61443000
2025-08-17 06:00:00,118000.00000000,118118.00000000,117905.37000000,117923.99000000,232.28871000
2025-08-17 07:00:00,117924.00000000,118030.15000000,117843.74000000,118005.98000000,207.89215000
2025-08-17 08:00:00,118005.98000000,118399.99000000,117922.00000000,118366.06000000,337.81576000
2025-08-17 09:00:00,118366.05000000,118484.00000000,118235.00000000,118345.99000000,330.30362000
2025-08-17 10:00:00,118345.99000000,118393.35000000,118190.00000000,118393.34000000,170.26339000
2025-08-17 11:00:00,118393.34000000,118393.35000000,118270.80000000,118308.01000000,169.29272000
2025-08-17 12:00:00,118308.00000000,118356.62000000,118134.51000000,118162.60000000,183.56593000
2025-08-17 13:00:00,118162.61000000,118575.00000000,118059.12000000,118429.99000000,396.26094000
2025-08-17 14:00:00,118429.99000000,118473.66000000,118150.00000000,118150.01000000,189.61777000
2025-08-17 15:00:00,118150.01000000,118263.90000000,118137.25000000,118246.16000000,204.82807000
2025-08-17 16:00:00,118246.15000000,118316.01000000,117700.70000000,117834.56000000,488.38516000
2025-08-17 17:00:00,117834.55000000,117934.82000000,117645.04000000,117900.00000000,212.98829000
2025-08-17 18:00:00,117900.01000000,117947.98000000,117321.53000000,117542.01000000,360.32583000
2025-08-17 19:00:00,117542.01000000,117749.12000000,117468.00000000,117570.07000000,264.47630000
2025-08-17 20:00:00,117570.07000000,117749.32000000,117508.49000000,117599.44000000,141.19933000
2025-08-17 21:00:00,117599.44000000,117781.38000000,117599.43000000,117700.00000000,104.46800000
2025-08-17 22:00:00,117700.01000000,117995.37000000,117688.50000000,117954.99000000,232.19191000
2025-08-17 23:00:00,117955.00000000,117978.42000000,117371.65000000,117405.01000000,232.44464000
2025-08-18 00:00:00,117405.01000000,117543.75000000,117020.00000000,117290.19000000,640.08542000
2025-08-18 01:00:00,117290.20000000,117409.87000000,116166.03000000,116269.54000000,1892.28591000
2025-08-18 02:00:00,116269.53000000,116339.61000000,115292.67000000,115453.24000000,2015.07156000
2025-08-18 03:00:00,115452.00000000,115636.89000000,115000.00000000,115319.00000000,1253.98009000
2025-08-18 04:00:00,115319.00000000,115533.89000000,115079.91000000,115469.51000000,597.83019000
2025-08-18 05:00:00,115469.52000000,115688.00000000,115000.00000000,115687.99000000,763.17629000
2025-08-18 06:00:00,115687.99000000,115712.49000000,114878.71000000,115245.56000000,1274.28433000
2025-08-18 07:00:00,115245.56000000,115477.20000000,115186.56000000,115205.98000000,798.13334000
2025-08-18 08:00:00,115205.99000000,115402.51000000,115068.58000000,115135.43000000,582.20510000
2025-08-18 09:00:00,115135.43000000,115135.44000000,114640.14000000,115038.46000000,1245.97423000
2025-08-18 10:00:00,115038.46000000,115261.69000000,114985.00000000,115058.58000000,567.82403000
2025-08-18 11:00:00,115058.58000000,115127.54000000,114860.62000000,114947.27000000,397.98648000
2025-08-18 12:00:00,114947.27000000,115520.00000000,114902.94000000,115519.99000000,477.46603000
2025-08-18 13:00:00,115520.00000000,115736.54000000,114825.00000000,114839.13000000,824.85948000
2025-08-18 14:00:00,114839.14000000,115633.73000000,114839.14000000,115633.73000000,673.61910000
2025-08-18 15:00:00,115633.72000000,116186.97000000,115402.00000000,116145.34000000,796.23484000
2025-08-18 16:00:00,116145.34000000,116350.00000000,115818.86000000,115962.24000000,496.59282000
2025-08-18 17:00:00,115962.24000000,116800.00000000,115962.23000000,116428.99000000,713.09082000
2025-08-18 18:00:00,116428.98000000,116579.16000000,116238.71000000,116481.81000000,239.93978000
2025-08-18 19:00:00,116481.80000000,116639.35000000,116204.00000000,116313.99000000,281.74931000
2025-08-18 20:00:00,116314.00000000,116529.50000000,115980.32000000,116407.99000000,349.12342000
2025-08-18 21:00:00,116407.99000000,116675.67000000,116403.76000000,116648.99000000,230.40574000
2025-08-18 22:00:00,116649.00000000,116980.00000000,116394.12000000,116399.99000000,316.21157000
2025-08-18 23:00:00,116400.00000000,116564.38000000,116089.00000000,116227.05000000,317.80966000
2025-08-19 00:00:00,116227.05000000,116563.55000000,115516.82000000,116563.13000000,597.52684000
2025-08-19 01:00:00,116563.12000000,116725.69000000,115710.03000000,115798.00000000,461.06933000
2025-08-19 02:00:00,115798.00000000,116051.00000000,115635.63000000,115747.08000000,344.75966000
2025-08-19 03:00:00,115747.09000000,115771.98000000,114787.23000000,114810.00000000,987.54165000
2025-08-19 04:00:00,114810.01000000,115372.55000000,114366.00000000,115305.99000000,973.09499000
2025-08-19 05:00:00,115306.00000000,115483.24000000,114944.16000000,114972.90000000,406.89708000
2025-08-19 06:00:00,114972.90000000,115219.99000000,114914.26000000,115019.99000000,394.62483000
2025-08-19 07:00:00,115019.99000000,115056.00000000,114600.74000000,114978.14000000,724.50631000
2025-08-19 08:00:00,114978.15000000,115300.00000000,114804.00000000,115186.48000000,489.77403000
2025-08-19 09:00:00,115186.47000000,115488.27000000,115185.92000000,115322.70000000,443.60844000
2025-08-19 10:00:00,115322.69000000,115577.60000000,115317.92000000,115400.00000000,241.61680000
2025-08-19 11:00:00,115400.00000000,115650.00000000,115400.00000000,115508.71000000,296.04350000
2025-08-19 12:00:00,115508.71000000,115617.84000000,115282.70000000,115599.99000000,338.93222000
2025-08-19 13:00:00,115600.00000000,115875.84000000,114869.60000000,115192.00000000,928.58040000
2025-08-19 14:00:00,115192.00000000,115378.82000000,113770.34000000,113882.66000000,2263.58751000
2025-08-19 15:00:00,113882.66000000,114177.58000000,113587.68000000,113786.38000000,1763.36303000
2025-08-19 16:00:00,113786.39000000,113897.58000000,113346.28000000,113388.30000000,959.63398000
2025-08-19 17:00:00,113388.31000000,113596.07000000,113107.07000000,113520.11000000,1084.66267000
2025-08-19 18:00:00,113520.11000000,113520.11000000,112837.11000000,113069.61000000,889.38987000
2025-08-19 19:00:00,113069.61000000,113552.03000000,112767.06000000,113132.48000000,850.66400000
2025-08-19 20:00:00,113132.49000000,113570.44000000,112927.82000000,113570.44000000,496.52563000
2025-08-19 21:00:00,113570.44000000,113589.48000000,113413.14000000,113419.11000000,316.99786000
2025-08-19 22:00:00,113419.10000000,113440.43000000,113060.00000000,113174.42000000,1090.07931000
2025-08-19 23:00:00,113174.42000000,113201.26000000,112732.58000000,112872.94000000,721.99430000
2025-08-20 00:00:00,112872.95000000,113320.00000000,112843.14000000,113215.50000000,605.58560000
2025-08-20 01:00:00,113215.49000000,113413.23000000,112566.01000000,112996.93000000,1004.04056000
2025-08-20 02:00:00,112996.93000000,113500.00000000,112944.68000000,113438.29000000,915.27403000
2025-08-20 03:00:00,113438.29000000,113636.13000000,113319.45000000,113525.91000000,591.80557000
2025-08-20 04:00:00,113525.90000000,113700.00000000,113460.29000000,113633.47000000,351.01236000
2025-08-20 05:00:00,113633.47000000,113767.44000000,113464.02000000,113708.00000000,305.42814000
2025-08-20 06:00:00,113707.99000000,113734.23000000,113500.00000000,113653.28000000,284.56575000
2025-08-20 07:00:00,113653.28000000,113837.93000000,113432.00000000,113490.13000000,426.40857000
2025-08-20 08:00:00,113490.14000000,114016.77000000,113401.00000000,114010.00000000,1021.52601000
2025-08-20 09:00:00,114010.00000000,114010.01000000,113628.65000000,113699.98000000,464.52912000
2025-08-20 10:00:00,113699.98000000,113869.50000000,113587.68000000,113792.20000000,310.82050000
2025-08-20 11:00:00,113792.19000000,113859.26000000,113060.08000000,113666.68000000,555.63081000
2025-08-20 12:00:00,113666.69000000,113944.00000000,113512.88000000,113659.01000000,643.44169000
2025-08-20 13:00:00,113659.01000000,113659.01000000,112600.00000000,112693.15000000,1099.37126000
2025-08-20 14:00:00,112693.14000000,113854.34000000,112380.00000000,113465.84000000,1578.65617000
2025-08-20 15:00:00,113465.84000000,114326.35000000,113229.43000000,113353.94000000,1283.96286000
2025-08-20 16:00:00,113353.94000000,114309.16000000,113278.49000000,113839.99000000,769.22274000
2025-08-20 17:00:00,113839.99000000,114444.00000000,113781.16000000,114197.53000000,577.51878000
2025-08-20 18:00:00,114197.54000000,114269.63000000,113264.01000000,113490.01000000,676.25877000
2025-08-20 19:00:00,113490.00000000,114337.31000000,113472.38000000,114276.66000000,601.00585000
2025-08-20 20:00:00,114276.66000000,114375.27000000,114000.00000000,114370.00000000,384.69129000
2025-08-20 21:00:00,114370.00000000,114476.13000000,114000.00000000,114356.24000000,372.36928000
2025-08-20 22:00:00,114356.24000000,114615.38000000,114206.89000000,114595.19000000,498.00131000
2025-08-20 23:00:00,114595.19000000,114608.77000000,114220.00000000,114271.24000000,315.21492000
2025-08-21 00:00:00,114271.23000000,114493.10000000,114010.87000000,114292.14000000,429.62667000
2025-08-21 01:00:00,114292.14000000,114736.00000000,113954.13000000,114729.94000000,432.98345000
2025-08-21 02:00:00,114729.93000000,114821.76000000,113906.01000000,114038.00000000,447.89489000
2025-08-21 03:00:00,114038.00000000,114531.29000000,113954.61000000,113954.62000000,316.22280000
2025-08-21 04:00:00,113954.62000000,114033.84000000,113800.00000000,113800.00000000,293.43085000
2025-08-21 05:00:00,113800.01000000,114010.83000000,113637.00000000,113995.12000000,344.63705000
2025-08-21 06:00:00,113995.12000000,113995.12000000,113609.88000000,113807.20000000,443.88446000
2025-08-21 07:00:00,113807.20000000,113944.74000000,113582.43000000,113896.03000000,530.41085000
2025-08-21 08:00:00,113896.03000000,113990.00000000,113588.45000000,113588.45000000,336.76542000
2025-08-21 09:00:00,113588.46000000,113616.58000000,113300.00000000,113376.85000000,413.40552000
2025-08-21 10:00:00,113376.85000000,113479.97000000,113230.00000000,113329.74000000,331.35097000
2025-08-21 11:00:00,113329.74000000,113542.47000000,113000.00000000,113148.66000000,428.12915000
2025-08-21 12:00:00,113148.65000000,113416.69000000,112950.00000000,113095.29000000,386.20750000
2025-08-21 13:00:00,113095.30000000,113713.56000000,113055.93000000,113486.98000000,624.69624000
2025-08-21 14:00:00,113486.98000000,113995.11000000,112913.39000000,113281.99000000,580.15894000
2025-08-21 15:00:00,113282.00000000,113386.31000000,112608.64000000,112792.08000000,930.04760000
2025-08-21 16:00:00,112792.08000000,112969.47000000,112333.33000000,112379.58000000,780.22707000
2025-08-21 17:00:00,112379.58000000,112596.90000000,112201.00000000,112410.91000000,737.11033000
2025-08-21 18:00:00,112410.92000000,112682.20000000,112224.67000000,112602.62000000,382.38194000
2025-08-21 19:00:00,112602.62000000,112724.74000000,112015.67000000,112193.71000000,569.08483000
2025-08-21 20:00:00,112193.71000000,112870.94000000,112067.46000000,112450.30000000,336.45252000
2025-08-21 21:00:00,112450.31000000,112734.51000000,112100.00000000,112628.76000000,337.37667000
2025-08-21 22:00:00,112628.75000000,112712.70000000,112425.35000000,112511.20000000,200.73506000
2025-08-21 23:00:00,112511.19000000,112511.20000000,112272.04000000,112500.00000000,226.47157000
2025-08-22 00:00:00,112500.00000000,112840.00000000,112489.42000000,112630.87000000,267.79499000
2025-08-22 01:00:00,112630.88000000,112924.37000000,112335.60000000,112840.08000000,331.54981000
2025-08-22 02:00:00,112840.08000000,113525.00000000,112784.68000000,113153.96000000,716.89343000
2025-08-22 03:00:00,113153.96000000,113441.45000000,112882.90000000,112929.24000000,293.95702000
2025-08-22 04:00:00,112929.24000000,113256.03000000,112708.81000000,112847.63000000,270.33795000
2025-08-22 05:00:00,112847.62000000,113285.59000000,112844.56000000,113241.99000000,333.83128000
2025-08-22 06:00:00,113241.98000000,113394.76000000,112844.00000000,112998.30000000,426.59054000
2025-08-22 07:00:00,112998.30000000,113250.00000000,112950.00000000,113094.83000000,625.49743000
2025-08-22 08:00:00,113094.83000000,113319.30000000,112950.00000000,112980.34000000,448.78194000
2025-08-22 09:00:00,112980.34000000,113128.00000000,112815.55000000,113049.67000000,517.13631000
2025-08-22 10:00:00,113049.67000000,113060.00000000,112512.74000000,112534.54000000,455.48522000
2025-08-22 11:00:00,112534.54000000,112629.40000000,112177.27000000,112320.00000000,511.03227000
2025-08-22 12:00:00,112320.01000000,112713.93000000,111684.79000000,112341.50000000,1660.58930000
2025-08-22 13:00:00,112341.50000000,112662.27000000,111932.28000000,112487.11000000,1042.30053000
2025-08-22 14:00:00,112487.10000000,116116.11000000,112468.35000000,115808.23000000,6271.74223000
2025-08-22 15:00:00,115808.24000000,117296.12000000,115808.23000000,116370.75000000,2530.62921000
2025-08-22 16:00:00,116370.75000000,116783.22000000,116116.00000000,116146.47000000,1756.67950000
2025-08-22 17:00:00,116146.48000000,117032.84000000,116146.48000000,117024.00000000,1300.14206000
2025-08-22 18:00:00,117024.01000000,117429.05000000,116750.00000000,116805.27000000,721.60524000
2025-08-22 19:00:00,116805.27000000,116914.30000000,116520.00000000,116655.79000000,529.51964000
2025-08-22 20:00:00,116655.79000000,117127.44000000,116570.17000000,117052.65000000,545.69500000
2025-08-22 21:00:00,117052.65000000,117174.43000000,116829.34000000,117028.27000000,678.08593000
2025-08-22 22:00:00,117028.27000000,117057.14000000,116550.96000000,116757.18000000,585.72702000
2025-08-22 23:00:00,116757.18000000,116937.56000000,116674.51000000,116935.99000000,306.48652000
2025-08-23 00:00:00,116936.00000000,117030.00000000,116726.64000000,116870.22000000,351.38045000
2025-08-23 01:00:00,116870.22000000,116882.16000000,116300.00000000,116453.59000000,596.49295000
2025-08-23 02:00:00,116453.59000000,116547.95000000,115500.00000000,115927.98000000,1195.36796000
2025-08-23 03:00:00,115927.98000000,116044.55000000,115458.20000000,115568.77000000,504.34283000
2025-08-23 04:00:00,115568.77000000,115980.00000000,115551.20000000,115926.77000000,535.76766000
2025-08-23 05:00:00,115926.77000000,116034.53000000,115800.01000000,115954.51000000,806.27196000
2025-08-23 06:00:00,115954.51000000,116015.69000000,115690.83000000,115781.16000000,462.86069000
2025-08-23 07:00:00,115781.16000000,115928.00000000,115669.76000000,115799.47000000,453.28331000
2025-08-23 08:00:00,115799.46000000,115861.80000000,115607.46000000,115746.12000000,341.58386000
2025-08-23 09:00:00,115746.12000000,115782.03000000,115605.27000000,115765.82000000,288.64099000
2025-08-23 10:00:00,115765.81000000,115780.59000000,115575.72000000,115575.72000000,312.57302000
2025-08-23 11:00:00,115575.73000000,115616.63000000,115223.43000000,115310.13000000,371.09604000
2025-08-23 12:00:00,115310.13000000,115486.97000000,115175.48000000,115213.60000000,445.47850000
2025-08-23 13:00:00,115213.60000000,115213.60000000,114735.57000000,114864.92000000,981.86665000
2025-08-23 14:00:00,114864.92000000,115081.59000000,114620.00000000,114621.47000000,1000.43667000
2025-08-23 15:00:00,114621.48000000,114966.87000000,114560.00000000,114812.87000000,599.77984000
2025-08-23 16:00:00,114812.88000000,115097.92000000,114684.11000000,115020.00000000,448.76533000
2025-08-23 17:00:00,115020.00000000,115167.78000000,114947.46000000,115087.97000000,327.26623000
2025-08-23 18:00:00,115087.97000000,115190.74000000,115035.11000000,115145.77000000,178.18512000
2025-08-23 19:00:00,115145.77000000,115173.86000000,115051.32000000,115133.91000000,151.33399000
2025-08-23 20:00:00,115133.92000000,115325.82000000,115108.23000000,115325.81000000,181.19976000
2025-08-23 21:00:00,115325.81000000,115325.82000000,115001.88000000,115028.00000000,194.43314000
2025-08-23 22:00:00,115028.01000000,115317.86000000,115028.00000000,115317.85000000,117.57565000
2025-08-23 23:00:00,115317.86000000,115454.12000000,115244.70000000,115438.05000000,483.37937000
2025-08-24 00:00:00,115438.06000000,115549.44000000,115315.33000000,115375.35000000,457.40004000
2025-08-24 01:00:00,115375.36000000,115584.09000000,115196.00000000,115473.99000000,655.80740000
2025-08-24 02:00:00,115473.99000000,115666.68000000,115000.00000000,115005.15000000,401.41002000
2025-08-24 03:00:00,115005.15000000,115161.24000000,114934.21000000,115036.00000000,481.30687000
2025-08-24 04:00:00,115036.01000000,115283.21000000,115036.00000000,115174.30000000,345.39663000
2025-08-24 05:00:00,115174.30000000,115206.55000000,114930.65000000,114996.01000000,697.85001000
2025-08-24 06:00:00,114996.01000000,115062.77000000,114846.14000000,114862.40000000,395.26293000
2025-08-24 07:00:00,114862.40000000,115124.86000000,114855.64000000,114888.19000000,277.17773000
2025-08-24 08:00:00,114888.19000000,114979.55000000,114750.01000000,114838.02000000,947.55224000
2025-08-24 09:00:00,114838.02000000,115060.99000000,114668.00000000,114841.17000000,438.90856000
2025-08-24 10:00:00,114841.16000000,114956.66000000,114600.00000000,114790.40000000,479.49962000
2025-08-24 11:00:00,114790.40000000,114889.91000000,114620.13000000,114730.22000000,357.51883000
2025-08-24 12:00:00,114730.22000000,114846.40000000,114597.55000000,114673.81000000,358.78753000
2025-08-24 13:00:00,114673.80000000,114869.41000000,114555.00000000,114555.00000000,620.84833000
2025-08-24 14:00:00,114555.00000000,114657.00000000,114350.57000000,114514.05000000,816.73334000
2025-08-24 15:00:00,114514.05000000,114865.32000000,114400.00000000,114400.00000000,865.64985000
2025-08-24 16:00:00,114400.01000000,114541.93000000,114255.32000000,114275.00000000,786.95266000
2025-08-24 17:00:00,114275.00000000,114578.85000000,114236.00000000,114423.42000000,983.41055000
2025-08-24 18:00:00,114423.43000000,114917.10000000,114301.22000000,114626.97000000,1232.99791000
2025-08-24 19:00:00,114626.96000000,114790.75000000,110680.00000000,112600.00000000,5318.65876000
2025-08-24 20:00:00,112600.00000000,112987.88000000,111632.85000000,112770.39000000,2003.01345000
2025-08-24 21:00:00,112770.39000000,113406.80000000,112369.16000000,112988.39000000,854.85267000
2025-08-24 22:00:00,112988.40000000,113500.00000000,112614.42000000,113451.02000000,755.28007000
2025-08-24 23:00:00,113451.02000000,113692.97000000,113366.49000000,113493.59000000,643.70862000
2025-08-25 00:00:00,113493.59000000,113516.16000000,112159.00000000,112645.10000000,897.58897000
2025-08-25 01:00:00,112645.10000000,113140.06000000,112615.90000000,113066.94000000,541.53145000
2025-08-25 02:00:00,113066.95000000,113640.01000000,113066.94000000,113412.36000000,396.24817000
2025-08-25 03:00:00,113412.36000000,113667.28000000,112905.16000000,112916.84000000,549.60431000
2025-08-25 04:00:00,112916.84000000,113059.52000000,112611.78000000,112764.00000000,622.97182000
2025-08-25 05:00:00,112764.01000000,112863.24000000,112309.99000000,112310.00000000,808.04429000
2025-08-25 06:00:00,112310.00000000,112459.18000000,111756.60000000,111929.87000000,933.19436000
2025-08-25 07:00:00,111929.87000000,112165.19000000,111284.05000000,111511.55000000,1689.81474000
2025-08-25 08:00:00,111511.56000000,111820.53000000,110991.28000000,111414.30000000,1278.94125000
2025-08-25 09:00:00,111414.30000000,111850.13000000,111259.76000000,111800.01000000,626.80974000
2025-08-25 10:00:00,111800.00000000,111806.99000000,110939.40000000,110984.03000000,1416.44599000
2025-08-25 11:00:00,110984.04000000,111279.91000000,110929.48000000,111214.97000000,706.06090000
2025-08-25 12:00:00,111214.97000000,111682.49000000,111072.00000000,111586.31000000,722.92729000
2025-08-25 13:00:00,111586.30000000,111754.82000000,110588.00000000,111491.69000000,1555.34009000
2025-08-25 14:00:00,111491.70000000,112307.69000000,111326.49000000,112260.00000000,1426.03051000
2025-08-25 15:00:00,112260.01000000,112580.00000000,111828.24000000,112200.64000000,889.02271000
2025-08-25 16:00:00,112200.65000000,112937.26000000,112022.00000000,112502.43000000,781.23286000
2025-08-25 17:00:00,112502.43000000,112800.00000000,112159.00000000,112431.40000000,674.40520000
2025-08-25 18:00:00,112431.40000000,112618.89000000,112250.13000000,112402.90000000,310.54741000
2025-08-25 19:00:00,112402.90000000,112430.16000000,110655.01000000,110716.13000000,1343.21864000
2025-08-25 20:00:00,110716.13000000,111092.54000000,109390.01000000,109561.96000000,4098.07281000
2025-08-25 21:00:00,109561.96000000,110280.50000000,109274.10000000,109888.01000000,1595.13661000
2025-08-25 22:00:00,109888.01000000,110599.07000000,109888.00000000,110153.23000000,652.68653000
2025-08-25 23:00:00,110153.23000000,110267.55000000,109781.61000000,110111.98000000,666.91714000
2025-08-26 00:00:00,110111.98000000,110111.98000000,108854.19000000,109100.23000000,2132.52683000
2025-08-26 01:00:00,109100.24000000,109910.68000000,108666.66000000,109897.20000000,1090.85402000
2025-08-26 02:00:00,109897.21000000,110026.14000000,109505.04000000,109710.96000000,531.88497000
2025-08-26 03:00:00,109710.96000000,109927.99000000,109432.00000000,109879.56000000,400.12624000
2025-08-26 04:00:00,109879.57000000,110235.29000000,109879.57000000,110100.01000000,466.51131000
2025-08-26 05:00:00,110100.01000000,110375.58000000,110084.41000000,110196.01000000,359.69829000
2025-08-26 06:00:00,110196.00000000,110342.57000000,109900.00000000,109988.18000000,469.86809000
2025-08-26 07:00:00,109988.17000000,110547.31000000,109765.93000000,110303.20000000,613.97463000
2025-08-26 08:00:00,110303.20000000,110455.13000000,110000.00000000,110102.02000000,448.59912000
2025-08-26 09:00:00,110102.02000000,110413.54000000,110037.51000000,110152.89000000,335.89147000
2025-08-26 10:00:00,110152.90000000,110413.54000000,110064.12000000,110216.53000000,405.76551000
2025-08-26 11:00:00,110216.52000000,110224.09000000,109570.34000000,109876.52000000,661.84556000
2025-08-26 12:00:00,109876.53000000,110818.60000000,109612.00000000,110216.81000000,1094.24871000
2025-08-26 13:00:00,110216.81000000,110265.31000000,109393.93000000,110094.66000000,1207.83119000
2025-08-26 14:00:00,110094.66000000,110552.86000000,109800.00000000,110358.13000000,1124.78296000
2025-08-26 15:00:00,110358.13000000,110561.76000000,109550.00000000,109666.33000000,1132.82225000
2025-08-26 16:00:00,109666.34000000,110153.84000000,109450.00000000,110153.84000000,936.04216000
2025-08-26 17:00:00,110153.83000000,110205.68000000,109587.42000000,109988.07000000,788.03072000
2025-08-26 18:00:00,109988.07000000,110990.05000000,109966.64000000,110695.58000000,721.67701000
2025-08-26 19:00:00,110695.58000000,111162.59000000,110501.57000000,111116.03000000,1102.76066000
2025-08-26 20:00:00,111116.03000000,111380.03000000,110918.26000000,111321.58000000,705.40181000
2025-08-26 21:00:00,111321.57000000,111584.61000000,111113.67000000,111584.60000000,375.99082000
2025-08-26 22:00:00,111584.60000000,111945.69000000,111557.09000000,111910.01000000,610.79197000
2025-08-26 23:00:00,111910.00000000,112371.00000000,111737.38000000,111763.22000000,734.51247000
2025-08-27 00:00:00,111763.22000000,111825.16000000,111339.22000000,111356.37000000,600.11827000
2025-08-27 01:00:00,111356.38000000,111469.07000000,111092.80000000,111299.48000000,488.51561000
2025-08-27 02:00:00,111299.48000000,111480.00000000,111105.45000000,111135.37000000,474.94910000
2025-08-27 03:00:00,111135.37000000,111723.92000000,110918.26000000,111418.15000000,608.69015000
2025-08-27 04:00:00,111418.15000000,111737.26000000,111403.29000000,111570.81000000,422.75409000
2025-08-27 05:00:00,111570.81000000,111685.57000000,111337.85000000,111372.18000000,323.13251000
2025-08-27 06:00:00,111372.18000000,111372.19000000,111028.02000000,111040.09000000,326.53843000
2025-08-27 07:00:00,111040.10000000,111129.94000000,110622.50000000,110725.18000000,737.37791000
2025-08-27 08:00:00,110725.19000000,110837.77000000,110345.42000000,110756.01000000,607.62048000
2025-08-27 09:00:00,110756.00000000,111125.32000000,110720.06000000,110810.78000000,362.97245000
2025-08-27 10:00:00,110810.77000000,111267.70000000,110810.77000000,110975.12000000,336.60819000
2025-08-27 11:00:00,110975.12000000,111374.45000000,110975.11000000,111322.07000000,287.06641000
2025-08-27 12:00:00,111322.07000000,111397.74000000,111022.78000000,111344.42000000,397.11123000
2025-08-27 13:00:00,111344.43000000,111895.25000000,111019.02000000,111487.24000000,851.74843000
2025-08-27 14:00:00,111487.24000000,112625.00000000,111283.97000000,111815.94000000,1276.25098000
2025-08-27 15:00:00,111815.94000000,112084.43000000,111505.00000000,112000.00000000,784.98996000
2025-08-27 16:00:00,111999.99000000,112250.00000000,111541.23000000,112121.46000000,613.40717000
2025-08-27 17:00:00,112121.45000000,112444.10000000,111897.43000000,112345.29000000,386.39727000
2025-08-27 18:00:00,112345.30000000,112600.00000000,111928.00000000,111947.21000000,410.75955000
2025-08-27 19:00:00,111947.22000000,112212.06000000,111576.24000000,112080.69000000,491.86153000
2025-08-27 20:00:00,112080.68000000,112419.09000000,110921.79000000,112419.07000000,1418.31926000
2025-08-27 21:00:00,112419.08000000,112452.05000000,111368.15000000,111528.19000000,454.99512000
2025-08-27 22:00:00,111528.19000000,111610.06000000,111051.00000000,111409.54000000,421.42728000
2025-08-27 23:00:00,111409.54000000,111544.00000000,111102.28000000,111262.01000000,308.99737000
2025-08-28 00:00:00,111262.01000000,111535.09000000,110862.42000000,111338.92000000,402.94473000
2025-08-28 01:00:00,111338.93000000,111714.28000000,111334.89000000,111647.70000000,252.40621000
2025-08-28 02:00:00,111647.71000000,111761.58000000,111446.07000000,111500.00000000,198.00577000
2025-08-28 03:00:00,111499.99000000,112042.04000000,111408.00000000,112000.01000000,350.42111000
2025-08-28 04:00:00,112000.00000000,113082.48000000,111945.07000000,112965.90000000,844.06120000
2025-08-28 05:00:00,112965.89000000,113160.00000000,112702.13000000,112853.24000000,635.30026000
2025-08-28 06:00:00,112853.24000000,113284.41000000,112716.00000000,113213.78000000,337.92035000
2025-08-28 07:00:00,113213.79000000,113360.00000000,113005.92000000,113114.11000000,664.63681000
2025-08-28 08:00:00,113114.11000000,113351.51000000,113006.66000000,113128.49000000,420.29225000
2025-08-28 09:00:00,113128.49000000,113139.80000000,112850.40000000,112856.89000000,355.38489000
2025-08-28 10:00:00,112856.89000000,113127.53000000,112826.22000000,113127.53000000,342.86877000
2025-08-28 11:00:00,113127.53000000,113152.97000000,112850.00000000,112909.18000000,300.49745000
2025-08-28 12:00:00,112909.18000000,113340.01000000,112781.68000000,113239.44000000,542.61317000
2025-08-28 13:00:00,113239.44000000,113485.90000000,112575.43000000,112832.00000000,1179.11716000
2025-08-28 14:00:00,112832.75000000,113300.00000000,112528.15000000,113153.06000000,644.09235000
2025-08-28 15:00:00,113153.07000000,113250.00000000,112391.56000000,112678.53000000,723.11082000
2025-08-28 16:00:00,112678.53000000,113186.56000000,112329.44000000,112329.44000000,566.22384000
2025-08-28 17:00:00,112329.44000000,112617.86000000,112215.32000000,112387.99000000,544.60806000
2025-08-28 18:00:00,112388.00000000,112718.20000000,112230.76000000,112373.59000000,299.78379000
2025-08-28 19:00:00,112373.58000000,112575.84000000,111901.35000000,111901.36000000,402.68130000
2025-08-28 20:00:00,111901.36000000,112111.05000000,111872.06000000,111902.49000000,225.57171000
2025-08-28 21:00:00,111902.50000000,112133.65000000,111900.00000000,112025.07000000,225.07680000
2025-08-28 22:00:00,112025.07000000,112509.33000000,112025.06000000,112340.64000000,326.33504000
2025-08-28 23:00:00,112340.64000000,112575.98000000,112305.15000000,112566.90000000,320.32360000
2025-08-29 00:00:00,112566.90000000,112638.64000000,112129.13000000,112200.94000000,446.62185000
2025-08-29 01:00:00,112200.94000000,112271.38000000,111425.28000000,111486.00000000,719.46398000
2025-08-29 02:00:00,111486.00000000,111770.44000000,111361.35000000,111419.98000000,547.49956000
2025-08-29 03:00:00,111419.98000000,111823.19000000,111302.27000000,111704.23000000,409.42082000
2025-08-29 04:00:00,111704.24000000,111850.56000000,111420.87000000,111502.00000000,396.49962000
2025-08-29 05:00:00,111502.01000000,111583.13000000,111133.64000000,111315.42000000,508.83781000
2025-08-29 06:00:00,111315.42000000,111401.06000000,110955.41000000,111279.45000000,1428.68924000
2025-08-29 07:00:00,111279.45000000,111279.45000000,109899.99000000,110019.38000000,1926.94513000
2025-08-29 08:00:00,110019.38000000,110270.30000000,109610.00000000,109628.02000000,1262.43838000
2025-08-29 09:00:00,109628.02000000,109924.39000000,109414.18000000,109772.71000000,713.11845000
2025-08-29 10:00:00,109772.71000000,110028.00000000,109750.00000000,110008.01000000,414.17589000
2025-08-29 11:00:00,110008.00000000,110161.93000000,109835.29000000,110098.81000000,458.57754000
2025-08-29 12:00:00,110098.81000000,111517.07000000,110070.73000000,110728.00000000,1553.78990000
2025-08-29 13:00:00,110728.01000000,110780.57000000,108900.00000000,109106.14000000,2037.27573000
2025-08-29 14:00:00,109106.14000000,109560.14000000,108103.00000000,108198.67000000,2371.46354000
2025-08-29 15:00:00,108198.66000000,108727.38000000,108188.39000000,108386.23000000,1766.75123000
2025-08-29 16:00:00,108386.23000000,108832.00000000,108140.00000000,108705.67000000,960.99261000
2025-08-29 17:00:00,108705.68000000,108725.50000000,108155.73000000,108466.01000000,529.32413000
2025-08-29 18:00:00,108466.01000000,108500.00000000,108101.07000000,108145.40000000,328.44201000
2025-08-29 19:00:00,108145.40000000,108744.00000000,107934.24000000,108212.01000000,786.88663000
2025-08-29 20:00:00,108212.01000000,108263.02000000,107506.00000000,107770.78000000,1863.41834000
2025-08-29 21:00:00,107770.78000000,108470.75000000,107463.90000000,108450.01000000,644.62367000
2025-08-29 22:00:00,108450.00000000,108480.49000000,108207.79000000,108378.97000000,247.74076000
2025-08-29 23:00:00,108378.98000000,108549.99000000,108322.79000000,108377.40000000,257.31363000
2025-08-30 00:00:00,108377.40000000,108410.73000000,108139.49000000,108300.71000000,612.21355000
2025-08-30 01:00:00,108300.70000000,108350.00000000,107350.10000000,107447.97000000,702.48254000
2025-08-30 02:00:00,107447.97000000,107951.77000000,107384.00000000,107782.01000000,781.27336000
2025-08-30 03:00:00,107782.01000000,108436.21000000,107769.48000000,108436.20000000,1148.16791000
2025-08-30 04:00:00,108436.21000000,108697.28000000,108372.95000000,108435.59000000,1453.52211000
2025-08-30 05:00:00,108435.58000000,108480.71000000,108129.30000000,108347.20000000,569.67263000
2025-08-30 06:00:00,108347.20000000,108554.73000000,108209.35000000,108320.00000000,334.65645000
2025-08-30 07:00:00,108320.00000000,108524.26000000,108120.00000000,108524.26000000,694.47404000
2025-08-30 08:00:00,108524.26000000,108777.43000000,108488.00000000,108568.00000000,287.42447000
2025-08-30 09:00:00,108568.00000000,108604.82000000,108470.84000000,108517.63000000,290.02640000
2025-08-30 10:00:00,108517.63000000,108690.49000000,108400.00000000,108425.99000000,427.75960000
2025-08-30 11:00:00,108425.98000000,108714.35000000,108422.36000000,108680.01000000,411.74343000
2025-08-30 12:00:00,108680.01000000,108680.01000000,108333.00000000,108614.86000000,356.51633000
2025-08-30 13:00:00,108614.85000000,108614.86000000,108190.52000000,108531.14000000,552.78663000
2025-08-30 14:00:00,108531.14000000,108740.16000000,108408.84000000,108661.99000000,285.06574000
2025-08-30 15:00:00,108662.00000000,108926.15000000,108551.08000000,108869.98000000,346.17102000
2025-08-30 16:00:00,108869.98000000,108879.96000000,108665.63000000,108815.72000000,286.49152000
2025-08-30 17:00:00,108815.72000000,108898.17000000,108625.46000000,108784.71000000,163.33936000
2025-08-30 18:00:00,108784.71000000,108839.13000000,108629.28000000,108739.72000000,109.15999000
2025-08-30 19:00:00,108739.72000000,108900.00000000,108650.00000000,108828.33000000,118.59542000
2025-08-30 20:00:00,108828.32000000,108838.27000000,108580.93000000,108648.00000000,168.45642000
2025-08-30 21:00:00,108648.00000000,108682.81000000,108500.00000000,108588.67000000,162.11994000
2025-08-30 22:00:00,108588.67000000,108595.90000000,108468.77000000,108531.12000000,159.37321000
2025-08-30 23:00:00,108531.13000000,108816.34000000,108530.15000000,108816.33000000,286.89952000
2025-08-31 00:00:00,108816.33000000,109400.00000000,108801.35000000,109389.08000000,767.94031000
2025-08-31 01:00:00,109389.09000000,109480.02000000,109141.60000000,109429.01000000,456.69292000
2025-08-31 02:00:00,109429.02000000,109439.54000000,109171.97000000,109224.87000000,227.48673000
2025-08-31 03:00:00,109224.88000000,109378.93000000,109160.05000000,109223.84000000,304.71150000
2025-08-31 04:00:00,109223.84000000,109231.41000000,108666.93000000,108816.32000000,409.65172000
2025-08-31 05:00:00,108816.33000000,108816.33000000,108572.00000000,108756.85000000,297.82501000
2025-08-31 06:00:00,108756.85000000,108778.27000000,108523.49000000,108716.65000000,209.89685000
2025-08-31 07:00:00,108716.65000000,108829.17000000,108670.00000000,108708.26000000,259.88571000
2025-08-31 08:00:00,108708.25000000,109030.51000000,108708.25000000,109011.67000000,217.73644000
2025-08-31 09:00:00,109011.67000000,109100.00000000,108447.60000000,108507.68000000,344.54949000
2025-08-31 10:00:00,108507.68000000,108628.63000000,108303.21000000,108560.23000000,639.93429000
2025-08-31 11:00:00,108560.23000000,108597.19000000,108323.73000000,108389.76000000,388.67440000
2025-08-31 12:00:00,108389.77000000,108486.13000000,108307.69000000,108309.20000000,637.73664000
2025-08-31 13:00:00,108309.21000000,108451.45000000,108191.29000000,108418.02000000,675.04582000
2025-08-31 14:00:00,108418.02000000,108515.68000000,108255.43000000,108467.33000000,482.56215000
2025-08-31 15:00:00,108467.32000000,108858.43000000,108462.60000000,108818.69000000,646.54444000
2025-08-31 16:00:00,108818.69000000,108978.00000000,108555.00000000,108922.79000000,566.18074000
2025-08-31 17:00:00,108922.79000000,108993.88000000,108852.89000000,108993.87000000,242.11190000
2025-08-31 18:00:00,108993.88000000,109237.51000000,108927.50000000,109146.62000000,264.16429000
2025-08-31 19:00:00,109146.62000000,109167.84000000,108916.28000000,108930.00000000,160.04622000
2025-08-31 20:00:00,108930.00000000,109118.00000000,108880.00000000,109117.99000000,190.53944000
2025-08-31 21:00:00,109118.00000000,109118.00000000,108957.12000000,109037.29000000,156.22084000
2025-08-31 22:00:00,109037.30000000,109230.00000000,108758.37000000,108900.46000000,245.89578000
2025-08-31 23:00:00,108900.45000000,108917.36000000,108076.93000000,108246.35000000,697.48233000
2025-09-01 00:00:00,108246.36000000,108406.18000000,107631.68000000,108222.37000000,1078.82210000
2025-09-01 01:00:00,108222.37000000,108482.98000000,107968.09000000,108150.24000000,471.21562000
2025-09-01 02:00:00,108150.24000000,108197.67000000,107425.42000000,107617.05000000,869.81682000
2025-09-01 03:00:00,107617.05000000,107769.94000000,107393.00000000,107660.01000000,786.48643000
2025-09-01 04:00:00,107660.00000000,107759.99000000,107279.51000000,107409.10000000,645.82838000
2025-09-01 05:00:00,107409.09000000,107987.40000000,107255.00000000,107866.12000000,547.79285000
2025-09-01 06:00:00,107866.13000000,108128.00000000,107594.42000000,108064.75000000,384.59049000
2025-09-01 07:00:00,108064.76000000,109432.99000000,107984.79000000,109432.99000000,1325.96108000
2025-09-01 08:00:00,109432.99000000,109820.02000000,109424.00000000,109590.00000000,1103.75653000
2025-09-01 09:00:00,109590.00000000,109912.40000000,109485.57000000,109524.12000000,513.50327000
2025-09-01 10:00:00,109524.13000000,109535.32000000,108186.41000000,108571.41000000,948.82778000
2025-09-01 11:00:00,108571.42000000,108857.35000000,108464.00000000,108782.88000000,545.20367000
2025-09-01 12:00:00,108782.89000000,109165.47000000,108635.39000000,109108.27000000,636.34520000
2025-09-01 13:00:00,109108.27000000,109520.00000000,108936.44000000,109023.61000000,725.12306000
2025-09-01 14:00:00,109023.61000000,109332.28000000,108824.82000000,109146.60000000,490.85432000
2025-09-01 15:00:00,109146.59000000,109373.10000000,108566.00000000,108784.33000000,414.02255000
2025-09-01 16:00:00,108784.33000000,109096.00000000,108653.09000000,108774.23000000,374.40601000
2025-09-01 17:00:00,108774.23000000,108953.82000000,108391.30000000,108927.61000000,570.88854000
2025-09-01 18:00:00,108927.61000000,109267.22000000,108921.17000000,109240.00000000,346.10668000
2025-09-01 19:00:00,109240.00000000,109329.65000000,109160.27000000,109217.64000000,261.74926000
2025-09-01 20:00:00,109217.65000000,109217.65000000,108284.00000000,108877.38000000,873.53022000
2025-09-01 21:00:00,108877.39000000,108939.42000000,107459.49000000,107800.80000000,917.91242000
2025-09-01 22:00:00,107800.80000000,108500.04000000,107588.01000000,108444.96000000,517.76894000
2025-09-01 23:00:00,108444.96000000,109442.95000000,108428.45000000,109237.42000000,703.08997000
2025-09-02 00:00:00,109237.43000000,109337.64000000,108883.80000000,109040.36000000,552.10707000
2025-09-02 01:00:00,109040.36000000,109611.11000000,108993.00000000,109313.00000000,616.57671000
2025-09-02 02:00:00,109313.00000000,110272.06000000,109171.78000000,110246.01000000,1081.14032000
2025-09-02 03:00:00,110246.00000000,110623.97000000,110060.12000000,110322.18000000,916.19598000
2025-09-02 04:00:00,110322.19000000,110420.00000000,110143.62000000,110310.56000000,492.48149000
2025-09-02 05:00:00,110310.56000000,110337.06000000,110045.01000000,110209.32000000,359.35463000
2025-09-02 06:00:00,110209.33000000,110610.50000000,110173.96000000,110376.63000000,596.39606000
2025-09-02 07:00:00,110376.63000000,110400.00000000,110000.00000000,110233.92000000,504.48390000
2025-09-02 08:00:00,110233.91000000,110711.10000000,110052.27000000,110360.00000000,557.03627000
2025-09-02 09:00:00,110360.01000000,110699.58000000,110256.94000000,110450.56000000,476.55196000
2025-09-02 10:00:00,110450.56000000,110477.85000000,110128.13000000,110246.00000000,410.87869000
2025-09-02 11:00:00,110246.00000000,110255.17000000,109563.87000000,109733.34000000,1017.54899000
2025-09-02 12:00:00,109733.33000000,109836.34000000,108393.39000000,108795.99000000,1297.32717000
2025-09-02 13:00:00,108796.00000000,111275.93000000,108733.88000000,111149.99000000,2481.20870000
2025-09-02 14:00:00,111149.99000000,111771.52000000,110780.61000000,111360.01000000,1925.30316000
2025-09-02 15:00:00,111360.00000000,111540.30000000,110628.85000000,110829.17000000,1065.05414000
2025-09-02 16:00:00,110829.16000000,111119.58000000,110469.70000000,110785.85000000,928.68032000
2025-09-02 17:00:00,110785.85000000,111050.00000000,110628.85000000,110914.00000000,702.01172000
2025-09-02 18:00:00,110914.01000000,110945.30000000,110200.00000000,110646.47000000,506.68111000
2025-09-02 19:00:00,110646.47000000,110840.00000000,110441.42000000,110806.00000000,447.85722000
2025-09-02 20:00:00,110806.01000000,111419.18000000,110716.77000000,111418.49000000,585.42846000
2025-09-02 21:00:00,111418.49000000,111538.17000000,111129.57000000,111129.57000000,356.26128000
2025-09-02 22:00:00,111129.58000000,111260.00000000,110870.27000000,111259.99000000,374.87092000
2025-09-02 23:00:00,111260.00000000,111271.13000000,111017.79000000,111240.01000000,258.85129000
2025-09-03 00:00:00,111240.01000000,111782.21000000,111240.01000000,111339.98000000,992.20281000
2025-09-03 01:00:00,111339.98000000,111404.77000000,110901.06000000,111176.94000000,454.81663000
2025-09-03 02:00:00,111176.93000000,111484.05000000,111029.43000000,111372.00000000,424.89931000
2025-09-03 03:00:00,111372.00000000,111411.24000000,110892.14000000,111054.01000000,391.69818000
2025-09-03 04:00:00,111054.00000000,111151.99000000,110836.48000000,111020.68000000,269.26802000
2025-09-03 05:00:00,111020.68000000,111069.48000000,110666.00000000,110685.57000000,327.14961000
2025-09-03 06:00:00,110685.57000000,110879.89000000,110549.80000000,110724.00000000,505.96638000
2025-09-03 07:00:00,110724.00000000,111111.11000000,110528.71000000,111099.88000000,437.31572000
2025-09-03 08:00:00,111099.87000000,111279.48000000,110974.00000000,111019.99000000,365.12571000
2025-09-03 09:00:00,111019.99000000,111324.00000000,110889.29000000,111312.28000000,314.98009000
2025-09-03 10:00:00,111312.28000000,111491.74000000,111170.06000000,111449.99000000,377.12634000
2025-09-03 11:00:00,111450.00000000,111708.00000000,111388.24000000,111437.77000000,457.60494000
2025-09-03 12:00:00,111437.77000000,111858.57000000,111031.61000000,111112.00000000,440.11635000
2025-09-03 13:00:00,111112.00000000,111920.70000000,111065.56000000,111475.07000000,862.57140000
2025-09-03 14:00:00,111475.08000000,112500.00000000,111118.43000000,112261.37000000,1480.64380000
2025-09-03 15:00:00,112261.37000000,112376.70000000,111910.24000000,112222.74000000,766.67332000
2025-09-03 16:00:00,112222.73000000,112336.00000000,111686.24000000,111858.66000000,604.19676000
2025-09-03 17:00:00,111858.65000000,112575.27000000,111858.65000000,112312.64000000,574.69857000
2025-09-03 18:00:00,112312.64000000,112516.35000000,111800.00000000,112000.00000000,465.80305000
2025-09-03 19:00:00,112000.00000000,112252.33000000,111781.63000000,112193.74000000,312.61035000
2025-09-03 20:00:00,112193.74000000,112250.00000000,112052.10000000,112211.31000000,229.15863000
2025-09-03 21:00:00,112211.30000000,112250.00000000,111759.50000000,111989.67000000,182.28806000
2025-09-03 22:00:00,111989.68000000,112150.00000000,111839.86000000,111947.48000000,177.73464000
2025-09-03 23:00:00,111947.47000000,111980.00000000,111613.98000000,111705.71000000,359.07217000
2025-09-04 00:00:00,111705.72000000,112180.00000000,111619.86000000,112065.61000000,343.42623000
2025-09-04 01:00:00,112065.60000000,112080.00000000,111641.63000000,111947.48000000,251.77157000
2025-09-04 02:00:00,111947.48000000,111980.01000000,111406.79000000,111450.15000000,359.69532000
2025-09-04 03:00:00,111450.16000000,111728.57000000,111136.00000000,111148.97000000,529.86591000
2025-09-04 04:00:00,111148.97000000,111318.84000000,110917.45000000,110917.45000000,332.73027000
2025-09-04 05:00:00,110917.46000000,110922.40000000,110569.36000000,110653.07000000,1163.68375000
2025-09-04 06:00:00,110653.08000000,110729.00000000,110279.68000000,110393.95000000,439.75314000
2025-09-04 07:00:00,110393.95000000,110642.19000000,110343.72000000,110463.36000000,357.56088000
2025-09-04 08:00:00,110463.36000000,110858.60000000,110415.72000000,110640.97000000,335.90557000
2025-09-04 09:00:00,110640.96000000,110856.63000000,110640.96000000,110815.04000000,215.23378000
2025-09-04 10:00:00,110815.05000000,111154.93000000,110628.85000000,110628.86000000,318.57504000
2025-09-04 11:00:00,110628.86000000,111054.69000000,110546.48000000,110810.00000000,381.28687000
2025-09-04 12:00:00,110810.00000000,111123.99000000,110532.73000000,110933.94000000,432.19177000
2025-09-04 13:00:00,110933.94000000,110970.00000000,110217.13000000,110464.00000000,602.35130000
2025-09-04 14:00:00,110463.99000000,110523.98000000,109705.48000000,109842.01000000,1107.22942000
2025-09-04 15:00:00,109842.01000000,109862.94000000,109329.12000000,109510.31000000,916.17813000
2025-09-04 16:00:00,109510.32000000,109688.00000000,109363.26000000,109438.34000000,640.73994000
2025-09-04 17:00:00,109438.35000000,109914.01000000,109428.98000000,109786.48000000,495.50168000
2025-09-04 18:00:00,109786.48000000,110218.39000000,109699.15000000,109977.00000000,620.57193000
2025-09-04 19:00:00,109977.00000000,110113.19000000,109713.31000000,109799.99000000,367.82140000
2025-09-04 20:00:00,109800.00000000,110409.46000000,109755.59000000,110408.02000000,396.63364000
2025-09-04 21:00:00,110408.01000000,110545.44000000,110328.96000000,110500.00000000,176.70046000
2025-09-04 22:00:00,110500.01000000,111588.66000000,110484.95000000,111490.73000000,669.83836000
2025-09-04 23:00:00,111490.74000000,111765.31000000,110605.72000000,110730.87000000,747.88900000
2025-09-05 00:00:00,110730.87000000,110929.30000000,110435.75000000,110451.62000000,457.22173000
2025-09-05 01:00:00,110451.63000000,111136.00000000,110451.63000000,111121.51000000,336.74632000
2025-09-05 02:00:00,111121.51000000,111482.09000000,111040.79000000,111340.65000000,606.85268000
2025-09-05 03:00:00,111340.64000000,111340.65000000,111096.67000000,111311.77000000,264.75507000
2025-09-05 04:00:00,111311.78000000,111468.20000000,111144.51000000,111445.00000000,785.66095000
2025-09-05 05:00:00,111445.00000000,111710.49000000,111407.57000000,111574.50000000,365.92368000
2025-09-05 06:00:00,111574.51000000,111914.53000000,111501.94000000,111911.99000000,435.99084000
2025-09-05 07:00:00,111912.00000000,112999.00000000,111883.49000000,112954.32000000,1893.59984000
2025-09-05 08:00:00,112954.32000000,112985.00000000,112605.37000000,112618.51000000,612.54610000
2025-09-05 09:00:00,112618.51000000,112619.98000000,112131.02000000,112303.87000000,672.38321000
2025-09-05 10:00:00,112303.87000000,112571.90000000,112191.40000000,112256.36000000,401.39645000
2025-09-05 11:00:00,112256.36000000,112439.36000000,112138.15000000,112354.00000000,270.50308000
2025-09-05 12:00:00,112354.00000000,113384.62000000,112040.00000000,113214.78000000,2902.04978000
2025-09-05 13:00:00,113214.78000000,113310.01000000,112706.71000000,113084.16000000,2093.90932000
2025-09-05 14:00:00,113084.16000000,113084.16000000,110487.65000000,110569.99000000,3593.87866000
2025-09-05 15:00:00,110569.99000000,111017.80000000,110286.91000000,110716.82000000,1216.05211000
2025-09-05 16:00:00,110716.82000000,110929.30000000,110537.99000000,110815.40000000,450.76892000
2025-09-05 17:00:00,110815.40000000,110815.40000000,110206.96000000,110608.18000000,561.64147000
2025-09-05 18:00:00,110608.19000000,111285.35000000,110569.43000000,111198.78000000,518.32708000
2025-09-05 19:00:00,111198.77000000,111627.51000000,111125.80000000,111614.54000000,636.35672000
2025-09-05 20:00:00,111614.54000000,111679.79000000,111299.98000000,111630.30000000,588.97794000
2025-09-05 21:00:00,111630.31000000,111700.00000000,110375.60000000,110605.01000000,1465.95586000
2025-09-05 22:00:00,110605.01000000,110917.46000000,110500.00000000,110800.00000000,278.07558000
2025-09-05 23:00:00,110800.01000000,110859.49000000,110594.79000000,110659.99000000,177.83549000
2025-09-06 00:00:00,110660.00000000,110833.32000000,110552.56000000,110779.70000000,235.00101000
2025-09-06 01:00:00,110779.70000000,110917.46000000,110744.08000000,110867.70000000,186.31454000
2025-09-06 02:00:00,110867.71000000,111216.25000000,110733.11000000,111216.15000000,184.10167000
2025-09-06 03:00:00,111216.14000000,111307.70000000,111000.12000000,111082.22000000,194.76496000
2025-09-06 04:00:00,111082.23000000,111082.23000000,110783.70000000,110876.12000000,353.63220000
2025-09-06 05:00:00,110876.12000000,110876.13000000,110687.69000000,110714.00000000,151.66886000
2025-09-06 06:00:00,110714.00000000,110817.11000000,110714.00000000,110752.83000000,96.24087000
2025-09-06 07:00:00,110752.84000000,110829.15000000,110750.64000000,110825.60000000,86.44213000
2025-09-06 08:00:00,110825.59000000,110968.00000000,110774.46000000,110952.76000000,91.10955000
2025-09-06 09:00:00,110952.77000000,110952.77000000,110693.86000000,110695.06000000,193.74674000
2025-09-06 10:00:00,110695.06000000,110804.62000000,110677.30000000,110773.62000000,157.49749000
2025-09-06 11:00:00,110773.62000000,110868.80000000,110675.58000000,110781.02000000,179.54833000
2025-09-06 12:00:00,110781.03000000,110898.70000000,110753.97000000,110832.58000000,158.76991000
2025-09-06 13:00:00,110832.59000000,110947.91000000,110822.00000000,110936.82000000,154.65819000
2025-09-06 14:00:00,110936.82000000,110999.83000000,110781.96000000,110807.77000000,144.71630000
2025-09-06 15:00:00,110807.78000000,110840.00000000,110358.11000000,110384.15000000,427.86502000
2025-09-06 16:00:00,110384.16000000,110402.00000000,109977.00000000,110267.99000000,876.95944000
2025-09-06 17:00:00,110267.99000000,110275.50000000,110000.00000000,110157.41000000,202.20870000
2025-09-06 18:00:00,110157.41000000,110285.65000000,110056.29000000,110228.00000000,160.96245000
2025-09-06 19:00:00,110228.01000000,110260.00000000,110000.00000000,110038.41000000,151.53000000
2025-09-06 20:00:00,110038.42000000,110167.01000000,110034.44000000,110167.00000000,140.09020000
2025-09-06 21:00:00,110167.01000000,110215.03000000,110093.14000000,110201.00000000,168.43512000
2025-09-06 22:00:00,110200.99000000,110238.12000000,110074.95000000,110170.55000000,159.17265000
2025-09-06 23:00:00,110170.54000000,110282.82000000,110113.96000000,110187.97000000,144.86264000
2025-09-07 00:00:00,110187.98000000,110367.37000000,110180.00000000,110356.75000000,274.12078000
2025-09-07 01:00:00,110356.74000000,110587.86000000,110332.81000000,110546.66000000,251.76683000
2025-09-07 02:00:00,110546.66000000,110692.52000000,110444.43000000,110666.24000000,231.20078000
2025-09-07 03:00:00,110666.24000000,110733.12000000,110596.71000000,110629.15000000,191.54953000
2025-09-07 04:00:00,110629.15000000,110638.00000000,110489.96000000,110557.76000000,140.43398000
2025-09-07 05:00:00,110557.77000000,110699.00000000,110557.76000000,110649.44000000,163.57402000
2025-09-07 06:00:00,110649.45000000,110665.35000000,110472.33000000,110504.15000000,195.71662000
2025-09-07 07:00:00,110504.14000000,110911.42000000,110463.10000000,110753.42000000,373.02249000
2025-09-07 08:00:00,110753.41000000,111377.19000000,110720.01000000,111071.25000000,524.25884000
2025-09-07 09:00:00,111071.25000000,111248.20000000,110876.88000000,111115.98000000,305.63775000
2025-09-07 10:00:00,111115.99000000,111237.97000000,111041.87000000,111225.02000000,152.81384000
2025-09-07 11:00:00,111225.03000000,111292.13000000,111189.75000000,111292.13000000,231.70263000
2025-09-07 12:00:00,111292.12000000,111292.13000000,111073.17000000,111115.92000000,171.89870000
2025-09-07 13:00:00,111115.92000000,111231.60000000,111042.60000000,111214.62000000,159.77105000
2025-09-07 14:00:00,111214.63000000,111412.00000000,111059.57000000,111145.59000000,337.64277000
2025-09-07 15:00:00,111145.59000000,111373.43000000,111120.56000000,111329.99000000,168.21133000
2025-09-07 16:00:00,111329.99000000,111371.35000000,111152.15000000,111202.02000000,223.90897000
2025-09-07 17:00:00,111202.02000000,111237.86000000,110888.07000000,110962.83000000,326.82203000
2025-09-07 18:00:00,110962.84000000,111063.00000000,110861.20000000,111053.76000000,219.80123000
2025-09-07 19:00:00,111053.77000000,111293.99000000,111049.05000000,111259.99000000,169.95303000
2025-09-07 20:00:00,111259.99000000,111371.26000000,111147.25000000,111330.30000000,178.99404000
2025-09-07 21:00:00,111330.31000000,111330.31000000,111050.14000000,111050.14000000,82.99122000
2025-09-07 22:00:00,111050.14000000,111364.40000000,111001.45000000,111250.01000000,270.95197000
2025-09-07 23:00:00,111250.01000000,111600.00000000,111076.92000000,111137.34000000,334.55501000
2025-09-08 00:00:00,111137.35000000,111293.26000000,110733.71000000,110837.96000000,553.54548000
2025-09-08 01:00:00,110837.95000000,110994.58000000,110731.71000000,110890.57000000,352.25138000
2025-09-08 02:00:00,110890.58000000,111372.00000000,110621.78000000,111240.00000000,364.10880000
2025-09-08 03:00:00,111239.99000000,111349.24000000,111026.91000000,111052.11000000,431.56519000
2025-09-08 04:00:00,111052.11000000,111218.49000000,110929.30000000,110979.35000000,318.48361000
2025-09-08 05:00:00,110979.35000000,111061.05000000,110899.69000000,111027.16000000,189.25665000
2025-09-08 06:00:00,111027.15000000,111197.86000000,110917.45000000,111113.26000000,156.58167000
2025-09-08 07:00:00,111113.26000000,111609.04000000,111113.25000000,111280.39000000,665.80320000
2025-09-08 08:00:00,111280.40000000,111910.48000000,111252.90000000,111684.25000000,867.09200000
2025-09-08 09:00:00,111684.26000000,112095.00000000,111591.06000000,112094.99000000,695.25367000
2025-09-08 10:00:00,112094.99000000,112186.98000000,111920.89000000,112048.00000000,648.82485000
2025-09-08 11:00:00,112048.00000000,112121.59000000,111754.31000000,112052.43000000,512.51734000
2025-09-08 12:00:00,112052.43000000,112153.90000000,111934.24000000,112034.51000000,293.01193000
2025-09-08 13:00:00,112034.50000000,112370.30000000,111877.64000000,111906.55000000,1120.28751000
2025-09-08 14:00:00,111906.56000000,112779.50000000,111888.00000000,112645.05000000,989.95574000
2025-09-08 15:00:00,112645.06000000,112924.37000000,112526.61000000,112631.75000000,614.96830000
2025-09-08 16:00:00,112631.74000000,112670.06000000,112293.18000000,112398.00000000,493.93324000
2025-09-08 17:00:00,112398.01000000,112531.60000000,112075.20000000,112214.40000000,461.27895000
2025-09-08 18:00:00,112214.41000000,112515.59000000,112184.97000000,112477.01000000,296.32443000
2025-09-08 19:00:00,112477.01000000,112477.01000000,111978.67000000,112097.31000000,430.27796000
2025-09-08 20:00:00,112097.31000000,112153.07000000,111896.00000000,111958.04000000,288.87626000
2025-09-08 21:00:00,111958.04000000,112331.32000000,111930.73000000,112326.45000000,273.54370000
2025-09-08 22:00:00,112326.45000000,112512.71000000,112210.91000000,112236.71000000,274.21823000
2025-09-08 23:00:00,112236.71000000,112305.03000000,111989.00000000,112065.23000000,290.44202000
2025-09-09 00:00:00,112065.23000000,112104.41000000,111459.87000000,111650.03000000,720.48199000
2025-09-09 01:00:00,111650.03000000,111748.54000000,111258.30000000,111364.73000000,520.52157000
2025-09-09 02:00:00,111364.73000000,111442.95000000,111111.00000000,111330.71000000,536.02045000
2025-09-09 03:00:00,111330.72000000,111740.61000000,111234.16000000,111708.00000000,314.74637000
2025-09-09 04:00:00,111708.01000000,112110.99000000,111624.12000000,112024.01000000,548.42419000
2025-09-09 05:00:00,112024.01000000,112248.84000000,111851.52000000,112200.00000000,298.70562000
2025-09-09 06:00:00,112200.01000000,113156.65000000,112151.16000000,113022.61000000,1080.72151000
2025-09-09 07:00:00,113022.62000000,113293.29000000,112753.61000000,112991.11000000,978.74308000
2025-09-09 08:00:00,112991.11000000,113176.51000000,112886.93000000,112992.69000000,524.35168000
2025-09-09 09:00:00,112992.69000000,113057.99000000,112900.00000000,112966.54000000,367.43684000
2025-09-09 10:00:00,112966.54000000,113040.00000000,112635.38000000,112732.62000000,631.93421000
2025-09-09 11:00:00,112732.62000000,112800.00000000,112403.91000000,112433.59000000,325.19749000
2025-09-09 12:00:00,112433.59000000,112824.00000000,112393.40000000,112671.76000000,397.08345000
2025-09-09 13:00:00,112671.76000000,112932.18000000,112470.18000000,112760.58000000,656.61339000
2025-09-09 14:00:00,112760.58000000,112950.00000000,111511.11000000,111767.45000000,1958.50565000
2025-09-09 15:00:00,111767.45000000,111847.23000000,110766.66000000,110880.76000000,1649.92992000
2025-09-09 16:00:00,110880.76000000,111148.17000000,110788.00000000,110975.99000000,808.62492000
2025-09-09 17:00:00,110975.99000000,111193.39000000,110898.28000000,111025.44000000,539.75817000
2025-09-09 18:00:00,111025.43000000,111298.16000000,110900.02000000,111131.92000000,495.62040000
2025-09-09 19:00:00,111131.92000000,111388.04000000,111124.17000000,111301.53000000,277.49178000
2025-09-09 20:00:00,111301.53000000,111530.16000000,111090.07000000,111530.16000000,761.02989000
2025-09-09 21:00:00,111530.15000000,111745.69000000,111270.75000000,111299.61000000,463.86358000
2025-09-09 22:00:00,111299.61000000,111630.31000000,111266.11000000,111556.16000000,207.57487000
2025-09-09 23:00:00,111556.15000000,111583.81000000,111362.94000000,111546.39000000,315.90146000
2025-09-10 00:00:00,111546.38000000,111572.57000000,110942.33000000,111010.46000000,490.88671000
2025-09-10 01:00:00,111010.47000000,111224.53000000,110917.45000000,111005.64000000,419.72999000
2025-09-10 02:00:00,111005.63000000,111551.04000000,111005.63000000,111411.13000000,492.50873000
2025-09-10 03:00:00,111411.13000000,111586.26000000,111372.08000000,111545.88000000,263.91729000
2025-09-10 04:00:00,111545.88000000,111647.38000000,111410.83000000,111520.43000000,304.12835000
2025-09-10 05:00:00,111520.43000000,111729.65000000,111372.42000000,111577.31000000,436.99878000
2025-09-10 06:00:00,111577.31000000,111969.57000000,111396.08000000,111792.33000000,503.80753000
2025-09-10 07:00:00,111792.34000000,112602.35000000,111760.69000000,112553.65000000,1232.32394000
2025-09-10 08:00:00,112553.65000000,112859.80000000,112336.28000000,112370.08000000,1005.38091000
2025-09-10 09:00:00,112370.07000000,112428.29000000,112097.20000000,112274.29000000,619.63175000
2025-09-10 10:00:00,112274.29000000,112422.63000000,112199.19000000,112270.01000000,532.10538000
2025-09-10 11:00:00,112270.00000000,112409.49000000,112148.49000000,112299.99000000,422.47932000
2025-09-10 12:00:00,112300.00000000,113550.14000000,112299.99000000,113413.51000000,2800.76749000
2025-09-10 13:00:00,113413.50000000,114313.13000000,113384.61000000,113952.00000000,2112.22655000
2025-09-10 14:00:00,113951.99000000,114295.63000000,113802.14000000,113899.99000000,1035.28455000
2025-09-10 15:00:00,113900.00000000,114095.66000000,113723.21000000,113853.99000000,682.44215000
2025-09-10 16:00:00,113853.99000000,113936.99000000,113553.74000000,113759.89000000,577.39326000
2025-09-10 17:00:00,113759.88000000,114074.46000000,113415.20000000,113738.01000000,617.65367000
2025-09-10 18:00:00,113738.01000000,113896.94000000,113347.39000000,113584.85000000,688.96812000
2025-09-10 19:00:00,113584.84000000,113617.09000000,113155.03000000,113574.52000000,744.45366000
2025-09-10 20:00:00,113574.53000000,113900.00000000,113553.26000000,113566.39000000,611.07657000
2025-09-10 21:00:00,113566.40000000,113845.18000000,113528.01000000,113842.53000000,256.17247000
2025-09-10 22:00:00,113842.54000000,113992.39000000,113713.63000000,113881.20000000,264.24584000
2025-09-10 23:00:00,113881.21000000,114025.78000000,113788.00000000,113960.00000000,402.83522000
2025-09-11 00:00:00,113960.00000000,114008.87000000,113669.82000000,113885.70000000,432.57350000
2025-09-11 01:00:00,113885.70000000,114176.66000000,113831.33000000,113903.23000000,380.81020000
2025-09-11 02:00:00,113903.23000000,113953.99000000,113716.00000000,113819.02000000,230.50973000
2025-09-11 03:00:00,113819.02000000,114434.23000000,113819.01000000,114400.01000000,552.73536000
2025-09-11 04:00:00,114400.01000000,114400.01000000,114071.81000000,114158.29000000,489.30630000
2025-09-11 05:00:00,114158.29000000,114348.52000000,113966.46000000,114266.00000000,589.97492000
2025-09-11 06:00:00,114266.00000000,114459.65000000,114076.92000000,114324.64000000,409.80916000
2025-09-11 07:00:00,114324.65000000,114326.52000000,113957.20000000,114083.58000000,465.05247000
2025-09-11 08:00:00,114083.58000000,114200.00000000,113972.00000000,114049.39000000,307.55276000
2025-09-11 09:00:00,114049.39000000,114075.11000000,113776.00000000,113895.29000000,430.23419000
2025-09-11 10:00:00,113895.30000000,114119.40000000,113891.45000000,114062.32000000,373.92428000
2025-09-11 11:00:00,114062.31000000,114112.00000000,113887.98000000,113999.99000000,400.89210000
2025-09-11 12:00:00,113999.99000000,114500.00000000,113500.00000000,113975.99000000,2372.15470000
2025-09-11 13:00:00,113975.99000000,114715.02000000,113430.00000000,114628.08000000,1458.85001000
2025-09-11 14:00:00,114630.06000000,114667.45000000,113927.60000000,114463.73000000,759.30317000
2025-09-11 15:00:00,114463.73000000,114699.25000000,113996.19000000,114180.31000000,553.38549000
2025-09-11 16:00:00,114180.32000000,114588.98000000,114180.31000000,114487.53000000,300.34694000
2025-09-11 17:00:00,114487.53000000,114593.29000000,114328.52000000,114589.84000000,372.57383000
2025-09-11 18:00:00,114589.84000000,114605.54000000,114102.00000000,114312.35000000,416.47348000
2025-09-11 19:00:00,114312.35000000,114525.00000000,114182.04000000,114419.99000000,348.31986000
2025-09-11 20:00:00,114420.00000000,114487.53000000,114246.04000000,114395.99000000,308.36329000
2025-09-11 21:00:00,114395.98000000,114517.60000000,114395.98000000,114482.69000000,190.78211000
2025-09-11 22:00:00,114482.70000000,115266.45000000,114435.63000000,115084.00000000,1104.63013000
2025-09-11 23:00:00,115084.01000000,115488.09000000,115084.00000000,115482.69000000,428.17321000
2025-09-12 00:00:00,115482.69000000,116331.81000000,115420.87000000,115840.69000000,1835.12528000
2025-09-12 01:00:00,115840.69000000,116016.91000000,115371.13000000,115377.29000000,774.94414000
2025-09-12 02:00:00,115377.29000000,115663.05000000,115256.64000000,115391.00000000,535.95115000
2025-09-12 03:00:00,115391.00000000,115429.46000000,115045.45000000,115194.14000000,556.98098000
2025-09-12 04:00:00,115194.14000000,115509.65000000,115086.82000000,115359.99000000,435.01083000
2025-09-12 05:00:00,115360.00000000,115656.87000000,115320.27000000,115612.84000000,397.97519000
2025-09-12 06:00:00,115612.84000000,115612.85000000,115260.38000000,115318.00000000,301.68688000
2025-09-12 07:00:00,115318.01000000,115405.79000000,115086.70000000,115086.70000000,495.74469000
2025-09-12 08:00:00,115086.70000000,115273.12000000,114950.00000000,115048.00000000,931.11012000
2025-09-12 09:00:00,115047.99000000,115127.05000000,114888.01000000,115048.01000000,372.62834000
2025-09-12 10:00:00,115048.00000000,115093.49000000,114926.42000000,114980.85000000,227.81735000
2025-09-12 11:00:00,114980.84000000,115148.00000000,114901.03000000,114913.45000000,427.23394000
2025-09-12 12:00:00,114913.45000000,115172.57000000,114740.99000000,115083.97000000,620.57400000
2025-09-12 13:00:00,115083.98000000,115214.29000000,114822.77000000,115166.45000000,371.74126000
2025-09-12 14:00:00,115166.46000000,115500.95000000,114865.30000000,115260.00000000,719.98267000
2025-09-12 15:00:00,115260.00000000,115294.10000000,114939.53000000,115121.18000000,329.84108000
2025-09-12 16:00:00,115121.18000000,115514.77000000,115030.30000000,115495.56000000,536.60395000
2025-09-12 17:00:00,115495.56000000,115939.39000000,115395.66000000,115815.16000000,944.10930000
2025-09-12 18:00:00,115815.16000000,116495.00000000,115769.88000000,116486.18000000,1014.39133000
2025-09-12 19:00:00,116486.19000000,116665.63000000,116238.64000000,116632.51000000,1368.73979000
2025-09-12 20:00:00,116632.51000000,116632.51000000,115974.00000000,116157.33000000,898.27059000
2025-09-12 21:00:00,116157.34000000,116157.34000000,115752.68000000,115865.89000000,385.45605000
2025-09-12 22:00:00,115865.89000000,116360.43000000,115865.89000000,116027.46000000,494.01734000
2025-09-12 23:00:00,116027.46000000,116161.37000000,115929.06000000,116029.42000000,348.17094000
2025-09-13 00:00:00,116029.41000000,116298.78000000,115959.59000000,116209.32000000,476.47907000
2025-09-13 01:00:00,116209.32000000,116275.81000000,115576.26000000,115764.30000000,632.36146000
2025-09-13 02:00:00,115764.30000000,115991.29000000,115686.47000000,115886.17000000,322.19761000
2025-09-13 03:00:00,115886.16000000,116012.91000000,115837.98000000,115957.00000000,823.27412000
2025-09-13 04:00:00,115957.00000000,115957.01000000,115685.60000000,115698.40000000,314.62389000
2025-09-13 05:00:00,115698.40000000,115845.46000000,115657.81000000,115704.04000000,253.61230000
2025-09-13 06:00:00,115704.03000000,115802.16000000,115662.20000000,115749.99000000,251.18163000
2025-09-13 07:00:00,115750.00000000,115855.89000000,115702.39000000,115778.71000000,242.78688000
2025-09-13 08:00:00,115778.72000000,116056.17000000,115767.33000000,115978.01000000,351.87471000
2025-09-13 09:00:00,115978.01000000,116038.14000000,115871.26000000,116035.33000000,294.98775000
2025-09-13 10:00:00,116035.32000000,116166.71000000,115916.41000000,115937.99000000,318.28855000
2025-09-13 11:00:00,115937.99000000,116005.82000000,115888.00000000,115974.11000000,263.75402000
2025-09-13 12:00:00,115974.11000000,116060.00000000,115872.82000000,116002.91000000,204.03439000
2025-09-13 13:00:00,116002.91000000,116002.91000000,115621.65000000,115761.05000000,440.12472000
2025-09-13 14:00:00,115761.06000000,115950.00000000,115603.98000000,115797.68000000,438.72685000
2025-09-13 15:00:00,115797.67000000,115924.60000000,115619.57000000,115768.68000000,290.44971000
2025-09-13 16:00:00,115768.68000000,115817.37000000,115127.27000000,115334.00000000,700.81830000
2025-09-13 17:00:00,115333.99000000,115587.49000000,115180.00000000,115571.78000000,465.25625000
2025-09-13 18:00:00,115571.79000000,115653.26000000,115433.09000000,115633.92000000,160.49564000
2025-09-13 19:00:00,115633.91000000,115800.88000000,115570.78000000,115797.12000000,263.39165000
2025-09-13 20:00:00,115797.12000000,115991.29000000,115797.11000000,115905.88000000,220.70474000
2025-09-13 21:00:00,115905.88000000,115972.52000000,115839.98000000,115895.39000000,234.38734000
2025-09-13 22:00:00,115895.40000000,115944.64000000,115809.90000000,115871.58000000,159.45156000
2025-09-13 23:00:00,115871.58000000,115979.99000000,115861.39000000,115918.29000000,146.14080000
2025-09-14 00:00:00,115918.29000000,116000.00000000,115815.13000000,115935.60000000,153.28277000
2025-09-14 01:00:00,115935.61000000,115990.20000000,115744.67000000,115962.93000000,185.94891000
2025-09-14 02:00:00,115962.92000000,116109.00000000,115750.00000000,115852.95000000,267.49819000
2025-09-14 03:00:00,115852.95000000,115869.99000000,115651.99000000,115679.98000000,272.91216000
2025-09-14 04:00:00,115679.99000000,115768.00000000,115449.59000000,115750.99000000,247.86689000
2025-09-14 05:00:00,115751.00000000,115924.69000000,115735.58000000,115860.01000000,258.07375000
2025-09-14 06:00:00,115860.01000000,115936.00000000,115693.95000000,115734.23000000,196.84102000
2025-09-14 07:00:00,115734.24000000,115838.41000000,115734.23000000,115805.39000000,212.00183000
2025-09-14 08:00:00,115805.39000000,115983.02000000,115759.44000000,115933.40000000,137.30583000
2025-09-14 09:00:00,115933.40000000,116165.19000000,115905.88000000,116052.09000000,271.65824000
2025-09-14 10:00:00,116052.10000000,116132.85000000,115955.57000000,116027.26000000,156.38468000
2025-09-14 11:00:00,116027.25000000,116100.00000000,115748.78000000,115794.91000000,275.05839000
2025-09-14 12:00:00,115794.92000000,115878.49000000,115662.62000000,115776.31000000,316.97870000
2025-09-14 13:00:00,115776.31000000,115776.32000000,115217.01000000,115348.10000000,617.50773000
2025-09-14 14:00:00,115348.10000000,115691.04000000,115141.80000000,115401.75000000,750.31099000
2025-09-14 15:00:00,115401.75000000,115419.10000000,115200.40000000,115224.01000000,351.71527000
2025-09-14 16:00:00,115224.01000000,115540.00000000,115193.90000000,115480.00000000,284.25459000
2025-09-14 17:00:00,115480.00000000,115657.50000000,115413.46000000,115557.65000000,290.60711000
2025-09-14 18:00:00,115557.65000000,115557.66000000,115375.05000000,115388.21000000,161.60603000
2025-09-14 19:00:00,115388.21000000,115635.00000000,115330.99000000,115634.99000000,132.66154000
2025-09-14 20:00:00,115634.99000000,115851.26000000,115634.99000000,115802.16000000,116.11592000
2025-09-14 21:00:00,115802.16000000,116087.35000000,115607.99000000,116058.88000000,349.40859000
2025-09-14 22:00:00,116059.48000000,116076.89000000,115810.22000000,116009.61000000,262.34337000
2025-09-14 23:00:00,116009.62000000,116009.62000000,115135.00000000,115268.01000000,439.25947000
2025-09-15 00:00:00,115268.01000000,115276.49000000,114972.29000000,115071.32000000,521.11024000
2025-09-15 01:00:00,115071.32000000,115283.50000000,114825.00000000,115231.69000000,362.37165000
2025-09-15 02:00:00,115231.69000000,115443.29000000,115214.55000000,115362.35000000,184.52455000
2025-09-15 03:00:00,115362.35000000,115594.90000000,115347.91000000,115445.45000000,223.49300000
2025-09-15 04:00:00,115445.46000000,116168.26000000,115400.00000000,116058.01000000,698.45937000
2025-09-15 05:00:00,116058.01000000,116583.47000000,116019.05000000,116520.00000000,781.40763000
2025-09-15 06:00:00,116519.13000000,116757.99000000,116043.01000000,116129.99000000,559.85108000
2025-09-15 07:00:00,116130.00000000,116400.00000000,115626.96000000,115806.62000000,605.73350000
2025-09-15 08:00:00,115806.62000000,115806.62000000,114709.18000000,114737.27000000,1325.86164000
2025-09-15 09:00:00,114737.28000000,115188.00000000,114625.87000000,114868.59000000,1072.97754000
2025-09-15 10:00:00,114868.60000000,114954.83000000,114720.69000000,114769.04000000,532.63649000
2025-09-15 11:00:00,114769.03000000,115195.86000000,114740.97000000,115070.00000000,565.80309000
2025-09-15 12:00:00,115070.01000000,115074.51000000,114671.75000000,114721.04000000,599.02223000
2025-09-15 13:00:00,114721.03000000,115099.00000000,114384.00000000,114664.08000000,1056.42151000
2025-09-15 14:00:00,114664.07000000,115029.81000000,114450.28000000,114679.56000000,775.27929000
2025-09-15 15:00:00,114679.55000000,114909.40000000,114404.43000000,114842.90000000,564.69333000
2025-09-15 16:00:00,114842.90000000,114922.59000000,114600.00000000,114662.57000000,364.30154000
2025-09-15 17:00:00,114662.58000000,115130.00000000,114600.00000000,115120.03000000,284.01648000
2025-09-15 18:00:00,115120.02000000,115360.54000000,114904.16000000,115307.79000000,538.96072000
2025-09-15 19:00:00,115307.79000000,115570.00000000,114975.66000000,115307.78000000,685.41151000
2025-09-15 20:00:00,115307.78000000,115515.41000000,115200.07000000,115379.99000000,325.59706000
2025-09-15 21:00:00,115380.00000000,115538.55000000,115283.49000000,115528.00000000,170.93694000
2025-09-15 22:00:00,115528.00000000,115605.07000000,115221.68000000,115288.01000000,235.69782000
2025-09-15 23:00:00,115288.01000000,115476.00000000,115232.58000000,115349.71000000,177.94328000
2025-09-16 00:00:00,115349.71000000,115349.71000000,114945.01000000,115088.66000000,244.26086000
2025-09-16 01:00:00,115088.66000000,115520.00000000,115008.69000000,115024.24000000,232.34980000
2025-09-16 02:00:00,115024.24000000,115227.51000000,115024.23000000,115034.47000000,151.83383000
2025-09-16 03:00:00,115034.48000000,115426.49000000,115034.44000000,115307.25000000,236.03187000
2025-09-16 04:00:00,115307.26000000,115560.01000000,114930.00000000,115503.01000000,446.01382000
2025-09-16 05:00:00,115503.02000000,115957.23000000,115454.30000000,115936.65000000,685.43114000
2025-09-16 06:00:00,115936.65000000,116009.62000000,115591.57000000,115770.35000000,449.53079000
2025-09-16 07:00:00,115770.36000000,115886.17000000,115724.41000000,115840.00000000,319.02367000
2025-09-16 08:00:00,115839.99000000,115981.17000000,115526.50000000,115658.76000000,463.00777000
2025-09-16 09:00:00,115658.76000000,115720.00000000,115443.65000000,115477.27000000,286.71309000
2025-09-16 10:00:00,115477.28000000,115590.49000000,115372.35000000,115372.46000000,292.61330000
2025-09-16 11:00:00,115372.47000000,115431.52000000,115206.15000000,115287.83000000,303.19825000
2025-09-16 12:00:00,115287.84000000,115460.20000000,115287.38000000,115439.36000000,296.84884000
2025-09-16 13:00:00,115439.36000000,115558.06000000,114737.11000000,115200.00000000,1064.59506000
2025-09-16 14:00:00,115200.00000000,115306.71000000,114811.00000000,115296.86000000,607.41382000
2025-09-16 15:00:00,115296.86000000,115905.89000000,115010.66000000,115905.88000000,653.80057000
2025-09-16 16:00:00,115905.88000000,116068.92000000,115608.28000000,116068.06000000,691.27604000
2025-09-16 17:00:00,116068.05000000,116870.76000000,116056.99000000,116461.54000000,1252.39334000
2025-09-16 18:00:00,116461.55000000,116776.66000000,116226.12000000,116418.86000000,486.09455000
2025-09-16 19:00:00,116418.87000000,116820.00000000,116395.60000000,116800.12000000,525.61626000
2025-09-16 20:00:00,116800.13000000,116908.83000000,116722.56000000,116839.47000000,367.21592000
2025-09-16 21:00:00,116839.47000000,116940.26000000,116584.45000000,116800.51000000,295.98351000
2025-09-16 22:00:00,116800.51000000,116964.27000000,116694.73000000,116855.58000000,312.66858000
2025-09-16 23:00:00,116855.58000000,116920.46000000,116632.00000000,116788.96000000,262.99472000
2025-09-17 00:00:00,116788.96000000,116832.00000000,116560.00000000,116560.01000000,269.72360000
2025-09-17 01:00:00,116560.01000000,116768.00000000,116516.92000000,116662.25000000,267.74519000
2025-09-17 02:00:00,116662.25000000,117077.16000000,116556.52000000,116686.43000000,742.45370000
2025-09-17 03:00:00,116686.43000000,116758.83000000,116371.81000000,116372.04000000,377.83050000
2025-09-17 04:00:00,116372.05000000,116480.01000000,116160.22000000,116313.49000000,262.15716000
2025-09-17 05:00:00,116313.50000000,117214.00000000,116313.49000000,117108.30000000,894.88999000
2025-09-17 06:00:00,117108.31000000,117286.73000000,116970.41000000,117234.27000000,770.01131000
2025-09-17 07:00:00,117234.28000000,117275.00000000,117125.78000000,117162.48000000,557.97471000
2025-09-17 08:00:00,117162.48000000,117189.86000000,116683.99000000,116860.00000000,635.73334000
2025-09-17 09:00:00,116860.01000000,116860.01000000,116548.88000000,116550.01000000,380.39506000
2025-09-17 10:00:00,116550.01000000,116604.26000000,116267.44000000,116359.14000000,356.93808000
2025-09-17 11:00:00,116359.14000000,116383.87000000,116253.27000000,116258.13000000,282.02162000
2025-09-17 12:00:00,116258.12000000,116516.93000000,116096.41000000,116204.94000000,387.04674000
2025-09-17 13:00:00,116204.94000000,116330.75000000,115905.88000000,116107.19000000,664.85629000
2025-09-17 14:00:00,116107.18000000,116240.00000000,115432.00000000,115606.61000000,1214.53614000
2025-09-17 15:00:00,115606.62000000,115886.17000000,115527.48000000,115875.32000000,581.89144000
2025-09-17 16:00:00,115875.33000000,115875.33000000,115386.21000000,115640.77000000,659.41460000
2025-09-17 17:00:00,115640.76000000,116288.27000000,115500.00000000,115504.48000000,696.96558000
2025-09-17 18:00:00,115504.49000000,116333.33000000,114720.81000000,115226.93000000,3427.38872000
2025-09-17 19:00:00,115226.93000000,115989.20000000,115068.33000000,115652.02000000,955.04331000
2025-09-17 20:00:00,115652.02000000,116140.20000000,115496.68000000,115621.47000000,455.26463000
2025-09-17 21:00:00,115621.47000000,116120.00000000,115307.33000000,116038.39000000,336.05085000
2025-09-17 22:00:00,116038.39000000,116823.72000000,116038.39000000,116559.69000000,741.17447000
2025-09-17 23:00:00,116559.68000000,116990.68000000,116340.07000000,116447.59000000,836.73837000
2025-09-18 00:00:00,116447.60000000,116470.52000000,116092.76000000,116350.65000000,442.99009000
2025-09-18 01:00:00,116350.65000000,116869.46000000,116340.00000000,116634.84000000,440.77649000
2025-09-18 02:00:00,116634.84000000,116959.96000000,116429.55000000,116950.47000000,318.21360000
2025-09-18 03:00:00,116950.46000000,117896.00000000,116896.93000000,117581.66000000,1879.70060000
2025-09-18 04:00:00,117581.67000000,117750.00000000,117219.50000000,117605.16000000,612.38170000
2025-09-18 05:00:00,117605.16000000,117605.16000000,117176.10000000,117273.36000000,340.19852000
2025-09-18 06:00:00,117273.37000000,117338.05000000,116888.02000000,117102.43000000,474.42047000
2025-09-18 07:00:00,117102.43000000,117208.00000000,117048.81000000,117086.01000000,362.62720000
2025-09-18 08:00:00,117086.01000000,117413.04000000,117010.59000000,117229.59000000,383.66591000
2025-09-18 09:00:00,117229.58000000,117350.00000000,117107.57000000,117298.81000000,260.44715000
2025-09-18 10:00:00,117298.82000000,117307.50000000,117078.72000000,117190.47000000,236.63641000
2025-09-18 11:00:00,117190.48000000,117300.00000000,117013.77000000,117063.40000000,285.00282000
2025-09-18 12:00:00,117063.41000000,117279.00000000,116977.59000000,117124.69000000,249.62123000
2025-09-18 13:00:00,117124.69000000,117655.55000000,117004.28000000,117432.04000000,647.01760000
2025-09-18 14:00:00,117432.04000000,117843.83000000,117400.54000000,117640.54000000,711.59459000
2025-09-18 15:00:00,117640.54000000,117705.51000000,117322.41000000,117583.56000000,808.09852000
2025-09-18 16:00:00,117583.56000000,117789.00000000,117500.01000000,117565.60000000,483.30991000
2025-09-18 17:00:00,117565.59000000,117765.59000000,117418.45000000,117579.93000000,479.43176000
2025-09-18 18:00:00,117579.94000000,117900.00000000,117512.11000000,117822.97000000,474.53821000
2025-09-18 19:00:00,117822.98000000,117822.98000000,117196.33000000,117450.21000000,391.34362000
2025-09-18 20:00:00,117450.21000000,117657.17000000,117337.95000000,117521.14000000,192.47211000
2025-09-18 21:00:00,117521.14000000,117521.14000000,117299.21000000,117299.21000000,187.11636000
2025-09-18 22:00:00,117299.21000000,117334.80000000,117027.34000000,117061.02000000,345.51742000
2025-09-18 23:00:00,117061.02000000,117172.21000000,116612.03000000,117073.53000000,650.11136000
2025-09-19 00:00:00,117073.53000000,117427.70000000,117020.00000000,117424.20000000,328.86734000
2025-09-19 01:00:00,117424.21000000,117459.99000000,117118.21000000,117241.32000000,268.67490000
2025-09-19 02:00:00,117241.32000000,117285.99000000,117044.13000000,117112.80000000,395.51641000
2025-09-19 03:00:00,117112.81000000,117291.01000000,116871.61000000,116977.58000000,333.32919000
2025-09-19 04:00:00,116977.58000000,117100.00000000,116700.02000000,116990.65000000,377.41298000
2025-09-19 05:00:00,116990.65000000,117010.00000000,116780.75000000,116894.83000000,306.31482000
2025-09-19 06:00:00,116894.83000000,116894.83000000,116633.86000000,116669.75000000,430.54942000
2025-09-19 07:00:00,116669.76000000,116992.81000000,116665.00000000,116909.97000000,423.81384000
2025-09-19 08:00:00,116909.98000000,117090.36000000,116882.47000000,116915.88000000,283.85786000
2025-09-19 09:00:00,116915.88000000,116979.86000000,116488.00000000,116488.00000000,361.47256000
2025-09-19 10:00:00,116488.00000000,116551.54000000,116434.23000000,116532.68000000,289.26548000
2025-09-19 11:00:00,116532.68000000,116554.05000000,116300.00000000,116394.72000000,309.23241000
2025-09-19 12:00:00,116394.72000000,116529.08000000,116133.66000000,116162.45000000,488.73837000
2025-09-19 13:00:00,116162.45000000,116465.35000000,116075.00000000,116284.64000000,435.12378000
2025-09-19 14:00:00,116284.63000000,116479.11000000,115800.00000000,115899.99000000,846.39402000
2025-09-19 15:00:00,115899.99000000,115952.95000000,115464.19000000,115884.03000000,887.61948000
2025-09-19 16:00:00,115884.03000000,116136.00000000,115800.00000000,116088.68000000,355.37234000
2025-09-19 17:00:00,116088.68000000,116093.18000000,115538.67000000,115542.73000000,360.56628000
2025-09-19 18:00:00,115542.73000000,115644.73000000,115382.98000000,115407.49000000,388.78402000
2025-09-19 19:00:00,115407.49000000,115479.45000000,115112.58000000,115125.12000000,308.93231000
2025-09-19 20:00:00,115125.13000000,115445.23000000,115100.00000000,115342.57000000,338.84816000
2025-09-19 21:00:00,115342.56000000,115532.73000000,115306.07000000,115465.39000000,178.46294000
2025-09-19 22:00:00,115465.39000000,115657.28000000,115465.39000000,115613.21000000,139.86142000
2025-09-19 23:00:00,115613.21000000,115648.00000000,115448.01000000,115632.38000000,155.08032000
2025-09-20 00:00:00,115632.39000000,115730.41000000,115548.92000000,115723.73000000,220.87363000
2025-09-20 01:00:00,115723.72000000,115723.73000000,115610.84000000,115623.51000000,178.50409000
2025-09-20 02:00:00,115623.50000000,115623.51000000,115444.00000000,115606.39000000,154.74621000
2025-09-20 03:00:00,115606.40000000,115606.40000000,115408.47000000,115445.00000000,162.93905000
2025-09-20 04:00:00,115445.00000000,115582.38000000,115409.08000000,115568.41000000,144.02474000
2025-09-20 05:00:00,115568.41000000,115717.50000000,115512.63000000,115717.49000000,224.42562000
2025-09-20 06:00:00,115717.49000000,115724.34000000,115625.85000000,115700.46000000,159.86607000
2025-09-20 07:00:00,115700.47000000,115985.20000000,115683.47000000,115968.56000000,231.14483000
2025-09-20 08:00:00,115968.56000000,115968.57000000,115700.01000000,115701.43000000,183.70782000
2025-09-20 09:00:00,115701.43000000,115794.39000000,115664.11000000,115672.80000000,196.19831000
2025-09-20 10:00:00,115672.80000000,115798.16000000,115672.79000000,115747.54000000,170.36368000
2025-09-20 11:00:00,115747.54000000,115909.54000000,115747.54000000,115894.06000000,242.77605000
2025-09-20 12:00:00,115894.05000000,115950.89000000,115804.47000000,115874.49000000,155.45643000
2025-09-20 13:00:00,115874.50000000,115951.96000000,115859.48000000,115915.80000000,123.96705000
2025-09-20 14:00:00,115915.79000000,116036.00000000,115883.30000000,115970.36000000,209.62425000
2025-09-20 15:00:00,115970.36000000,116121.81000000,115946.91000000,115986.69000000,347.86651000
2025-09-20 16:00:00,115986.70000000,116057.24000000,115882.58000000,116027.94000000,226.24762000
2025-09-20 17:00:00,116027.95000000,116079.46000000,115817.28000000,115821.72000000,189.06923000
2025-09-20 18:00:00,115821.73000000,115821.73000000,115700.00000000,115711.51000000,191.99051000
2025-09-20 19:00:00,115711.51000000,115812.62000000,115698.08000000,115702.00000000,290.90070000
2025-09-20 20:00:00,115702.00000000,115789.57000000,115689.91000000,115721.10000000,163.21635000
2025-09-20 21:00:00,115721.10000000,115944.70000000,115721.10000000,115786.31000000,200.36310000
2025-09-20 22:00:00,115786.30000000,115796.54000000,115742.14000000,115776.06000000,169.22355000
2025-09-20 23:00:00,115776.06000000,115776.06000000,115603.42000000,115685.63000000,137.43212000
2025-09-21 00:00:00,115685.63000000,115732.94000000,115559.97000000,115660.01000000,204.93197000
2025-09-21 01:00:00,115660.01000000,115660.01000000,115500.00000000,115500.00000000,193.04313000
2025-09-21 02:00:00,115500.01000000,115700.00000000,115441.83000000,115690.76000000,321.18986000
2025-09-21 03:00:00,115690.76000000,115723.43000000,115616.38000000,115669.41000000,199.89426000
2025-09-21 04:00:00,115669.42000000,115669.42000000,115494.22000000,115494.23000000,121.47731000
2025-09-21 05:00:00,115494.23000000,115663.49000000,115487.56000000,115663.48000000,237.18676000
2025-09-21 06:00:00,115663.48000000,115787.39000000,115663.48000000,115687.20000000,201.84931000
2025-09-21 07:00:00,115687.21000000,115815.98000000,115615.00000000,115815.97000000,246.42642000
2025-09-21 08:00:00,115815.98000000,115819.06000000,115560.94000000,115629.60000000,182.84602000
2025-09-21 09:00:00,115629.60000000,115704.53000000,115329.03000000,115683.54000000,335.85586000
2025-09-21 10:00:00,115683.53000000,115708.33000000,115504.13000000,115522.31000000,111.62025000
2025-09-21 11:00:00,115522.31000000,115694.74000000,115522.31000000,115603.45000000,156.53082000
2025-09-21 12:00:00,115603.45000000,115747.23000000,115603.44000000,115683.59000000,183.94971000
2025-09-21 13:00:00,115683.59000000,115747.06000000,115645.20000000,115661.65000000,136.30562000
2025-09-21 14:00:00,115661.65000000,115691.15000000,115500.00000000,115500.01000000,192.82816000
2025-09-21 15:00:00,115500.00000000,115599.60000000,115473.19000000,115531.61000000,158.23691000
2025-09-21 16:00:00,115531.62000000,115549.90000000,115209.02000000,115316.00000000,239.98829000
2025-09-21 17:00:00,115316.01000000,115629.58000000,115249.94000000,115628.18000000,234.56593000
2025-09-21 18:00:00,115628.19000000,115665.52000000,115513.98000000,115530.90000000,173.87321000
2025-09-21 19:00:00,115530.89000000,115530.90000000,115318.02000000,115480.05000000,132.68903000
2025-09-21 20:00:00,115480.05000000,115503.47000000,115307.51000000,115307.51000000,93.55507000
2025-09-21 21:00:00,115307.52000000,115434.53000000,115250.01000000,115405.48000000,101.37440000
2025-09-21 22:00:00,115405.48000000,115545.43000000,115188.00000000,115538.90000000,154.30721000
2025-09-21 23:00:00,115538.91000000,115538.91000000,115200.00000000,115232.29000000,196.99668000
2025-09-22 00:00:00,115232.29000000,115379.25000000,114290.16000000,114407.28000000,1196.13685000
2025-09-22 01:00:00,114407.28000000,114750.00000000,114250.98000000,114273.45000000,660.65043000
2025-09-22 02:00:00,114273.44000000,114618.89000000,114150.00000000,114187.81000000,895.13507000
2025-09-22 03:00:00,114187.80000000,114654.36000000,114187.80000000,114649.89000000,326.66818000
2025-09-22 04:00:00,114649.89000000,114649.90000000,114397.32000000,114433.53000000,208.01066000
2025-09-22 05:00:00,114433.53000000,114551.80000000,113623.00000000,113691.19000000,753.79586000
2025-09-22 06:00:00,113691.18000000,113698.38000000,111800.00000000,112800.77000000,5199.12797000
2025-09-22 07:00:00,112800.77000000,112999.00000000,112476.17000000,112519.99000000,1129.86840000
2025-09-22 08:00:00,112520.00000000,112780.00000000,112452.00000000,112629.07000000,810.01414000
2025-09-22 09:00:00,112629.06000000,112662.87000000,112173.52000000,112336.62000000,1219.89658000
2025-09-22 10:00:00,112336.62000000,112848.33000000,112262.22000000,112792.16000000,523.20588000
2025-09-22 11:00:00,112792.16000000,112976.02000000,112683.49000000,112876.97000000,499.11385000
2025-09-22 12:00:00,112876.97000000,112876.97000000,112520.00000000,112738.65000000,504.05132000
2025-09-22 13:00:00,112738.64000000,113148.29000000,112380.00000000,113130.63000000,813.72754000
2025-09-22 14:00:00,113130.63000000,113432.76000000,112754.15000000,112933.16000000,1386.14648000
2025-09-22 15:00:00,112933.16000000,113024.23000000,112576.42000000,112815.50000000,609.57711000
2025-09-22 16:00:00,112815.50000000,112888.00000000,112585.87000000,112600.68000000,359.00005000
2025-09-22 17:00:00,112600.69000000,112622.95000000,112250.89000000,112398.66000000,595.09480000
2025-09-22 18:00:00,112398.65000000,112816.55000000,112345.54000000,112429.13000000,470.04903000
2025-09-22 19:00:00,112429.12000000,112600.87000000,111936.40000000,112122.90000000,1307.37365000
2025-09-22 20:00:00,112122.90000000,112977.41000000,111975.28000000,112781.88000000,596.84005000
2025-09-22 21:00:00,112781.87000000,112970.00000000,112602.79000000,112969.99000000,293.31156000
2025-09-22 22:00:00,112969.99000000,112970.00000000,112594.33000000,112643.25000000,289.60715000
2025-09-22 23:00:00,112643.25000000,112739.14000000,112592.20000000,112650.99000000,135.31095000
2025-09-23 00:00:00,112650.99000000,112833.09000000,112385.23000000,112395.32000000,400.92095000
2025-09-23 01:00:00,112395.32000000,112502.29000000,112138.88000000,112156.66000000,439.66589000
2025-09-23 02:00:00,112156.66000000,112487.38000000,111674.00000000,111811.88000000,717.47413000
2025-09-23 03:00:00,111811.88000000,112446.97000000,111478.00000000,112339.99000000,840.03485000
2025-09-23 04:00:00,112339.99000000,112469.21000000,111876.15000000,112442.30000000,530.48180000
2025-09-23 05:00:00,112442.29000000,112894.49000000,112413.01000000,112665.44000000,645.16259000
2025-09-23 06:00:00,112665.44000000,113111.89000000,112616.93000000,112974.96000000,574.99132000
2025-09-23 07:00:00,112974.97000000,113114.01000000,112882.48000000,113090.13000000,754.18067000
2025-09-23 08:00:00,113090.13000000,113177.72000000,112936.98000000,113133.84000000,657.66339000
2025-09-23 09:00:00,113133.84000000,113281.50000000,112888.00000000,112934.47000000,430.99222000
2025-09-23 10:00:00,112934.48000000,113006.56000000,112828.62000000,112969.32000000,382.87944000
2025-09-23 11:00:00,112969.32000000,113081.35000000,112683.33000000,112975.99000000,343.04129000
2025-09-23 12:00:00,112975.99000000,113049.90000000,112811.40000000,112941.02000000,342.98937000
2025-09-23 13:00:00,112941.01000000,113024.31000000,112722.78000000,112952.31000000,426.02927000
2025-09-23 14:00:00,112952.32000000,113290.50000000,112571.81000000,112652.91000000,713.09459000
2025-09-23 15:00:00,112652.91000000,113072.89000000,112496.61000000,112882.19000000,466.71943000
2025-09-23 16:00:00,112882.20000000,112958.58000000,112486.37000000,112823.63000000,531.06975000
2025-09-23 17:00:00,112823.62000000,112823.62000000,111888.00000000,111957.76000000,587.62346000
2025-09-23 18:00:00,111957.76000000,112200.00000000,111686.90000000,111780.10000000,710.40527000
2025-09-23 19:00:00,111780.09000000,111979.27000000,111540.20000000,111655.29000000,565.08344000
2025-09-23 20:00:00,111655.29000000,111994.99000000,111458.73000000,111985.77000000,495.90964000
2025-09-23 21:00:00,111985.78000000,112202.24000000,111893.44000000,112161.54000000,270.56814000
2025-09-23 22:00:00,112161.53000000,112213.95000000,112002.16000000,112159.23000000,231.71626000
2025-09-23 23:00:00,112159.24000000,112220.54000000,111879.73000000,111998.80000000,242.62314000
2025-09-24 00:00:00,111998.80000000,112380.00000000,111816.86000000,112230.72000000,457.37128000
2025-09-24 01:00:00,112230.73000000,112500.00000000,112140.00000000,112451.26000000,263.95045000
2025-09-24 02:00:00,112451.25000000,112500.00000000,111896.43000000,112111.62000000,1045.64078000
2025-09-24 03:00:00,112111.62000000,112223.15000000,111683.09000000,111683.09000000,1081.07058000
2025-09-24 04:00:00,111683.10000000,112374.32000000,111042.66000000,112161.93000000,1377.98323000
2025-09-24 05:00:00,112161.94000000,112666.74000000,112133.83000000,112636.84000000,480.95742000
2025-09-24 06:00:00,112636.85000000,112779.37000000,112535.78000000,112596.69000000,508.56699000
2025-09-24 07:00:00,112596.70000000,112742.06000000,112459.44000000,112583.54000000,538.18220000
2025-09-24 08:00:00,112583.54000000,112636.85000000,112405.62000000,112622.80000000,369.32812000
2025-09-24 09:00:00,112622.81000000,112837.42000000,112501.38000000,112735.06000000,247.34844000
2025-09-24 10:00:00,112735.05000000,112960.00000000,112668.51000000,112941.98000000,402.84076000
2025-09-24 11:00:00,112941.99000000,113162.17000000,112877.30000000,113029.46000000,548.21142000
2025-09-24 12:00:00,113029.45000000,113097.99000000,112944.00000000,113070.69000000,272.77737000
2025-09-24 13:00:00,113070.69000000,113222.69000000,112808.00000000,112823.62000000,578.33959000
2025-09-24 14:00:00,112823.62000000,113890.00000000,112823.61000000,113720.64000000,966.18934000
2025-09-24 15:00:00,113720.64000000,113883.68000000,113257.01000000,113346.41000000,717.74437000
2025-09-24 16:00:00,113346.40000000,113753.00000000,113163.21000000,113732.01000000,447.67953000
2025-09-24 17:00:00,113732.01000000,113940.00000000,113616.00000000,113761.30000000,361.88913000
2025-09-24 18:00:00,113761.31000000,113830.66000000,113512.53000000,113639.80000000,202.61449000
2025-09-24 19:00:00,113639.80000000,113682.46000000,113292.25000000,113420.01000000,306.51270000
2025-09-24 20:00:00,113420.00000000,113609.25000000,113401.99000000,113501.52000000,233.37909000
2025-09-24 21:00:00,113501.52000000,113584.02000000,113283.99000000,113339.63000000,274.44453000
2025-09-24 22:00:00,113339.63000000,113647.58000000,113250.59000000,113336.33000000,268.57434000
2025-09-24 23:00:00,113336.34000000,113429.12000000,113204.71000000,113307.00000000,417.66352000
2025-09-25 00:00:00,113307.01000000,113510.23000000,112960.00000000,113062.35000000,567.08586000
2025-09-25 01:00:00,113062.35000000,113369.98000000,112446.15000000,112661.24000000,1139.29698000
2025-09-25 02:00:00,112661.24000000,113179.94000000,112510.06000000,112907.38000000,569.88139000
2025-09-25 03:00:00,112907.38000000,112907.39000000,112214.74000000,112546.21000000,773.34995000
2025-09-25 04:00:00,112546.22000000,112614.43000000,111584.23000000,111735.66000000,1337.55309000
2025-09-25 05:00:00,111735.67000000,112040.00000000,111597.86000000,111749.91000000,705.54263000
2025-09-25 06:00:00,111749.91000000,111843.30000000,111515.87000000,111533.26000000,371.96659000
2025-09-25 07:00:00,111533.26000000,111883.23000000,111450.42000000,111766.72000000,515.14719000
2025-09-25 08:00:00,111766.73000000,112031.18000000,111689.38000000,111727.21000000,537.91010000
2025-09-25 09:00:00,111727.20000000,112246.46000000,111571.57000000,111571.58000000,771.79377000
2025-09-25 10:00:00,111571.58000000,111854.12000000,111525.81000000,111648.19000000,434.41742000
2025-09-25 11:00:00,111648.19000000,111728.48000000,111283.63000000,111348.00000000,543.64106000
2025-09-25 12:00:00,111347.99000000,111656.81000000,111020.00000000,111111.00000000,1058.26970000
2025-09-25 13:00:00,111111.01000000,111719.05000000,110629.99000000,111000.00000000,2220.16862000
2025-09-25 14:00:00,111000.00000000,111729.52000000,110983.03000000,111540.00000000,856.73547000
2025-09-25 15:00:00,111540.01000000,111587.75000000,110868.90000000,111580.77000000,599.58449000
2025-09-25 16:00:00,111580.77000000,111672.58000000,110904.91000000,110957.29000000,585.10481000
2025-09-25 17:00:00,110957.28000000,110968.40000000,108654.00000000,108833.63000000,2899.70308000
2025-09-25 18:00:00,108833.63000000,109801.78000000,108631.51000000,109760.20000000,1427.42291000
2025-09-25 19:00:00,109760.20000000,109973.40000000,109302.54000000,109360.00000000,1217.19366000
2025-09-25 20:00:00,109360.00000000,109482.62000000,109057.06000000,109163.44000000,424.71820000
2025-09-25 21:00:00,109163.45000000,109666.30000000,109074.11000000,109420.00000000,347.85454000
2025-09-25 22:00:00,109420.00000000,109587.99000000,109261.02000000,109419.97000000,280.53982000
2025-09-25 23:00:00,109419.97000000,109685.72000000,108765.00000000,108994.49000000,1046.26824000
2025-09-26 00:00:00,108994.49000000,109614.67000000,108809.24000000,109472.13000000,868.75424000
2025-09-26 01:00:00,109472.12000000,109762.59000000,109313.17000000,109680.40000000,452.15578000
2025-09-26 02:00:00,109680.39000000,109798.84000000,109487.26000000,109621.70000000,497.29551000
2025-09-26 03:00:00,109621.70000000,109635.80000000,109293.25000000,109580.01000000,504.99021000
2025-09-26 04:00:00,109580.00000000,109625.94000000,109250.87000000,109338.01000000,315.34456000
2025-09-26 05:00:00,109338.02000000,109579.99000000,109085.78000000,109252.79000000,371.75832000
2025-09-26 06:00:00,109252.79000000,109624.16000000,109016.00000000,109360.00000000,592.34105000
2025-09-26 07:00:00,109360.00000000,109593.49000000,108913.00000000,109320.02000000,1776.45411000
2025-09-26 08:00:00,109320.02000000,109607.50000000,109304.72000000,109567.20000000,575.78415000
2025-09-26 09:00:00,109567.20000000,109690.98000000,109393.37000000,109568.72000000,441.33309000
2025-09-26 10:00:00,109568.72000000,109568.72000000,108697.42000000,108895.00000000,735.10273000
2025-09-26 11:00:00,108894.99000000,109200.00000000,108620.07000000,109133.50000000,923.24217000
2025-09-26 12:00:00,109133.50000000,109579.00000000,108824.82000000,109372.68000000,863.36244000
2025-09-26 13:00:00,109372.68000000,109779.73000000,109000.00000000,109669.73000000,991.99403000
2025-09-26 14:00:00,109669.72000000,109779.73000000,108764.76000000,108836.00000000,900.45250000
2025-09-26 15:00:00,108836.00000000,109358.50000000,108802.04000000,109027.78000000,486.11543000
2025-09-26 16:00:00,109027.79000000,109618.00000000,109027.78000000,109460.01000000,291.37899000
2025-09-26 17:00:00,109460.00000000,110000.00000000,109392.35000000,109899.99000000,627.01224000
2025-09-26 18:00:00,109900.00000000,110300.00000000,109700.00000000,109727.99000000,571.22129000
2025-09-26 19:00:00,109727.99000000,109727.99000000,109030.41000000,109172.20000000,603.81607000
2025-09-26 20:00:00,109172.21000000,109347.59000000,109087.57000000,109288.44000000,245.23004000
2025-09-26 21:00:00,109288.45000000,109530.00000000,109189.17000000,109469.07000000,210.90009000
2025-09-26 22:00:00,109469.07000000,109607.38000000,109348.00000000,109558.25000000,183.31873000
2025-09-26 23:00:00,109558.24000000,109687.69000000,109432.07000000,109643.46000000,213.65814000
2025-09-27 00:00:00,109643.46000000,109660.88000000,109472.23000000,109649.29000000,268.55384000
2025-09-27 01:00:00,109649.29000000,109657.45000000,109330.08000000,109431.92000000,230.21003000
2025-09-27 02:00:00,109431.92000000,109482.64000000,109324.42000000,109408.18000000,280.63961000
2025-09-27 03:00:00,109408.18000000,109743.91000000,109384.63000000,109553.77000000,262.25571000
2025-09-27 04:00:00,109553.77000000,109742.27000000,109514.63000000,109654.99000000,248.07725000
2025-09-27 05:00:00,109654.99000000,109684.29000000,109593.65000000,109635.72000000,128.97939000
2025-09-27 06:00:00,109635.73000000,109635.73000000,109481.44000000,109541.36000000,241.06138000
2025-09-27 07:00:00,109541.36000000,109570.36000000,109332.02000000,109411.20000000,290.72314000
2025-09-27 08:00:00,109411.19000000,109411.20000000,109252.00000000,109252.01000000,379.23249000
2025-09-27 09:00:00,109252.01000000,109347.59000000,109064.40000000,109292.73000000,409.97831000
2025-09-27 10:00:00,109292.74000000,109477.69000000,109256.07000000,109431.70000000,322.59239000
2025-09-27 11:00:00,109431.71000000,109440.65000000,109280.00000000,109310.21000000,244.48710000
2025-09-27 12:00:00,109310.22000000,109477.59000000,109227.14000000,109400.05000000,336.07633000
2025-09-27 13:00:00,109400.06000000,109412.14000000,109299.64000000,109306.61000000,336.77227000
2025-09-27 14:00:00,109306.61000000,109387.51000000,109255.90000000,109287.89000000,273.62629000
2025-09-27 15:00:00,109287.89000000,109427.40000000,109193.00000000,109402.24000000,204.90854000
2025-09-27 16:00:00,109402.25000000,109427.76000000,109308.00000000,109389.04000000,176.55452000
2025-09-27 17:00:00,109389.05000000,109410.00000000,109243.89000000,109382.47000000,183.15972000
2025-09-27 18:00:00,109382.48000000,109434.99000000,109345.11000000,109434.96000000,154.76580000
2025-09-27 19:00:00,109434.96000000,109440.00000000,109383.48000000,109424.20000000,76.33855000
2025-09-27 20:00:00,109424.21000000,109435.00000000,109362.72000000,109390.00000000,60.18528000
2025-09-27 21:00:00,109390.00000000,109483.55000000,109389.47000000,109474.99000000,119.69499000
2025-09-27 22:00:00,109474.98000000,109699.98000000,109474.98000000,109605.62000000,175.35372000
2025-09-27 23:00:00,109605.63000000,109683.16000000,109461.53000000,109635.85000000,97.55978000
2025-09-28 00:00:00,109635.85000000,109787.75000000,109548.00000000,109607.81000000,283.02575000
2025-09-28 01:00:00,109607.81000000,109654.85000000,109325.05000000,109353.67000000,221.51490000
2025-09-28 02:00:00,109353.68000000,109535.00000000,109353.67000000,109447.55000000,194.54739000
2025-09-28 03:00:00,109447.54000000,109535.00000000,109409.17000000,109436.00000000,123.06023000
2025-09-28 04:00:00,109436.00000000,109486.10000000,109365.88000000,109365.90000000,99.29239000
2025-09-28 05:00:00,109365.90000000,109398.00000000,109356.42000000,109356.43000000,124.07352000
2025-09-28 06:00:00,109356.44000000,109455.97000000,109260.00000000,109410.00000000,167.02015000
2025-09-28 07:00:00,109410.00000000,109537.80000000,109350.00000000,109513.06000000,178.66470000
2025-09-28 08:00:00,109513.06000000,109585.39000000,109423.21000000,109509.91000000,216.27847000
2025-09-28 09:00:00,109509.91000000,109559.89000000,109323.88000000,109519.42000000,209.63846000
2025-09-28 10:00:00,109519.43000000,109519.43000000,109368.43000000,109368.44000000,143.70537000
2025-09-28 11:00:00,109368.43000000,109447.28000000,109250.00000000,109369.02000000,293.31231000
2025-09-28 12:00:00,109369.02000000,109451.04000000,109189.99000000,109314.99000000,308.15163000
2025-09-28 13:00:00,109314.99000000,109668.98000000,109314.98000000,109639.00000000,332.00919000
2025-09-28 14:00:00,109639.00000000,109888.00000000,109502.56000000,109850.01000000,370.11862000
2025-09-28 15:00:00,109850.00000000,110037.93000000,109712.23000000,110037.93000000,338.92347000
2025-09-28 16:00:00,110037.92000000,110393.63000000,110008.54000000,110222.02000000,516.23853000
2025-09-28 17:00:00,110222.01000000,110377.05000000,110130.26000000,110203.52000000,374.79675000
2025-09-28 18:00:00,110203.53000000,110293.56000000,110060.88000000,110293.56000000,140.49771000
2025-09-28 19:00:00,110293.56000000,110388.46000000,110119.71000000,110337.60000000,184.24395000
2025-09-28 20:00:00,110337.61000000,110945.00000000,110294.78000000,110803.80000000,510.06540000
2025-09-28 21:00:00,110803.80000000,110896.33000000,110640.81000000,110833.99000000,275.55071000
2025-09-28 22:00:00,110833.99000000,112014.00000000,110833.99000000,111938.51000000,1130.21918000
2025-09-28 23:00:00,111938.51000000,112350.00000000,111938.51000000,112163.95000000,807.38282000
2025-09-29 00:00:00,112163.96000000,112309.98000000,111985.00000000,112260.57000000,716.58660000
2025-09-29 01:00:00,112260.57000000,112310.00000000,111721.79000000,111855.30000000,649.21896000
2025-09-29 02:00:00,111855.30000000,112022.27000000,111632.72000000,111750.02000000,621.54504000
2025-09-29 03:00:00,111750.02000000,111857.51000000,111588.07000000,111857.51000000,310.12302000
2025-09-29 04:00:00,111857.51000000,111904.34000000,111750.00000000,111812.00000000,278.79762000
2025-09-29 05:00:00,111812.01000000,111812.01000000,111575.38000000,111753.34000000,348.73721000
2025-09-29 06:00:00,111753.34000000,111850.00000000,111624.00000000,111632.83000000,334.53443000
2025-09-29 07:00:00,111632.83000000,111865.96000000,111560.65000000,111865.95000000,869.29090000
2025-09-29 08:00:00,111865.96000000,112421.99000000,111865.95000000,112099.75000000,787.97678000
2025-09-29 09:00:00,112099.74000000,112219.00000000,111988.13000000,112110.90000000,460.23123000
2025-09-29 10:00:00,112110.90000000,112225.00000000,112012.73000000,112090.18000000,476.12298000
2025-09-29 11:00:00,112090.19000000,112112.86000000,111923.13000000,112100.00000000,401.91096000
2025-09-29 12:00:00,112100.00000000,112515.00000000,111940.00000000,112022.16000000,744.63691000
2025-09-29 13:00:00,112022.00000000,113490.00000000,111901.26000000,113227.29000000,1670.66371000
2025-09-29 14:00:00,113227.29000000,114231.56000000,113220.21000000,114033.53000000,1791.07159000
2025-09-29 15:00:00,114033.54000000,114127.13000000,113686.06000000,113815.57000000,858.42631000
2025-09-29 16:00:00,113815.57000000,114053.00000000,113600.00000000,113626.15000000,728.01207000
2025-09-29 17:00:00,113626.15000000,114151.00000000,113449.74000000,114043.91000000,843.56729000
2025-09-29 18:00:00,114043.92000000,114137.73000000,113867.02000000,114008.79000000,396.89151000
2025-09-29 19:00:00,114008.78000000,114390.93000000,113848.63000000,114265.55000000,747.93438000
2025-09-29 20:00:00,114265.56000000,114400.00000000,114122.12000000,114258.29000000,497.44944000
2025-09-29 21:00:00,114258.29000000,114329.80000000,114095.36000000,114176.73000000,218.26557000
2025-09-29 22:00:00,114176.72000000,114216.41000000,114020.00000000,114189.81000000,443.81221000
2025-09-29 23:00:00,114189.80000000,114395.92000000,114189.80000000,114311.96000000,345.31333000
2025-09-30 00:00:00,114311.97000000,114758.00000000,114040.35000000,114525.97000000,953.85322000
2025-09-30 01:00:00,114525.97000000,114792.00000000,114255.38000000,114500.31000000,766.25660000
2025-09-30 02:00:00,114500.32000000,114583.19000000,114360.00000000,114455.96000000,385.99253000
2025-09-30 03:00:00,114455.96000000,114514.50000000,114303.06000000,114376.39000000,388.27883000
2025-09-30 04:00:00,114376.39000000,114376.40000000,114091.62000000,114091.63000000,355.43204000
2025-09-30 05:00:00,114091.63000000,114205.17000000,113827.24000000,113904.00000000,698.31455000
2025-09-30 06:00:00,113904.00000000,114084.22000000,113838.41000000,113891.64000000,527.62041000
2025-09-30 07:00:00,113891.64000000,113994.61000000,113585.00000000,113699.23000000,745.45417000
2025-09-30 08:00:00,113699.24000000,113741.37000000,113350.35000000,113451.89000000,653.46315000
2025-09-30 09:00:00,113451.89000000,113451.89000000,112731.41000000,112781.97000000,995.05591000
2025-09-30 10:00:00,112781.97000000,113085.23000000,112656.27000000,112923.49000000,721.99583000
2025-09-30 11:00:00,112923.50000000,113135.44000000,112810.62000000,113055.01000000,498.77683000
2025-09-30 12:00:00,113055.00000000,113255.99000000,112990.75000000,113002.06000000,347.59460000
2025-09-30 13:00:00,113002.06000000,113677.23000000,112866.11000000,113404.53000000,823.64679000
2025-09-30 14:00:00,113404.53000000,113630.13000000,112900.00000000,113595.05000000,910.17644000
2025-09-30 15:00:00,113595.04000000,113598.27000000,112919.95000000,113106.16000000,758.86878000
2025-09-30 16:00:00,113106.15000000,113279.92000000,112800.00000000,112841.24000000,386.78887000
2025-09-30 17:00:00,112841.23000000,113503.99000000,112813.82000000,113246.11000000,745.57241000
2025-09-30 18:00:00,113246.12000000,113714.56000000,113177.37000000,113714.56000000,431.85830000
2025-09-30 19:00:00,113714.55000000,114563.46000000,113702.01000000,114359.99000000,971.66803000
2025-09-30 20:00:00,114359.99000000,114723.57000000,114110.09000000,114626.36000000,710.64838000
2025-09-30 21:00:00,114626.36000000,114754.87000000,114136.50000000,114161.00000000,649.46746000
2025-09-30 22:00:00,114161.00000000,114356.98000000,113883.01000000,113940.39000000,348.93460000
2025-09-30 23:00:00,113940.40000000,114048.94000000,113765.42000000,114048.93000000,268.43760000
2025-10-01 00:00:00,114048.94000000,114308.00000000,113966.67000000,114239.53000000,434.59016000
2025-10-01 01:00:00,114239.53000000,114550.00000000,114142.99000000,114549.99000000,597.25360000
2025-10-01 02:00:00,114549.99000000,114551.76000000,114272.15000000,114272.15000000,508.42422000
2025-10-01 03:00:00,114272.16000000,114530.48000000,114096.58000000,114176.92000000,502.30318000
2025-10-01 04:00:00,114176.93000000,114700.00000000,114151.00000000,114289.01000000,597.89328000
2025-10-01 05:00:00,114289.02000000,114740.00000000,114265.63000000,114569.84000000,559.75519000
2025-10-01 06:00:00,114569.84000000,114624.30000000,114224.88000000,114256.81000000,392.52281000
2025-10-01 07:00:00,114256.82000000,114584.35000000,114236.59000000,114539.02000000,446.26236000
2025-10-01 08:00:00,114539.02000000,116591.80000000,114484.43000000,116111.28000000,2944.06599000
2025-10-01 09:00:00,116111.27000000,116529.93000000,115950.00000000,116412.10000000,1081.73774000
2025-10-01 10:00:00,116412.10000000,116551.00000000,116203.50000000,116281.64000000,549.64831000
2025-10-01 11:00:00,116281.64000000,116795.85000000,116269.00000000,116789.58000000,642.47832000
2025-10-01 12:00:00,116789.57000000,116887.00000000,116363.38000000,116402.65000000,645.19981000
2025-10-01 13:00:00,116402.65000000,116843.73000000,116399.50000000,116806.96000000,1233.59755000
2025-10-01 14:00:00,116806.96000000,117441.26000000,116704.74000000,117292.74000000,1631.53193000
2025-10-01 15:00:00,117292.73000000,117649.99000000,117091.84000000,117423.73000000,1008.01671000
2025-10-01 16:00:00,117423.73000000,118199.00000000,117319.04000000,117535.79000000,1840.40868000
2025-10-01 17:00:00,117535.79000000,117681.27000000,116724.56000000,116768.07000000,962.36022000
2025-10-01 18:00:00,116768.08000000,117339.09000000,116768.07000000,117234.01000000,528.26692000
2025-10-01 19:00:00,117234.01000000,117623.59000000,117214.80000000,117439.53000000,483.28734000
2025-10-01 20:00:00,117439.53000000,117542.24000000,117163.25000000,117536.12000000,412.83403000
2025-10-01 21:00:00,117536.13000000,117579.43000000,117339.54000000,117554.96000000,278.91184000
2025-10-01 22:00:00,117554.95000000,118080.00000000,117554.95000000,117745.39000000,593.82096000
2025-10-01 23:00:00,117745.39000000,118649.10000000,117686.28000000,118594.99000000,1161.22401000
2025-10-02 00:00:00,118594.99000000,119456.92000000,118397.32000000,118428.46000000,2212.72285000
2025-10-02 01:00:00,118428.46000000,118894.12000000,118368.05000000,118617.37000000,734.61790000
2025-10-02 02:00:00,118617.37000000,118784.87000000,118483.39000000,118753.73000000,644.14993000
2025-10-02 03:00:00,118753.73000000,119058.82000000,118688.61000000,118733.99000000,595.85707000
2025-10-02 04:00:00,118733.99000000,118930.29000000,118432.64000000,118662.04000000,410.46135000
2025-10-02 05:00:00,118662.04000000,118677.32000000,118279.31000000,118377.34000000,484.81157000
2025-10-02 06:00:00,118377.34000000,118672.34000000,118295.87000000,118649.06000000,380.89847000
2025-10-02 07:00:00,118649.07000000,118678.98000000,118424.00000000,118489.76000000,496.19299000
2025-10-02 08:00:00,118489.76000000,118680.00000000,118354.61000000,118668.89000000,309.01675000
2025-10-02 09:00:00,118668.89000000,118850.00000000,118567.00000000,118849.99000000,343.02582000
2025-10-02 10:00:00,118849.99000000,118926.49000000,118567.85000000,118619.56000000,393.64914000
2025-10-02 11:00:00,118619.55000000,118900.01000000,118537.10000000,118765.73000000,414.31674000
2025-10-02 12:00:00,118765.72000000,119402.43000000,118742.91000000,119402.42000000,924.16679000
2025-10-02 13:00:00,119402.43000000,119761.36000000,118933.25000000,119621.20000000,1531.32643000
2025-10-02 14:00:00,119621.19000000,119788.00000000,118642.20000000,118814.09000000,1237.92150000
2025-10-02 15:00:00,118814.09000000,119910.79000000,118516.39000000,119910.78000000,1405.75154000
2025-10-02 16:00:00,119910.78000000,120300.00000000,119607.82000000,119731.40000000,1570.77716000
2025-10-02 17:00:00,119731.40000000,119956.84000000,119359.63000000,119917.52000000,625.48952000
2025-10-02 18:00:00,119917.52000000,120663.96000000,119907.01000000,120506.61000000,1340.08580000
2025-10-02 19:00:00,120506.60000000,121022.07000000,120439.97000000,120836.49000000,1332.75893000
2025-10-02 20:00:00,120836.49000000,120914.00000000,120306.02000000,120652.01000000,833.01817000
2025-10-02 21:00:00,120652.01000000,120774.97000000,120141.72000000,120150.10000000,546.60875000
2025-10-02 22:00:00,120150.10000000,120412.24000000,120072.46000000,120257.49000000,379.08266000
2025-10-02 23:00:00,120257.49000000,120680.35000000,120251.81000000,120529.35000000,524.12720000
2025-10-03 00:00:00,120529.35000000,120550.90000000,120079.00000000,120132.80000000,776.43359000
2025-10-03 01:00:00,120132.80000000,120293.68000000,119820.00000000,119875.72000000,537.61051000
2025-10-03 02:00:00,119875.72000000,120269.11000000,119866.18000000,120157.82000000,451.19476000
2025-10-03 03:00:00,120157.82000000,120472.12000000,120157.82000000,120225.89000000,503.41637000
2025-10-03 04:00:00,120225.88000000,120324.53000000,120000.40000000,120039.98000000,289.32576000
2025-10-03 05:00:00,120039.98000000,120065.41000000,119746.81000000,119920.40000000,454.73200000
2025-10-03 06:00:00,119920.41000000,120075.62000000,119765.99000000,119916.93000000,356.16347000
2025-10-03 07:00:00,119916.94000000,120011.05000000,119610.59000000,119640.21000000,1193.69400000
2025-10-03 08:00:00,119640.22000000,120072.59000000,119248.30000000,120038.60000000,1368.04834000
2025-10-03 09:00:00,120038.60000000,120365.35000000,120008.60000000,120300.00000000,1073.47178000
2025-10-03 10:00:00,120300.01000000,120515.89000000,120271.18000000,120425.95000000,575.58075000
2025-10-03 11:00:00,120425.95000000,120471.00000000,120130.76000000,120334.50000000,450.30439000
2025-10-03 12:00:00,120334.51000000,120400.00000000,120102.18000000,120358.07000000,423.63897000
2025-10-03 13:00:00,120358.07000000,120691.44000000,120113.00000000,120374.73000000,795.86923000
2025-10-03 14:00:00,120374.72000000,120975.00000000,119881.24000000,120917.85000000,1151.84039000
2025-10-03 15:00:00,120917.10000000,122366.00000000,120641.27000000,122258.05000000,2558.07247000
2025-10-03 16:00:00,122258.04000000,123894.99000000,122258.04000000,122553.30000000,4679.27540000
2025-10-03 17:00:00,122553.30000000,123113.97000000,121603.42000000,122073.25000000,2932.08887000
2025-10-03 18:00:00,122073.26000000,122732.12000000,121466.25000000,122538.46000000,1175.09154000
2025-10-03 19:00:00,122538.46000000,122961.63000000,122355.08000000,122660.99000000,661.21371000
2025-10-03 20:00:00,122661.00000000,122734.92000000,122037.43000000,122447.94000000,617.65815000
2025-10-03 21:00:00,122447.94000000,122452.10000000,121999.33000000,122306.57000000,392.75542000
2025-10-03 22:00:00,122306.57000000,122665.00000000,122306.56000000,122477.00000000,227.99530000
2025-10-03 23:00:00,122477.00000000,122477.00000000,122180.79000000,122232.00000000,290.85283000
2025-10-04 00:00:00,122232.21000000,122295.56000000,121982.23000000,122100.00000000,444.36212000
2025-10-04 01:00:00,122100.00000000,122103.24000000,121698.80000000,121865.21000000,486.29697000
2025-10-04 02:00:00,121865.22000000,122030.00000000,121684.97000000,121854.53000000,443.51459000
2025-10-04 03:00:00,121854.53000000,122325.60000000,121829.54000000,122243.99000000,356.40352000
2025-10-04 04:00:00,122243.99000000,122522.00000000,122219.30000000,122495.00000000,315.41672000
2025-10-04 05:00:00,122495.01000000,122800.00000000,122405.64000000,122522.70000000,588.87932000
2025-10-04 06:00:00,122522.70000000,122606.86000000,122373.90000000,122430.27000000,358.53969000
2025-10-04 07:00:00,122430.27000000,122455.00000000,122259.98000000,122324.08000000,253.33958000
2025-10-04 08:00:00,122324.08000000,122539.83000000,122197.63000000,122267.57000000,499.04210000
2025-10-04 09:00:00,122267.58000000,122457.17000000,122186.03000000,122208.78000000,244.01487000
2025-10-04 10:00:00,122208.79000000,122331.01000000,122099.69000000,122129.53000000,208.78248000
2025-10-04 11:00:00,122129.53000000,122215.97000000,121962.81000000,121973.26000000,316.89688000
2025-10-04 12:00:00,121973.26000000,122103.00000000,121945.00000000,122005.62000000,214.19564000
2025-10-04 13:00:00,122005.62000000,122509.52000000,122005.62000000,122385.42000000,319.16828000
2025-10-04 14:00:00,122385.42000000,122459.98000000,122000.00000000,122000.01000000,229.86148000
2025-10-04 15:00:00,122000.01000000,122144.28000000,121698.88000000,121791.31000000,700.83126000
2025-10-04 16:00:00,121791.31000000,121964.95000000,121595.67000000,121719.99000000,652.05349000
2025-10-04 17:00:00,121720.00000000,121910.24000000,121660.57000000,121747.37000000,289.33463000
2025-10-04 18:00:00,121747.36000000,121829.69000000,121510.00000000,121574.66000000,288.12119000
2025-10-04 19:00:00,121574.66000000,121959.25000000,121574.65000000,121959.25000000,213.72533000
2025-10-04 20:00:00,121959.25000000,122079.65000000,121891.49000000,121892.89000000,211.24587000
2025-10-04 21:00:00,121892.89000000,122347.55000000,121871.01000000,122190.67000000,282.54040000
2025-10-04 22:00:00,122190.67000000,122365.14000000,122139.98000000,122287.19000000,158.14137000
2025-10-04 23:00:00,122287.19000000,122410.00000000,122214.00000000,122391.00000000,133.45900000
2025-10-05 00:00:00,122390.99000000,122410.00000000,122157.70000000,122157.70000000,191.66559000
2025-10-05 01:00:00,122157.71000000,122410.00000000,122136.00000000,122377.72000000,308.73428000
2025-10-05 02:00:00,122377.71000000,124362.28000000,122342.00000000,124031.44000000,2633.63494000
2025-10-05 03:00:00,124031.44000000,124173.00000000,123344.98000000,123776.22000000,1077.99134000
2025-10-05 04:00:00,123776.23000000,125708.42000000,123734.00000000,125172.81000000,3667.07177300
2025-10-05 05:00:00,125172.81000000,125437.91000000,124876.72000000,125127.99000000,1956.24996000
2025-10-05 06:00:00,125127.99000000,125225.54000000,124805.34000000,125000.01000000,821.20016000
2025-10-05 07:00:00,125000.01000000,125164.26000000,124622.60000000,124713.63000000,898.02731000
2025-10-05 08:00:00,124713.63000000,124838.37000000,124558.00000000,124595.99000000,532.28794000
2025-10-05 09:00:00,124596.00000000,124665.37000000,122789.35000000,123020.50000000,2214.92936000
2025-10-05 10:00:00,123020.51000000,123130.00000000,122520.24000000,123028.01000000,993.89021000
2025-10-05 11:00:00,123028.01000000,123538.46000000,122850.00000000,123464.64000000,714.20213000
2025-10-05 12:00:00,123464.64000000,123464.65000000,122927.17000000,123085.88000000,573.79261000
2025-10-05 13:00:00,123085.89000000,123358.83000000,123070.46000000,123161.39000000,684.83212000
2025-10-05 14:00:00,123161.40000000,123339.42000000,122770.32000000,123034.67000000,553.48643000
2025-10-05 15:00:00,123034.67000000,123034.67000000,122675.00000000,122803.17000000,420.97888000
2025-10-05 16:00:00,122803.17000000,123348.45000000,122301.63000000,123265.54000000,1014.58046000
2025-10-05 17:00:00,123265.55000000,123464.00000000,122890.38000000,123057.05000000,390.32827000
2025-10-05 18:00:00,123057.05000000,123220.30000000,122856.05000000,122999.44000000,586.52026000
2025-10-05 19:00:00,122999.44000000,123026.00000000,122500.00000000,122591.79000000,394.73151000
2025-10-05 20:00:00,122591.80000000,123055.05000000,122473.62000000,122705.32000000,347.70826000
2025-10-05 21:00:00,122705.31000000,122801.44000000,122489.85000000,122729.99000000,239.86372000
2025-10-05 22:00:00,122730.00000000,123278.76000000,122730.00000000,123237.40000000,329.01936000
2025-10-05 23:00:00,123237.40000000,123548.83000000,123219.62000000,123482.31000000,497.37068000
2025-10-06 00:00:00,123482.32000000,124358.46000000,123084.00000000,123347.29000000,1305.09536000
2025-10-06 01:00:00,123347.29000000,124239.70000000,123192.01000000,124035.32000000,720.59287000
2025-10-06 02:00:00,124035.33000000,124244.93000000,123476.04000000,124110.61000000,696.06889000
2025-10-06 03:00:00,124110.61000000,124126.31000000,123742.64000000,123839.09000000,303.52731000
2025-10-06 04:00:00,123839.09000000,123988.00000000,123554.27000000,123580.26000000,374.67011000
2025-10-06 05:00:00,123580.27000000,123750.00000000,123294.93000000,123586.00000000,558.79238000
2025-10-06 06:00:00,123586.01000000,124165.56000000,123586.00000000,123947.90000000,527.83575000
2025-10-06 07:00:00,123947.91000000,124035.89000000,123280.49000000,123390.47000000,749.33011000
2025-10-06 08:00:00,123390.47000000,123880.00000000,123390.46000000,123846.55000000,556.77898000
2025-10-06 09:00:00,123846.56000000,124056.73000000,123779.31000000,123955.30000000,791.39727000
2025-10-06 10:00:00,123955.29000000,124142.85000000,123899.42000000,123978.00000000,459.97878000
2025-10-06 11:00:00,123978.00000000,124531.66000000,123735.73000000,124215.00000000,960.05678000
2025-10-06 12:00:00,124215.00000000,124691.81000000,124178.00000000,124556.64000000,977.10945000
2025-10-06 13:00:00,124556.65000000,125079.85000000,124385.74000000,125031.33000000,1406.49106000
2025-10-06 14:00:00,125031.34000000,125330.00000000,124339.38000000,124530.00000000,1331.91784000
2025-10-06 15:00:00,124529.99000000,125408.29000000,124513.35000000,125000.00000000,852.17645000
2025-10-06 16:00:00,125000.00000000,125499.63000000,124800.00000000,125455.24000000,911.48586000
2025-10-06 17:00:00,125455.25000000,125819.20000000,125126.67000000,125284.00000000,1451.39316000
2025-10-06 18:00:00,125284.01000000,126199.63000000,125044.46000000,126011.18000000,1439.87325300
2025-10-06 19:00:00,126011.18000000,126134.71000000,125252.74000000,125410.81000000,919.42008000
2025-10-06 20:00:00,125410.80000000,125534.00000000,125032.01000000,125211.02000000,512.32035000
2025-10-06 21:00:00,125211.03000000,125268.50000000,124511.15000000,125097.85000000,907.58302000
2025-10-06 22:00:00,125097.86000000,125298.43000000,124784.41000000,125039.13000000,416.67058000
2025-10-06 23:00:00,125039.13000000,125100.00000000,124628.00000000,124658.54000000,364.06310000
2025-10-07 00:00:00,124658.54000000,124925.14000000,124600.00000000,124900.93000000,399.28672000
2025-10-07 01:00:00,124900.93000000,125082.27000000,124442.87000000,124699.99000000,470.23469000
2025-10-07 02:00:00,124699.99000000,124700.00000000,124159.22000000,124259.90000000,524.92821000
2025-10-07 03:00:00,124259.91000000,124568.44000000,124101.26000000,124329.74000000,379.16017000
2025-10-07 04:00:00,124329.74000000,124654.47000000,124109.10000000,124500.00000000,438.34342000
2025-10-07 05:00:00,124499.99000000,124640.76000000,124240.37000000,124414.17000000,424.20697000
2025-10-07 06:00:00,124414.17000000,124460.00000000,123800.00000000,123890.84000000,862.57843000
2025-10-07 07:00:00,123890.84000000,124038.00000000,123567.60000000,123667.99000000,730.09708000
2025-10-07 08:00:00,123668.00000000,123999.98000000,123322.90000000,123861.75000000,1172.93284000
2025-10-07 09:00:00,123861.75000000,124246.64000000,123861.74000000,124117.48000000,423.70195000
2025-10-07 10:00:00,124117.48000000,124413.75000000,124020.00000000,124282.19000000,385.65308000
2025-10-07 11:00:00,124282.18000000,124509.60000000,124179.99000000,124453.38000000,462.44628000
2025-10-07 12:00:00,124453.37000000,125126.00000000,124340.00000000,124917.99000000,747.53263000
2025-10-07 13:00:00,124918.00000000,125046.16000000,123288.00000000,123891.68000000,1734.89100000
2025-10-07 14:00:00,123891.68000000,124000.00000000,122568.00000000,122725.36000000,2078.91770000
2025-10-07 15:00:00,122725.36000000,122865.36000000,121172.89000000,121846.01000000,2798.67322000
2025-10-07 16:00:00,121846.01000000,122084.14000000,120800.02000000,121684.17000000,2051.61019000
2025-10-07 17:00:00,121684.17000000,121822.58000000,121100.00000000,121130.02000000,1241.13249000
2025-10-07 18:00:00,121130.02000000,121306.13000000,120574.94000000,120895.37000000,1099.60495000
2025-10-07 19:00:00,120895.37000000,122027.30000000,120860.46000000,121637.17000000,1334.54837000
2025-10-07 20:00:00,121637.18000000,122196.48000000,121637.18000000,121943.61000000,493.62814000
2025-10-07 21:00:00,121943.61000000,122292.62000000,121765.90000000,122016.00000000,397.91117000
2025-10-07 22:00:00,122016.00000000,122173.50000000,121797.60000000,122011.17000000,404.31119000
2025-10-07 23:00:00,122011.17000000,122022.88000000,121258.08000000,121332.95000000,577.66296000
2025-10-08 00:00:00,121332.96000000,122089.68000000,121276.00000000,121914.09000000,651.73891000
2025-10-08 01:00:00,121914.09000000,122056.00000000,121605.75000000,121950.01000000,519.56378000
2025-10-08 02:00:00,121950.00000000,122229.66000000,121825.74000000,122048.28000000,534.11266000
2025-10-08 03:00:00,122048.28000000,122048.28000000,121200.00000000,121374.75000000,701.35291000
2025-10-08 04:00:00,121374.76000000,121910.24000000,121066.14000000,121900.00000000,712.46180000
2025-10-08 05:00:00,121900.01000000,121900.01000000,121173.86000000,121374.01000000,708.85271000
2025-10-08 06:00:00,121374.02000000,121841.54000000,121068.96000000,121784.29000000,552.19718000
2025-10-08 07:00:00,121784.30000000,121872.37000000,121311.91000000,121597.06000000,697.34775000
2025-10-08 08:00:00,121597.05000000,122850.00000000,121524.01000000,122381.85000000,1462.35304000
2025-10-08 09:00:00,122381.84000000,122644.00000000,122381.84000000,122516.98000000,474.15682000
2025-10-08 10:00:00,122516.99000000,123100.00000000,122498.05000000,122934.60000000,654.29848000
2025-10-08 11:00:00,122934.61000000,123200.00000000,122743.36000000,122884.14000000,817.93210000
2025-10-08 12:00:00,122884.14000000,123090.75000000,122542.27000000,122631.52000000,464.26090000
2025-10-08 13:00:00,122631.52000000,122774.96000000,121649.68000000,122599.04000000,886.89853000
2025-10-08 14:00:00,122599.04000000,123350.00000000,122112.16000000,122320.00000000,1462.74459000
2025-10-08 15:00:00,122319.99000000,122622.55000000,121954.34000000,122189.72000000,559.46428000
2025-10-08 16:00:00,122189.72000000,123129.23000000,122110.08000000,123051.03000000,641.94768000
2025-10-08 17:00:00,123051.02000000,124164.36000000,122958.05000000,124033.19000000,1336.46427000
2025-10-08 18:00:00,124033.19000000,124197.25000000,123415.58000000,123460.22000000,1152.35838000
2025-10-08 19:00:00,123460.21000000,123759.94000000,123160.82000000,123450.00000000,664.75988000
2025-10-08 20:00:00,123450.01000000,123737.00000000,122814.00000000,122856.69000000,673.60553000
2025-10-08 21:00:00,122856.70000000,123332.01000000,122794.40000000,123277.33000000,261.93729000
2025-10-08 22:00:00,123277.34000000,123416.73000000,123200.81000000,123200.82000000,132.25319000
2025-10-08 23:00:00,123200.82000000,123537.11000000,123056.31000000,123306.00000000,289.55534000
2025-10-09 00:00:00,123306.01000000,123348.32000000,122839.15000000,122839.15000000,383.18910000
2025-10-09 01:00:00,122839.16000000,122857.32000000,122339.41000000,122548.23000000,649.56359000
2025-10-09 02:00:00,122548.23000000,122548.23000000,121475.98000000,121617.81000000,831.85568000
2025-10-09 03:00:00,121617.81000000,122120.28000000,121603.59000000,122038.01000000,454.57002000
2025-10-09 04:00:00,122038.01000000,122264.00000000,121904.81000000,122144.70000000,328.47326000
2025-10-09 05:00:00,122144.70000000,122196.99000000,121823.94000000,122100.92000000,394.74775000
2025-10-09 06:00:00,122100.92000000,122185.98000000,121883.43000000,121957.32000000,336.40438000
2025-10-09 07:00:00,121957.32000000,122067.61000000,121724.71000000,121906.10000000,391.52251000
2025-10-09 08:00:00,121906.09000000,121960.97000000,121145.49000000,121261.62000000,951.24212000
2025-10-09 09:00:00,121261.62000000,121855.44000000,121261.62000000,121813.04000000,495.55613000
2025-10-09 10:00:00,121813.04000000,122340.00000000,121650.22000000,122170.27000000,462.62367000
2025-10-09 11:00:00,122170.26000000,122833.02000000,122170.26000000,122737.57000000,780.01914000
2025-10-09 12:00:00,122737.56000000,123762.94000000,122709.10000000,123563.38000000,1483.31285000
2025-10-09 13:00:00,123563.38000000,123658.38000000,122277.76000000,122415.74000000,1233.13253000
2025-10-09 14:00:00,122415.74000000,122608.00000000,120736.96000000,121315.00000000,2613.44219000
2025-10-09 15:00:00,121315.01000000,121734.27000000,120673.99000000,121147.14000000,1236.17443000
2025-10-09 16:00:00,121147.15000000,121481.90000000,119707.29000000,119819.77000000,2831.42858000
2025-10-09 17:00:00,119819.76000000,121046.15000000,119651.47000000,120974.00000000,1671.39797000
2025-10-09 18:00:00,120971.22000000,121100.00000000,120396.00000000,120649.32000000,956.31004000
2025-10-09 19:00:00,120649.33000000,121108.12000000,120649.32000000,120951.72000000,714.92310000
2025-10-09 20:00:00,120951.72000000,121199.97000000,120838.00000000,121109.09000000,743.67096000
2025-10-09 21:00:00,121109.08000000,121512.70000000,121065.77000000,121461.02000000,436.22306000
2025-10-09 22:00:00,121461.03000000,121768.01000000,121411.55000000,121686.19000000,467.98367000
2025-10-09 23:00:00,121686.19000000,121900.00000000,121341.22000000,121662.40000000,711.59334000
2025-10-10 00:00:00,121662.41000000,121863.74000000,121595.75000000,121745.27000000,292.90359000
2025-10-10 01:00:00,121745.26000000,121874.13000000,121489.06000000,121623.97000000,353.28358000
2025-10-10 02:00:00,121623.96000000,121651.33000000,120900.00000000,121059.73000000,812.25118000
2025-10-10 03:00:00,121059.73000000,121575.99000000,120909.15000000,121026.01000000,636.24310000
2025-10-10 04:00:00,121026.00000000,121388.58000000,121018.33000000,121234.51000000,480.17378000
2025-10-10 05:00:00,121234.52000000,121604.49000000,120986.08000000,121583.89000000,503.29572000
2025-10-10 06:00:00,121583.89000000,121754.34000000,121265.26000000,121378.18000000,687.86577000
2025-10-10 07:00:00,121378.19000000,121388.61000000,120855.41000000,120932.05000000,895.21452000
2025-10-10 08:00:00,120932.05000000,121660.43000000,120916.44000000,121631.54000000,433.11300000
2025-10-10 09:00:00,121631.54000000,121777.07000000,121276.56000000,121314.73000000,473.35018000
2025-10-10 10:00:00,121314.73000000,121543.59000000,121228.83000000,121496.33000000,289.70624000
2025-10-10 11:00:00,121496.34000000,121661.62000000,121424.50000000,121554.55000000,357.66752000
2025-10-10 12:00:00,121554.55000000,121682.42000000,121420.00000000,121597.21000000,288.32785000
2025-10-10 13:00:00,121597.22000000,122550.00000000,121384.60000000,121684.20000000,1452.77007000
2025-10-10 14:00:00,121684.18000000,122069.76000000,120479.20000000,120493.17000000,1335.80488000
2025-10-10 15:00:00,120493.16000000,120626.55000000,118500.00000000,119018.98000000,4690.68973000
2025-10-10 16:00:00,119018.99000000,119456.28000000,118205.60000000,118205.61000000,2074.44286000
2025-10-10 17:00:00,118205.61000000,118427.51000000,117579.79000000,117623.80000000,2197.93519000
2025-10-10 18:00:00,117623.80000000,117851.50000000,117237.00000000,117237.70000000,1448.75320000
2025-10-10 19:00:00,117237.70000000,117341.92000000,115952.47000000,116661.50000000,2733.41302000
2025-10-10 20:00:00,116661.50000000,117214.64000000,113039.00000000,114266.82000000,4454.56036000
2025-10-10 21:00:00,114266.82000000,115112.69000000,102000.00000000,113451.86000000,22932.63034000
2025-10-10 22:00:00,113451.87000000,114109.03000000,110879.69000000,113700.00000000,9370.17448000
2025-10-10 23:00:00,113700.00000000,114807.41000000,112652.76000000,112774.50000000,4977.36911000
2025-10-11 00:00:00,112774.49000000,113178.66000000,111620.30000000,112514.58000000,3620.32878000
2025-10-11 01:00:00,112514.57000000,112530.01000000,111019.43000000,111095.37000000,2796.42603000
2025-10-11 02:00:00,111095.38000000,113297.92000000,111082.00000000,113196.48000000,2926.55879000
2025-10-11 03:00:00,113196.48000000,113322.39000000,111800.00000000,112300.01000000,2190.21309000
2025-10-11 04:00:00,112300.00000000,112991.16000000,111700.00000000,112945.79000000,1446.73937000
2025-10-11 05:00:00,112945.79000000,112945.79000000,111992.85000000,112389.48000000,1256.87010000
2025-10-11 06:00:00,112389.48000000,112753.91000000,112000.00000000,112045.99000000,1208.64004000
2025-10-11 07:00:00,112046.00000000,112084.61000000,110090.29000000,110384.61000000,3230.51321000
2025-10-11 08:00:00,110384.60000000,111535.29000000,110162.23000000,111328.38000000,1981.19694000
2025-10-11 09:00:00,111328.38000000,111887.19000000,111274.41000000,111642.78000000,1627.28360000
2025-10-11 10:00:00,111642.78000000,112271.34000000,111621.77000000,112114.64000000,1350.75190000
2025-10-11 11:00:00,112114.63000000,112359.67000000,111700.00000000,112280.00000000,969.90748000
2025-10-11 12:00:00,112280.01000000,112466.66000000,112037.98000000,112380.14000000,997.55713000
2025-10-11 13:00:00,112380.13000000,112500.00000000,111890.33000000,112267.86000000,973.48531000
2025-10-11 14:00:00,112267.86000000,112342.11000000,111890.29000000,111991.97000000,1058.55252000
2025-10-11 15:00:00,111991.97000000,112385.93000000,111793.20000000,111793.20000000,651.64855000
2025-10-11 16:00:00,111793.21000000,112089.92000000,111442.91000000,111846.18000000,834.57688000
2025-10-11 17:00:00,111846.18000000,112185.53000000,111715.99000000,112005.57000000,678.72551000
2025-10-11 18:00:00,112005.56000000,112025.40000000,111836.45000000,111955.27000000,292.78948000
2025-10-11 19:00:00,111955.27000000,112025.40000000,110865.82000000,111178.31000000,1332.81972000
2025-10-11 20:00:00,111178.30000000,111368.29000000,109653.65000000,110244.98000000,1752.53778000
2025-10-11 21:00:00,110244.98000000,111000.00000000,109561.59000000,110893.54000000,1099.41658000
2025-10-11 22:00:00,110893.55000000,111291.61000000,110652.00000000,111043.27000000,571.09600000
2025-10-11 23:00:00,111043.26000000,111114.46000000,110644.00000000,110644.40000000,599.88173000
2025-10-12 00:00:00,110644.40000000,110685.63000000,109565.06000000,109641.54000000,1171.55172000
2025-10-12 01:00:00,109641.54000000,110318.01000000,109641.46000000,109978.56000000,1205.41028000
2025-10-12 02:00:00,109978.56000000,110708.89000000,109600.00000000,110119.02000000,1047.04823000
2025-10-12 03:00:00,110119.02000000,111368.14000000,110002.20000000,110676.00000000,1361.57401000
2025-10-12 04:00:00,110676.00000000,111957.14000000,110617.10000000,111524.87000000,887.82401000
2025-10-12 05:00:00,111524.87000000,111816.04000000,111188.00000000,111700.38000000,537.50918000
2025-10-12 06:00:00,111700.38000000,112125.51000000,111616.00000000,111686.01000000,764.04714000
2025-10-12 07:00:00,111686.02000000,111933.85000000,111491.09000000,111525.20000000,541.91728000
2025-10-12 08:00:00,111525.19000000,111798.99000000,111300.00000000,111310.90000000,573.49914000
2025-10-12 09:00:00,111310.90000000,111920.01000000,111139.87000000,111837.04000000,596.04536000
2025-10-12 10:00:00,111837.05000000,112026.63000000,111450.00000000,111651.64000000,536.97781000
2025-10-12 11:00:00,111651.64000000,112133.33000000,111477.61000000,111848.36000000,1104.29864000
2025-10-12 12:00:00,111848.35000000,112250.00000000,111555.00000000,111789.60000000,1014.55206000
2025-10-12 13:00:00,111789.61000000,111934.51000000,111265.99000000,111297.52000000,1163.81644000
2025-10-12 14:00:00,111297.51000000,112990.90000000,111177.75000000,112338.10000000,2798.77100000
2025-10-12 15:00:00,112338.11000000,113745.84000000,112078.00000000,113198.20000000,4043.27714000
2025-10-12 16:00:00,113198.20000000,114700.00000000,113198.20000000,114069.35000000,3600.56207000
2025-10-12 17:00:00,114069.35000000,114466.94000000,113516.38000000,113799.99000000,1614.34137000
2025-10-12 18:00:00,113799.99000000,114236.87000000,113553.81000000,113878.93000000,817.92540000
2025-10-12 19:00:00,113878.93000000,114396.69000000,113826.65000000,114342.28000000,602.52008000
2025-10-12 20:00:00,114342.28000000,115468.65000000,114342.27000000,114927.97000000,1817.36254000
2025-10-12 21:00:00,114927.97000000,115600.00000000,114217.75000000,114882.06000000,1611.66087000
2025-10-12 22:00:00,114882.06000000,115770.00000000,114882.06000000,115221.40000000,1743.39625000
2025-10-12 23:00:00,115221.40000000,115350.80000000,114733.65000000,114958.80000000,1099.41470000
2025-10-13 00:00:00,114958.81000000,115888.00000000,114766.69000000,115280.84000000,1480.23716000
2025-10-13 01:00:00,115280.83000000,115750.00000000,115079.18000000,115713.32000000,814.49823000
2025-10-13 02:00:00,115713.31000000,115963.81000000,115001.62000000,115319.97000000,982.84078000
2025-10-13 03:00:00,115319.98000000,115613.70000000,114619.45000000,114821.12000000,846.03241000
2025-10-13 04:00:00,114821.13000000,115000.00000000,114398.24000000,114708.15000000,1086.01022000
2025-10-13 05:00:00,114708.15000000,114834.70000000,114500.02000000,114611.82000000,834.97755000
2025-10-13 06:00:00,114611.82000000,115379.84000000,114417.77000000,115221.22000000,599.41221000
2025-10-13 07:00:00,115221.23000000,115554.83000000,115034.00000000,115399.67000000,916.61315000
2025-10-13 08:00:00,115399.66000000,115438.17000000,115138.00000000,115254.23000000,644.85187000
2025-10-13 09:00:00,115254.23000000,115254.23000000,114748.38000000,115127.04000000,1037.56556000
2025-10-13 10:00:00,115127.05000000,115162.00000000,114740.34000000,114810.62000000,896.68402000
2025-10-13 11:00:00,114810.61000000,114810.61000000,113616.50000000,114180.00000000,1981.76101000
2025-10-13 12:00:00,114180.00000000,114748.97000000,113931.16000000,114412.26000000,1209.47056000
2025-10-13 13:00:00,114412.25000000,115530.00000000,114220.07000000,115345.79000000,1815.19891000
2025-10-13 14:00:00,115345.79000000,115476.18000000,113800.01000000,114036.63000000,1434.88366000
2025-10-13 15:00:00,114036.63000000,114727.95000000,113968.02000000,114312.10000000,1078.57574000
2025-10-13 16:00:00,114312.09000000,115174.00000000,114270.89000000,114669.24000000,985.04262000
2025-10-13 17:00:00,114669.25000000,115053.43000000,114215.79000000,115040.55000000,669.90056000
2025-10-13 18:00:00,115040.55000000,115377.48000000,114710.00000000,115160.63000000,724.92234000
2025-10-13 19:00:00,115160.63000000,115891.30000000,115070.00000000,115792.84000000,989.05749000
2025-10-13 20:00:00,115792.84000000,115868.00000000,115400.00000000,115713.37000000,419.35754000
2025-10-13 21:00:00,115713.37000000,115786.04000000,115553.33000000,115700.00000000,221.77830000
2025-10-13 22:00:00,115700.00000000,115835.04000000,115442.67000000,115507.19000000,332.95022000
2025-10-13 23:00:00,115507.20000000,115507.20000000,115005.44000000,115166.00000000,554.61822000
2025-10-14 00:00:00,115166.00000000,115409.96000000,114871.93000000,114959.03000000,759.03973000
2025-10-14 01:00:00,114959.02000000,114991.99000000,114137.93000000,114274.57000000,705.31924000
2025-10-14 02:00:00,114274.57000000,114298.08000000,113647.05000000,113647.05000000,851.40075000
2025-10-14 03:00:00,113647.05000000,113700.00000000,113279.76000000,113500.00000000,1141.08489000
2025-10-14 04:00:00,113500.00000000,113599.99000000,112787.00000000,113062.09000000,1189.90441000
2025-10-14 05:00:00,113062.09000000,113691.00000000,112390.00000000,112493.11000000,1796.26245000
2025-10-14 06:00:00,112493.10000000,112699.21000000,111355.01000000,111987.38000000,1853.68057000
2025-10-14 07:00:00,111987.39000000,112194.00000000,111445.72000000,111724.41000000,1446.45172000
2025-10-14 08:00:00,111724.41000000,112140.00000000,111513.63000000,111803.33000000,979.88421000
2025-10-14 09:00:00,111803.33000000,112000.00000000,111055.91000000,111287.89000000,937.93171000
2025-10-14 10:00:00,111287.90000000,111336.11000000,110012.24000000,110623.58000000,1937.91268000
2025-10-14 11:00:00,110623.58000000,111630.28000000,110614.25000000,111313.98000000,1426.10618000
2025-10-14 12:00:00,111313.98000000,111361.15000000,110737.29000000,110803.28000000,976.90627000
2025-10-14 13:00:00,110803.29000000,111329.71000000,109866.00000000,111014.38000000,2420.02151000
2025-10-14 14:00:00,111014.38000000,112200.00000000,110905.73000000,111435.21000000,2108.64964000
2025-10-14 15:00:00,111435.20000000,112943.82000000,111062.15000000,112900.43000000,1681.40989000
2025-10-14 16:00:00,112900.44000000,113187.62000000,112189.42000000,112328.83000000,2429.54292000
2025-10-14 17:00:00,112328.83000000,112933.65000000,111692.31000000,112774.97000000,2031.41315000
2025-10-14 18:00:00,112774.98000000,113450.00000000,112662.72000000,112861.36000000,1289.26282000
2025-10-14 19:00:00,112861.36000000,113544.53000000,112021.59000000,112613.70000000,1685.79274000
2025-10-14 20:00:00,112613.69000000,113008.47000000,112230.46000000,112992.87000000,564.85759000
2025-10-14 21:00:00,112992.88000000,113186.00000000,112683.58000000,113128.70000000,561.06072000
2025-10-14 22:00:00,113128.70000000,113577.00000000,112822.16000000,113211.87000000,588.63193000
2025-10-14 23:00:00,113211.87000000,113520.00000000,112998.22000000,113028.14000000,507.80202000
2025-10-15 00:00:00,113028.13000000,113112.41000000,112602.02000000,112993.86000000,1081.32570000
2025-10-15 01:00:00,112993.85000000,113005.57000000,112326.26000000,112738.17000000,870.72777000
2025-10-15 02:00:00,112738.17000000,113612.35000000,112673.90000000,112809.94000000,812.09712000
2025-10-15 03:00:00,112809.94000000,112866.77000000,111825.93000000,112024.29000000,762.39853000
2025-10-15 04:00:00,112024.30000000,112465.50000000,111746.76000000,112344.81000000,1145.73005000
2025-10-15 05:00:00,112344.81000000,112659.00000000,112188.74000000,112431.95000000,623.36683000
2025-10-15 06:00:00,112431.95000000,112563.80000000,111896.07000000,112460.47000000,740.50832000
2025-10-15 07:00:00,112460.48000000,112680.00000000,112235.76000000,112584.50000000,932.59854000
2025-10-15 08:00:00,112584.49000000,113520.88000000,112550.00000000,112944.85000000,1236.81640000
2025-10-15 09:00:00,112944.84000000,113127.39000000,112380.80000000,112564.01000000,848.43925000
2025-10-15 10:00:00,112564.00000000,112645.61000000,112072.86000000,112266.71000000,847.65271000
2025-10-15 11:00:00,112266.70000000,112600.00000000,111693.26000000,111905.73000000,766.17498000
2025-10-15 12:00:00,111905.72000000,112085.68000000,111400.00000000,111711.25000000,1005.50463000
2025-10-15 13:00:00,111711.25000000,112011.75000000,110725.40000000,111389.00000000,1971.06330000
2025-10-15 14:00:00,111389.01000000,112238.41000000,110800.00000000,111059.76000000,1777.74911000
2025-10-15 15:00:00,111059.77000000,111588.69000000,110400.00000000,110798.01000000,1836.18334000
2025-10-15 16:00:00,110798.01000000,111125.18000000,110602.80000000,110748.00000000,830.13195000
2025-10-15 17:00:00,110748.00000000,111186.78000000,110164.00000000,111186.78000000,1335.06163000
2025-10-15 18:00:00,111186.77000000,111512.41000000,110826.21000000,111444.76000000,562.70484000
2025-10-15 19:00:00,111444.76000000,111557.70000000,111099.33000000,111271.73000000,589.84937000
2025-10-15 20:00:00,111271.73000000,111556.27000000,110515.84000000,111109.76000000,852.76487000
2025-10-15 21:00:00,111109.77000000,111424.69000000,110500.00000000,110854.19000000,779.36355000
2025-10-15 22:00:00,110854.20000000,111395.82000000,110667.97000000,110667.97000000,422.73990000
2025-10-15 23:00:00,110667.97000000,111006.00000000,110590.10000000,110763.28000000,355.53542000
2025-10-16 00:00:00,110763.28000000,110856.11000000,110361.00000000,110431.27000000,753.88930000
2025-10-16 01:00:00,110431.27000000,111330.00000000,110417.32000000,111299.99000000,776.36767000
2025-10-16 02:00:00,111300.00000000,111562.24000000,111014.12000000,111510.43000000,544.40968000
2025-10-16 03:00:00,111510.43000000,111867.17000000,111271.49000000,111329.48000000,640.75803000
2025-10-16 04:00:00,111329.48000000,111675.21000000,110800.88000000,110966.03000000,573.55869000
2025-10-16 05:00:00,110966.03000000,111485.03000000,110750.00000000,110951.14000000,831.06310000
2025-10-16 06:00:00,110951.13000000,111716.86000000,110922.17000000,111666.83000000,576.47831000
2025-10-16 07:00:00,111666.83000000,111773.70000000,110553.19000000,110584.20000000,1116.04250000
2025-10-16 08:00:00,110584.21000000,110893.91000000,110405.00000000,110817.50000000,898.50628000
2025-10-16 09:00:00,110817.50000000,111633.14000000,109635.15000000,111146.31000000,2599.38969000
2025-10-16 10:00:00,111146.31000000,111728.70000000,111021.02000000,111469.63000000,1021.52177000
2025-10-16 11:00:00,111469.63000000,111567.85000000,111001.44000000,111404.72000000,762.70034000
2025-10-16 12:00:00,111404.73000000,111982.45000000,111332.18000000,111519.07000000,925.41606000
2025-10-16 13:00:00,111519.08000000,111548.00000000,110684.32000000,110860.00000000,1245.15513000
2025-10-16 14:00:00,110860.00000000,111420.02000000,109728.00000000,110529.34000000,2218.73000000
2025-10-16 15:00:00,110529.35000000,110727.35000000,108361.69000000,108549.21000000,3863.51050000
2025-10-16 16:00:00,108549.21000000,109254.00000000,107577.57000000,109232.43000000,3658.11859000
2025-10-16 17:00:00,109232.43000000,109244.91000000,108227.54000000,108276.70000000,1542.50028000
2025-10-16 18:00:00,108276.69000000,108656.30000000,107680.00000000,108656.19000000,1228.35335000
2025-10-16 19:00:00,108656.19000000,108751.02000000,107685.40000000,108197.66000000,1826.29670000
2025-10-16 20:00:00,108197.67000000,108424.11000000,107427.00000000,107838.01000000,941.04286000
2025-10-16 21:00:00,107838.00000000,108463.31000000,107592.00000000,108443.70000000,490.84182000
2025-10-16 22:00:00,108443.71000000,108500.00000000,107783.76000000,107798.85000000,451.11345000
2025-10-16 23:00:00,107798.85000000,108420.73000000,107736.56000000,108194.28000000,371.40842000
2025-10-17 00:00:00,108194.27000000,108849.19000000,107934.40000000,108800.00000000,657.03622000
2025-10-17 01:00:00,108799.99000000,109115.08000000,108506.79000000,108839.84000000,663.22366000
2025-10-17 02:00:00,108839.84000000,109082.80000000,108390.21000000,108972.97000000,559.71151000
2025-10-17 03:00:00,108972.98000000,109240.00000000,108910.45000000,109176.74000000,537.92170000
2025-10-17 04:00:00,109176.74000000,109236.01000000,108786.00000000,108787.26000000,487.87266000
2025-10-17 05:00:00,108787.26000000,108926.06000000,108299.12000000,108381.76000000,800.45747000
2025-10-17 06:00:00,108381.75000000,108519.49000000,106639.79000000,106741.28000000,2840.49166000
2025-10-17 07:00:00,106741.28000000,106901.85000000,105542.09000000,105633.75000000,3891.25354000
2025-10-17 08:00:00,105633.75000000,105716.15000000,104505.00000000,104884.38000000,4632.98336000
2025-10-17 09:00:00,104884.38000000,105626.67000000,104520.70000000,104531.35000000,2034.60892000
2025-10-17 10:00:00,104530.00000000,104926.19000000,103528.23000000,104751.99000000,3620.28453000
2025-10-17 11:00:00,104751.99000000,106651.22000000,104674.00000000,105683.72000000,3620.45641000
2025-10-17 12:00:00,105683.71000000,106070.14000000,105227.45000000,105350.40000000,1384.38576000
2025-10-17 13:00:00,105350.40000000,106166.00000000,104876.19000000,105835.63000000,2340.35273000
2025-10-17 14:00:00,105835.62000000,105989.01000000,104533.21000000,105163.42000000,1894.44771000
2025-10-17 15:00:00,105163.41000000,106852.14000000,105087.29000000,106803.53000000,2228.15693000
2025-10-17 16:00:00,106803.52000000,107575.60000000,106239.75000000,106372.34000000,1909.04788000
2025-10-17 17:00:00,106372.34000000,106729.00000000,106071.42000000,106453.27000000,723.50939000
2025-10-17 18:00:00,106453.26000000,107089.99000000,106453.26000000,106647.11000000,761.17199000
2025-10-17 19:00:00,106647.11000000,106889.11000000,106233.65000000,106454.72000000,522.73818000
2025-10-17 20:00:00,106457.24000000,107177.08000000,106342.47000000,107021.37000000,502.81407000
2025-10-17 21:00:00,107021.38000000,107440.02000000,107016.87000000,107301.40000000,474.97927000
2025-10-17 22:00:00,107301.41000000,107415.73000000,106807.50000000,107000.10000000,467.14000000
2025-10-17 23:00:00,107000.09000000,107000.10000000,106392.08000000,106431.68000000,365.62283000
2025-10-18 00:00:00,106431.68000000,106845.52000000,106322.20000000,106845.52000000,471.69377000
2025-10-18 01:00:00,106845.52000000,107306.06000000,106824.00000000,107149.30000000,525.12520000
2025-10-18 02:00:00,107149.30000000,107297.87000000,106493.23000000,106597.98000000,923.59727000
2025-10-18 03:00:00,106597.97000000,107126.55000000,106573.60000000,107070.40000000,747.88716000
2025-10-18 04:00:00,107070.41000000,107070.41000000,106439.38000000,106478.71000000,738.59104000
2025-10-18 05:00:00,106478.66000000,106842.50000000,106478.66000000,106812.52000000,357.02039000
2025-10-18 06:00:00,106812.52000000,106950.00000000,106711.95000000,106839.96000000,582.06053000
2025-10-18 07:00:00,106839.97000000,107499.00000000,106607.20000000,106665.00000000,1298.66311000
2025-10-18 08:00:00,106665.01000000,106966.62000000,106605.93000000,106719.20000000,1204.63747000
2025-10-18 09:00:00,106719.20000000,106938.00000000,106629.66000000,106884.41000000,371.44202000
2025-10-18 10:00:00,106884.41000000,107145.81000000,106788.41000000,106924.47000000,365.74020000
2025-10-18 11:00:00,106924.47000000,107222.00000000,106770.00000000,107208.60000000,394.90850000
2025-10-18 12:00:00,107208.61000000,107300.00000000,106965.23000000,107065.17000000,265.11201000
2025-10-18 13:00:00,107065.17000000,107102.14000000,106810.00000000,106888.78000000,270.57628000
2025-10-18 14:00:00,106888.77000000,107111.11000000,106739.33000000,107028.36000000,552.94765000
2025-10-18 15:00:00,107028.37000000,107146.18000000,106815.86000000,106948.75000000,336.98269000
2025-10-18 16:00:00,106948.75000000,107063.89000000,106484.00000000,106664.01000000,353.04791000
2025-10-18 17:00:00,106664.01000000,106955.79000000,106567.95000000,106880.03000000,246.03342000
2025-10-18 18:00:00,106880.04000000,106920.00000000,106722.72000000,106843.75000000,158.99856000
2025-10-18 19:00:00,106843.75000000,107091.87000000,106762.83000000,107080.14000000,153.17902000
2025-10-18 20:00:00,107080.14000000,107339.03000000,107000.00000000,107018.51000000,262.63077000
2025-10-18 21:00:00,107018.50000000,107220.24000000,106851.84000000,107177.05000000,198.46296000
2025-10-18 22:00:00,107177.05000000,107283.71000000,107067.54000000,107125.87000000,219.09125000
2025-10-18 23:00:00,107125.88000000,107200.00000000,107014.58000000,107185.01000000,124.75848000
2025-10-19 00:00:00,107185.00000000,107267.20000000,106755.88000000,106898.03000000,393.96341000
2025-10-19 01:00:00,106898.03000000,106988.81000000,106734.17000000,106973.26000000,184.14483000
2025-10-19 02:00:00,106973.27000000,107000.00000000,106805.05000000,106847.02000000,121.85742000
2025-10-19 03:00:00,106847.03000000,107367.16000000,106802.32000000,107275.78000000,358.14644000
2025-10-19 04:00:00,107275.79000000,107290.00000000,106949.90000000,107046.90000000,256.58858000
2025-10-19 05:00:00,107046.89000000,107180.00000000,106794.23000000,106888.59000000,516.95583000
2025-10-19 06:00:00,106888.60000000,106909.98000000,106558.61000000,106777.75000000,315.62124000
2025-10-19 07:00:00,106777.75000000,106912.08000000,106702.00000000,106786.00000000,158.03024000
2025-10-19 08:00:00,106786.00000000,107203.29000000,106278.74000000,106443.95000000,969.35569000
2025-10-19 09:00:00,106443.96000000,108213.04000000,106103.36000000,107401.47000000,2187.76100000
2025-10-19 10:00:00,107401.47000000,107887.99000000,106999.57000000,107882.71000000,889.96820000
2025-10-19 11:00:00,107882.71000000,108260.50000000,107633.05000000,107783.47000000,1012.47378000
2025-10-19 12:00:00,107783.47000000,107859.42000000,107421.90000000,107631.43000000,816.58870000
2025-10-19 13:00:00,107631.43000000,108227.44000000,107355.02000000,108096.34000000,912.20232000
2025-10-19 14:00:00,108096.33000000,108508.00000000,107887.28000000,108405.47000000,1356.87620000
2025-10-19 15:00:00,108405.47000000,108621.68000000,108328.25000000,108486.70000000,550.80586000
2025-10-19 16:00:00,108486.71000000,108988.27000000,108240.00000000,108624.19000000,746.00280000
2025-10-19 17:00:00,108624.19000000,109437.43000000,108615.20000000,109113.52000000,842.94186000
2025-10-19 18:00:00,109113.53000000,109450.07000000,109037.50000000,109383.01000000,390.21394000
2025-10-19 19:00:00,109383.00000000,109383.01000000,108800.57000000,108908.43000000,451.40437000
2025-10-19 20:00:00,108908.43000000,108984.90000000,108810.17000000,108845.06000000,661.43199000
2025-10-19 21:00:00,108845.07000000,108869.87000000,108620.00000000,108744.82000000,272.94763000
2025-10-19 22:00:00,108744.83000000,109370.99000000,108744.83000000,109146.80000000,673.56143000
2025-10-19 23:00:00,109146.80000000,109146.80000000,108471.10000000,108642.78000000,440.82047000
2025-10-20 00:00:00,108642.77000000,108642.77000000,107402.52000000,108047.46000000,1198.86530000
2025-10-20 01:00:00,108047.46000000,108276.04000000,107894.00000000,108053.58000000,602.84285000
2025-10-20 02:00:00,108053.57000000,108970.51000000,107854.71000000,108767.02000000,605.86943000
2025-10-20 03:00:00,108767.03000000,110427.86000000,108571.59000000,110145.44000000,1275.97750000
2025-10-20 04:00:00,110145.45000000,110535.13000000,109951.96000000,110422.10000000,865.34314000
2025-10-20 05:00:00,110422.10000000,111111.00000000,110291.27000000,111033.79000000,991.81207000
2025-10-20 06:00:00,111033.79000000,111377.34000000,111001.91000000,111298.55000000,1196.86696000
2025-10-20 07:00:00,111298.55000000,111445.67000000,111050.78000000,111169.92000000,913.95455000
2025-10-20 08:00:00,111169.91000000,111679.25000000,110943.40000000,111097.15000000,925.77025000
2025-10-20 09:00:00,111097.16000000,111200.00000000,110691.96000000,110964.13000000,1095.42239000
2025-10-20 10:00:00,110964.14000000,111098.01000000,110612.00000000,110731.78000000,644.26773000
2025-10-20 11:00:00,110731.78000000,111026.93000000,110608.27000000,111016.75000000,787.40667000
2025-10-20 12:00:00,111016.75000000,111203.06000000,110780.00000000,110843.81000000,425.00243000
2025-10-20 13:00:00,110843.82000000,111203.06000000,110588.23000000,111161.35000000,666.08434000
2025-10-20 14:00:00,111161.35000000,111395.84000000,110736.00000000,111210.86000000,911.55485000
2025-10-20 15:00:00,111210.86000000,111705.56000000,111001.34000000,111144.55000000,1003.56342000
2025-10-20 16:00:00,111144.55000000,111303.05000000,110110.00000000,110683.19000000,1717.87854000
2025-10-20 17:00:00,110683.20000000,111071.40000000,109855.83000000,110282.76000000,1077.41690000
2025-10-20 18:00:00,110282.76000000,110968.98000000,110220.00000000,110937.92000000,457.18317000
2025-10-20 19:00:00,110937.92000000,111067.33000000,110542.00000000,110803.22000000,464.17808000
2025-10-20 20:00:00,110803.22000000,111272.00000000,110665.03000000,111091.46000000,480.99811000
2025-10-20 21:00:00,111091.46000000,111243.64000000,110464.91000000,110563.20000000,332.06604000
2025-10-20 22:00:00,110563.20000000,110867.39000000,110418.25000000,110794.08000000,267.98447000
2025-10-20 23:00:00,110794.08000000,110828.75000000,110521.85000000,110532.09000000,285.13241000
2025-10-21 00:00:00,110532.09000000,110532.09000000,110168.00000000,110446.69000000,437.52159000
2025-10-21 01:00:00,110446.68000000,110489.41000000,109555.00000000,109863.19000000,677.11170000
2025-10-21 02:00:00,109863.18000000,109922.89000000,109303.86000000,109514.92000000,773.29938000
2025-10-21 03:00:00,109514.92000000,109620.31000000,109052.09000000,109059.22000000,517.88075000
2025-10-21 04:00:00,109059.23000000,109059.23000000,107650.94000000,107779.70000000,1936.39331000
2025-10-21 05:00:00,107779.71000000,107979.46000000,107473.72000000,107537.12000000,1531.85421000
2025-10-21 06:00:00,107537.12000000,108200.00000000,107499.19000000,107909.79000000,754.26623000
2025-10-21 07:00:00,107909.79000000,108200.00000000,107645.21000000,108086.37000000,707.81305000
2025-10-21 08:00:00,108086.38000000,108098.72000000,107484.22000000,107695.79000000,804.21106000
2025-10-21 09:00:00,107695.79000000,107866.72000000,107540.09000000,107754.27000000,543.10308000
2025-10-21 10:00:00,107754.27000000,108811.47000000,107580.00000000,108499.56000000,1096.00730000
2025-10-21 11:00:00,108499.56000000,108639.76000000,108169.81000000,108580.01000000,546.40513000
2025-10-21 12:00:00,108580.00000000,109485.78000000,108466.48000000,108793.40000000,1229.63283000
2025-10-21 13:00:00,108793.39000000,108913.68000000,107922.06000000,108426.98000000,1261.18680000
2025-10-21 14:00:00,108426.98000000,112290.31000000,108408.00000000,112170.52000000,3335.72830000
2025-10-21 15:00:00,112170.52000000,113557.62000000,111716.91000000,113422.61000000,4175.55944000
2025-10-21 16:00:00,113422.60000000,114000.00000000,112465.33000000,112565.88000000,2654.63776000
2025-10-21 17:00:00,112565.88000000,112993.67000000,111813.18000000,111973.42000000,5531.17962000
2025-10-21 18:00:00,111973.41000000,112297.14000000,111324.29000000,111990.55000000,1962.19243000
2025-10-21 19:00:00,111990.55000000,112200.00000000,111562.94000000,111780.39000000,583.46835000
2025-10-21 20:00:00,111780.40000000,111801.41000000,110554.22000000,110787.56000000,1166.16267000
2025-10-21 21:00:00,110787.56000000,111111.00000000,110111.00000000,110816.32000000,986.90737000
2025-10-21 22:00:00,110816.33000000,110816.33000000,108271.68000000,109066.98000000,2484.48697000
2025-10-21 23:00:00,109066.98000000,109423.19000000,108045.81000000,108297.67000000,1531.00726000
2025-10-22 00:00:00,108297.66000000,108643.61000000,107841.20000000,107986.14000000,1537.60176000
2025-10-22 01:00:00,107986.15000000,108460.02000000,107986.14000000,108364.21000000,1493.26761000
2025-10-22 02:00:00,108364.22000000,108678.21000000,108198.85000000,108198.85000000,699.65823000
2025-10-22 03:00:00,108198.85000000,108219.12000000,107860.92000000,108216.02000000,1121.03699000
2025-10-22 04:00:00,108216.03000000,108635.92000000,108162.09000000,108625.60000000,696.45277000
2025-10-22 05:00:00,108625.61000000,108638.99000000,107879.93000000,108166.81000000,1434.44211000
2025-10-22 06:00:00,108166.82000000,108331.75000000,107945.50000000,107980.02000000,675.25677000
2025-10-22 07:00:00,107980.02000000,108321.64000000,107610.00000000,108321.63000000,1077.00799000
2025-10-22 08:00:00,108321.64000000,108358.76000000,108079.86000000,108229.30000000,505.66169000
2025-10-22 09:00:00,108229.30000000,108274.43000000,107773.89000000,107963.13000000,557.31037000
2025-10-22 10:00:00,107963.12000000,108114.80000000,107650.00000000,107657.98000000,497.00462000
2025-10-22 11:00:00,107657.98000000,108207.99000000,106708.18000000,107555.05000000,2452.68318000
2025-10-22 12:00:00,107555.04000000,108399.00000000,107443.01000000,108044.96000000,841.76229000
2025-10-22 13:00:00,108044.96000000,109014.34000000,107630.39000000,108783.36000000,1889.17586000
2025-10-22 14:00:00,108783.35000000,108998.00000000,107500.00000000,108947.50000000,3240.71769000
2025-10-22 15:00:00,108947.49000000,109163.88000000,107737.04000000,108416.50000000,1954.01743000
2025-10-22 16:00:00,108416.50000000,108796.42000000,107877.27000000,108226.00000000,1590.12287000
2025-10-22 17:00:00,108226.00000000,108339.89000000,107566.65000000,107778.45000000,913.68528000
2025-10-22 18:00:00,107778.45000000,108200.00000000,107463.29000000,108023.33000000,668.80381000
2025-10-22 19:00:00,108023.33000000,108411.61000000,107685.61000000,107870.35000000,835.44242000
2025-10-22 20:00:00,107870.35000000,108069.93000000,107500.00000000,107696.03000000,1003.67170000
2025-10-22 21:00:00,107696.03000000,107749.02000000,106666.69000000,107207.98000000,1548.13803000
2025-10-22 22:00:00,107207.98000000,107683.25000000,106917.57000000,107196.82000000,742.32871000
2025-10-22 23:00:00,107196.82000000,107946.15000000,107169.69000000,107567.44000000,635.53433000
2025-10-23 00:00:00,107567.45000000,107980.52000000,107500.00000000,107845.30000000,396.06020000
2025-10-23 01:00:00,107845.30000000,108500.00000000,107813.20000000,108150.00000000,1012.18554000
2025-10-23 02:00:00,108150.01000000,108410.30000000,108058.66000000,108410.29000000,360.75702000
2025-10-23 03:00:00,108410.29000000,108720.39000000,108323.59000000,108377.96000000,604.50041000
2025-10-23 04:00:00,108377.96000000,108940.33000000,108350.36000000,108644.32000000,394.82009000
2025-10-23 05:00:00,108644.31000000,108991.81000000,108622.05000000,108940.58000000,448.44483000
2025-10-23 06:00:00,108940.58000000,110298.29000000,108849.07000000,110246.94000000,1472.30240000
2025-10-23 07:00:00,110246.93000000,110273.48000000,109207.75000000,109269.90000000,999.21853000
2025-10-23 08:00:00,109269.90000000,109903.83000000,109245.48000000,109505.44000000,737.41671000
2025-10-23 09:00:00,109505.45000000,109545.76000000,109123.01000000,109426.99000000,503.07972000
2025-10-23 10:00:00,109427.00000000,109701.90000000,109370.05000000,109439.20000000,401.49030000
2025-10-23 11:00:00,109439.20000000,109655.89000000,109100.40000000,109253.89000000,562.02430000
2025-10-23 12:00:00,109253.88000000,109253.89000000,108685.72000000,109164.94000000,953.31213000
2025-10-23 13:00:00,109164.95000000,109650.01000000,108800.01000000,109500.62000000,1286.55668000
2025-10-23 14:00:00,109500.62000000,109851.62000000,108723.13000000,109594.90000000,1111.45274000
2025-10-23 15:00:00,109594.90000000,110109.99000000,109486.38000000,109908.28000000,933.26870000
2025-10-23 16:00:00,109908.29000000,110576.50000000,109647.34000000,110263.74000000,883.87893000
2025-10-23 17:00:00,110263.74000000,111293.61000000,109650.00000000,111241.71000000,1605.70962000
2025-10-23 18:00:00,111241.71000000,111289.36000000,110261.48000000,110571.66000000,761.73368000
2025-10-23 19:00:00,110571.66000000,110619.90000000,110106.00000000,110200.00000000,388.99846000
2025-10-23 20:00:00,110200.01000000,110200.01000000,109341.28000000,109524.81000000,629.20848000
2025-10-23 21:00:00,109524.81000000,109727.22000000,109380.12000000,109532.97000000,424.08473000
2025-10-23 22:00:00,109532.96000000,110158.37000000,109517.37000000,109943.94000000,443.21336000
2025-10-23 23:00:00,109943.95000000,110099.17000000,109839.00000000,110078.18000000,259.37538000
2025-10-24 00:00:00,110078.19000000,110709.22000000,109983.93000000,110500.28000000,531.07612000
2025-10-24 01:00:00,110500.29000000,110665.53000000,110141.38000000,110585.08000000,371.99990000
2025-10-24 02:00:00,110585.09000000,110829.67000000,110358.34000000,110570.12000000,303.69215000
2025-10-24 03:00:00,110570.13000000,110630.81000000,110274.85000000,110441.46000000,332.11629000
2025-10-24 04:00:00,110441.46000000,111470.32000000,110332.00000000,111178.55000000,958.63918000
2025-10-24 05:00:00,111178.54000000,111310.31000000,110941.02000000,111261.36000000,515.30958000
2025-10-24 06:00:00,111261.37000000,111488.00000000,111120.71000000,111464.36000000,480.69090000
2025-10-24 07:00:00,111464.36000000,111522.30000000,110768.23000000,111054.61000000,750.55477000
2025-10-24 08:00:00,111054.61000000,111226.02000000,110680.01000000,111097.80000000,627.57826000
2025-10-24 09:00:00,111097.79000000,111482.99000000,111000.00000000,111324.51000000,446.13074000
2025-10-24 10:00:00,111324.51000000,111325.42000000,111069.46000000,111114.03000000,346.40996000
2025-10-24 11:00:00,111114.03000000,111267.99000000,110600.00000000,111066.29000000,561.52762000
2025-10-24 12:00:00,111066.29000000,112104.98000000,110867.15000000,111297.01000000,1692.92113000
2025-10-24 13:00:00,111297.02000000,111451.47000000,110379.51000000,110937.94000000,1200.08389000
2025-10-24 14:00:00,110937.94000000,110937.95000000,109700.01000000,110219.17000000,1902.54077000
2025-10-24 15:00:00,110219.17000000,110620.00000000,109896.51000000,110046.91000000,737.57678000
2025-10-24 16:00:00,110046.92000000,110387.79000000,109797.13000000,110261.81000000,441.40283000
2025-10-24 17:00:00,110261.81000000,110571.18000000,110180.74000000,110235.22000000,368.64619000
2025-10-24 18:00:00,110235.22000000,110639.04000000,110166.00000000,110619.39000000,336.10914000
2025-10-24 19:00:00,110619.39000000,110945.39000000,110525.06000000,110615.07000000,323.90966000
2025-10-24 20:00:00,110615.07000000,111025.95000000,110478.00000000,110893.70000000,514.06470000
2025-10-24 21:00:00,110893.69000000,111100.00000000,110646.64000000,111085.57000000,915.59401000
2025-10-24 22:00:00,111085.57000000,111138.62000000,110927.23000000,111023.01000000,203.92240000
2025-10-24 23:00:00,111023.01000000,111123.87000000,110882.05000000,111004.89000000,142.67216000
2025-10-25 00:00:00,111004.90000000,111044.86000000,110672.86000000,110766.60000000,210.65830000
2025-10-25 01:00:00,110766.61000000,111226.67000000,110750.00000000,111070.31000000,235.37952000
2025-10-25 02:00:00,111070.31000000,111128.91000000,110950.02000000,111025.77000000,134.00021000
2025-10-25 03:00:00,111025.77000000,111136.65000000,110998.21000000,111029.99000000,249.31110000
2025-10-25 04:00:00,111029.99000000,111458.81000000,111029.99000000,111228.00000000,411.01306000
2025-10-25 05:00:00,111228.00000000,111433.54000000,111093.99000000,111386.79000000,235.19046000
2025-10-25 06:00:00,111386.78000000,111497.10000000,111261.01000000,111366.42000000,334.48878000
2025-10-25 07:00:00,111366.43000000,111820.87000000,111366.43000000,111489.60000000,436.39799000
2025-10-25 08:00:00,111489.59000000,111805.10000000,111488.44000000,111763.80000000,348.94057000
2025-10-25 09:00:00,111763.81000000,111850.13000000,111491.62000000,111521.47000000,474.02907000
2025-10-25 10:00:00,111521.47000000,111718.99000000,111375.81000000,111559.94000000,382.43284000
2025-10-25 11:00:00,111559.94000000,111664.00000000,111480.68000000,111563.81000000,172.78406000
2025-10-25 12:00:00,111563.81000000,111943.19000000,111530.38000000,111899.03000000,363.41104000
2025-10-25 13:00:00,111899.03000000,111916.00000000,111520.00000000,111680.91000000,355.08597000
2025-10-25 14:00:00,111680.92000000,111765.97000000,111520.01000000,111591.19000000,216.60101000
2025-10-25 15:00:00,111591.20000000,111591.20000000,111311.19000000,111385.18000000,318.98695000
2025-10-25 16:00:00,111385.18000000,111479.99000000,111164.39000000,111372.25000000,430.41077000
2025-10-25 17:00:00,111372.25000000,111451.16000000,111300.00000000,111374.96000000,134.57742000
2025-10-25 18:00:00,111374.97000000,111731.78000000,111317.34000000,111719.98000000,227.92326000
2025-10-25 19:00:00,111719.98000000,111720.00000000,111579.75000000,111623.45000000,170.60799000
2025-10-25 20:00:00,111623.46000000,111659.39000000,111370.00000000,111431.94000000,154.33849000
2025-10-25 21:00:00,111431.94000000,111477.76000000,111342.25000000,111477.76000000,133.46965000
2025-10-25 22:00:00,111477.76000000,111683.64000000,111409.54000000,111621.69000000,159.63737000
2025-10-25 23:00:00,111621.69000000,111675.49000000,111535.48000000,111646.27000000,118.29276000
2025-10-26 00:00:00,111646.27000000,111899.56000000,111544.15000000,111715.98000000,370.92714000
2025-10-26 01:00:00,111715.98000000,111835.85000000,111520.00000000,111644.42000000,270.69687000
2025-10-26 02:00:00,111644.41000000,111687.37000000,111408.54000000,111448.85000000,214.46307000
2025-10-26 03:00:00,111448.85000000,111500.00000000,111260.45000000,111260.46000000,170.69475000
2025-10-26 04:00:00,111260.46000000,111479.99000000,111260.46000000,111430.40000000,129.38461000
2025-10-26 05:00:00,111430.39000000,111650.90000000,111367.19000000,111615.32000000,209.94274000
2025-10-26 06:00:00,111615.33000000,111686.65000000,111548.75000000,111635.95000000,156.20448000
2025-10-26 07:00:00,111635.96000000,111724.96000000,111620.02000000,111723.98000000,169.97811000
2025-10-26 08:00:00,111723.98000000,111850.00000000,111723.98000000,111776.94000000,240.40616000
2025-10-26 09:00:00,111776.94000000,112779.81000000,111708.63000000,112528.83000000,1330.29795000
2025-10-26 10:00:00,112528.82000000,112571.26000000,112189.33000000,112477.10000000,337.77399000
2025-10-26 11:00:00,112477.11000000,113466.23000000,112430.56000000,113286.09000000,1079.09408000
2025-10-26 12:00:00,113286.09000000,113827.02000000,113279.85000000,113575.05000000,1229.55057000
2025-10-26 13:00:00,113575.06000000,114000.00000000,113283.80000000,113711.53000000,1099.62143000
2025-10-26 14:00:00,113711.53000000,113885.27000000,113544.02000000,113575.36000000,739.58798000
2025-10-26 15:00:00,113575.35000000,113725.48000000,113425.87000000,113694.97000000,437.55153000
2025-10-26 16:00:00,113694.97000000,113761.98000000,113290.62000000,113517.53000000,556.71599000
2025-10-26 17:00:00,113517.54000000,113747.85000000,113442.12000000,113442.13000000,319.42533000
2025-10-26 18:00:00,113442.14000000,113793.93000000,113442.13000000,113575.15000000,279.30190000
2025-10-26 19:00:00,113575.15000000,113720.63000000,113503.82000000,113585.99000000,204.67267000
2025-10-26 20:00:00,113585.98000000,113585.98000000,113283.11000000,113320.80000000,248.15480000
2025-10-26 21:00:00,113320.80000000,113590.48000000,112901.00000000,113497.06000000,464.11186000
2025-10-26 22:00:00,113497.06000000,115466.80000000,113497.06000000,114681.33000000,2524.96249000
2025-10-26 23:00:00,114681.34000000,114966.15000000,114385.13000000,114559.40000000,670.95687000
2025-10-27 00:00:00,114559.41000000,115176.47000000,114362.26000000,114767.29000000,1142.27258000
2025-10-27 01:00:00,114767.28000000,115388.96000000,114710.92000000,115284.01000000,725.93495000
2025-10-27 02:00:00,115284.01000000,115445.39000000,114815.60000000,114883.39000000,826.25748000
2025-10-27 03:00:00,114883.40000000,115242.65000000,114829.48000000,114958.51000000,587.18766000
2025-10-27 04:00:00,114958.52000000,115283.27000000,114938.01000000,115256.44000000,400.40691000
2025-10-27 05:00:00,115256.43000000,115652.89000000,115256.43000000,115556.57000000,828.01463000
2025-10-27 06:00:00,115556.56000000,116129.50000000,115361.65000000,116053.49000000,1794.85942000
2025-10-27 07:00:00,116053.50000000,116400.00000000,115489.53000000,115554.60000000,2455.66454000
2025-10-27 08:00:00,115554.59000000,115607.48000000,114900.00000000,115014.88000000,1249.66033000
2025-10-27 09:00:00,115014.88000000,115356.99000000,114814.69000000,115254.01000000,1148.54888000
2025-10-27 10:00:00,115254.01000000,115550.02000000,115120.90000000,115447.94000000,557.73562000
2025-10-27 11:00:00,115447.93000000,115528.74000000,115128.04000000,115362.02000000,745.97843000
2025-10-27 12:00:00,115362.02000000,115437.48000000,115000.00000000,115065.67000000,1172.23501000
2025-10-27 13:00:00,115065.96000000,115415.99000000,114566.83000000,115264.28000000,1010.17279000
2025-10-27 14:00:00,115264.29000000,115358.00000000,114503.99000000,114810.05000000,987.16577000
2025-10-27 15:00:00,114810.06000000,115224.44000000,114778.00000000,114969.68000000,1323.86576000
2025-10-27 16:00:00,114969.68000000,115636.86000000,114872.12000000,115497.57000000,818.25063000
2025-10-27 17:00:00,115497.57000000,115706.06000000,115311.19000000,115706.06000000,442.08673000
2025-10-27 18:00:00,115706.06000000,115790.00000000,115325.00000000,115342.19000000,400.61809000
2025-10-27 19:00:00,115342.18000000,115342.19000000,114790.81000000,114942.64000000,597.25209000
2025-10-27 20:00:00,114942.64000000,114942.64000000,114408.00000000,114455.17000000,550.98109000
2025-10-27 21:00:00,114455.17000000,114626.99000000,114135.61000000,114302.70000000,494.80813000
2025-10-27 22:00:00,114302.69000000,114585.01000000,114059.40000000,114112.51000000,475.05268000
2025-10-27 23:00:00,114112.50000000,114226.23000000,113830.01000000,114107.65000000,715.22221000
2025-10-28 00:00:00,114107.65000000,114374.20000000,113788.32000000,113961.67000000,554.91770000
2025-10-28 01:00:00,113961.67000000,114547.20000000,113961.67000000,114424.76000000,485.50547000
2025-10-28 02:00:00,114424.76000000,114474.10000000,113569.91000000,113936.94000000,686.42190000
2025-10-28 03:00:00,113936.93000000,114109.86000000,113717.00000000,113908.24000000,457.29772000
2025-10-28 04:00:00,113908.25000000,114076.91000000,113761.71000000,113964.59000000,440.12507000
2025-10-28 05:00:00,113964.60000000,113981.73000000,113483.30000000,113605.31000000,628.71639000
2025-10-28 06:00:00,113605.32000000,114186.01000000,113605.32000000,114115.52000000,542.51916000
2025-10-28 07:00:00,114115.52000000,114364.99000000,114091.51000000,114188.37000000,579.31808000
2025-10-28 08:00:00,114188.38000000,114480.19000000,114113.30000000,114427.23000000,307.52828000
2025-10-28 09:00:00,114427.23000000,114634.46000000,114205.28000000,114528.60000000,373.30544000
2025-10-28 10:00:00,114528.61000000,114608.78000000,114429.78000000,114595.71000000,230.01260000
2025-10-28 11:00:00,114595.70000000,114673.68000000,114297.06000000,114357.73000000,326.08736000
2025-10-28 12:00:00,114357.72000000,114517.29000000,114138.06000000,114449.55000000,421.93096000
2025-10-28 13:00:00,114449.55000000,115522.91000000,114449.55000000,115522.90000000,1045.59275000
2025-10-28 14:00:00,115522.91000000,116086.00000000,114223.63000000,115068.17000000,1820.63839000
2025-10-28 15:00:00,115068.18000000,115425.84000000,114516.00000000,114641.38000000,720.35046000
2025-10-28 16:00:00,114641.38000000,115500.00000000,114530.00000000,115341.59000000,754.64859000
2025-10-28 17:00:00,115341.59000000,115591.41000000,115229.45000000,115290.00000000,436.86490000
2025-10-28 18:00:00,115289.99000000,115366.45000000,114642.94000000,115022.80000000,370.32321000
2025-10-28 19:00:00,115022.80000000,115075.08000000,113566.44000000,113689.99000000,1157.95866000
2025-10-28 20:00:00,113689.00000000,113703.32000000,112324.82000000,112808.05000000,1738.00789000
2025-10-28 21:00:00,112808.05000000,113225.53000000,112211.00000000,112994.40000000,726.23538000
2025-10-28 22:00:00,112994.41000000,113289.02000000,112838.81000000,113224.08000000,336.06989000
2025-10-28 23:00:00,113224.08000000,113224.08000000,112779.57000000,112898.45000000,383.04632000
2025-10-29 00:00:00,112898.44000000,112898.45000000,112442.87000000,112442.88000000,505.29871000
2025-10-29 01:00:00,112442.87000000,112975.75000000,112100.00000000,112500.03000000,916.66416000
2025-10-29 02:00:00,112500.03000000,112780.00000000,112414.47000000,112666.75000000,352.69724000
2025-10-29 03:00:00,112666.75000000,112666.75000000,112339.77000000,112523.49000000,301.56130000
2025-10-29 04:00:00,112523.49000000,112878.65000000,112505.58000000,112810.55000000,311.50456000
2025-10-29 05:00:00,112810.56000000,113379.00000000,112807.34000000,113039.10000000,640.93765000
2025-10-29 06:00:00,113039.09000000,113348.78000000,112976.93000000,113284.20000000,443.58086000
2025-10-29 07:00:00,113284.21000000,113577.90000000,113240.01000000,113577.90000000,640.61019000
2025-10-29 08:00:00,113577.90000000,113624.12000000,112956.00000000,113070.94000000,507.26681000
2025-10-29 09:00:00,113070.94000000,113105.08000000,112768.63000000,112974.44000000,659.57288000
2025-10-29 10:00:00,112974.44000000,113186.58000000,112732.91000000,112870.01000000,425.87130000
2025-10-29 11:00:00,112870.00000000,113240.72000000,112741.26000000,113132.36000000,378.28227000
2025-10-29 12:00:00,113132.35000000,113325.13000000,113050.01000000,113139.13000000,343.38468000
2025-10-29 13:00:00,113139.13000000,113643.73000000,112705.00000000,112873.07000000,1155.92441000
2025-10-29 14:00:00,112873.08000000,112916.00000000,112234.74000000,112488.44000000,1185.34226000
2025-10-29 15:00:00,112488.45000000,112564.31000000,111401.50000000,111509.74000000,1921.74476000
2025-10-29 16:00:00,111509.74000000,111523.32000000,110960.00000000,111106.35000000,1388.36304000
2025-10-29 17:00:00,111106.35000000,111922.44000000,111002.23000000,111883.49000000,811.18965000
2025-10-29 18:00:00,111883.50000000,112030.23000000,109200.00000000,110806.38000000,4372.18973000
2025-10-29 19:00:00,110806.38000000,111438.65000000,110157.03000000,110640.00000000,1170.09639000
2025-10-29 20:00:00,110640.00000000,111538.16000000,110403.28000000,111433.46000000,728.51015000
2025-10-29 21:00:00,111433.45000000,111800.00000000,111368.02000000,111617.26000000,405.07841000
2025-10-29 22:00:00,111617.26000000,111618.46000000,110949.68000000,111028.20000000,447.25113000
2025-10-29 23:00:00,111028.20000000,111077.76000000,109733.22000000,110021.29000000,1066.79122000
2025-10-30 00:00:00,110021.30000000,110583.86000000,109703.43000000,110559.48000000,649.59178000
2025-10-30 01:00:00,110559.48000000,110725.64000000,110257.77000000,110460.76000000,575.63954000
2025-10-30 02:00:00,110460.75000000,111011.99000000,110331.04000000,110985.92000000,488.21463000
2025-10-30 03:00:00,110985.93000000,110985.93000000,110538.68000000,110751.47000000,628.73987000
2025-10-30 04:00:00,110751.48000000,110761.43000000,107925.06000000,108575.27000000,3536.96505000
2025-10-30 05:00:00,108575.26000000,110434.58000000,108420.00000000,110248.29000000,1212.17428000
2025-10-30 06:00:00,110248.28000000,110964.09000000,109978.01000000,110768.01000000,1000.82897000
2025-10-30 07:00:00,110768.01000000,111592.00000000,110639.25000000,111366.72000000,831.79805000
2025-10-30 08:00:00,111366.72000000,111467.01000000,110681.22000000,110714.31000000,1187.21618000
2025-10-30 09:00:00,110714.31000000,110814.00000000,110125.17000000,110171.69000000,659.11121000
2025-10-30 10:00:00,110171.68000000,110231.92000000,109829.54000000,110105.75000000,573.15523000
2025-10-30 11:00:00,110105.75000000,110144.25000000,109692.30000000,109717.29000000,551.05951000
2025-10-30 12:00:00,109717.19000000,109777.93000000,108280.65000000,108387.86000000,1449.48653000
2025-10-30 13:00:00,108387.86000000,108728.54000000,107400.00000000,107627.16000000,2868.53704000
2025-10-30 14:00:00,107627.15000000,108374.21000000,107610.44000000,108285.54000000,1206.17345000
2025-10-30 15:00:00,108285.54000000,108350.44000000,107328.00000000,107711.56000000,1019.91386000
2025-10-30 16:00:00,107711.56000000,108214.85000000,107559.98000000,108144.57000000,667.54851000
2025-10-30 17:00:00,108144.58000000,108150.56000000,106801.00000000,107486.69000000,1492.47982000
2025-10-30 18:00:00,107486.69000000,107556.65000000,106791.78000000,106837.09000000,766.54153000
2025-10-30 19:00:00,106837.09000000,107158.62000000,106304.34000000,106536.39000000,1440.69222000
2025-10-30 20:00:00,106536.39000000,107652.00000000,106316.17000000,107510.91000000,1205.05225000
2025-10-30 21:00:00,107510.91000000,107950.00000000,107400.00000000,107907.68000000,846.16919000
2025-10-30 22:00:00,107907.67000000,107939.00000000,107472.00000000,107912.81000000,333.78851000
2025-10-30 23:00:00,107912.81000000,108334.53000000,107600.01000000,108322.88000000,797.95117000
2025-10-31 00:00:00,108322.87000000,109586.94000000,108275.28000000,109317.21000000,1084.42941000
2025-10-31 01:00:00,109317.21000000,110042.16000000,109180.00000000,109619.77000000,1402.71517000
2025-10-31 02:00:00,109619.77000000,109685.32000000,108565.26000000,108857.99000000,866.79172000
2025-10-31 03:00:00,108858.00000000,109324.40000000,108613.11000000,109227.86000000,820.34500000
2025-10-31 04:00:00,109227.87000000,110215.00000000,109114.88000000,110084.02000000,1133.07928000
2025-10-31 05:00:00,110084.02000000,110084.03000000,109691.92000000,109899.15000000,939.00824000
2025-10-31 06:00:00,109899.15000000,109968.71000000,109517.49000000,109650.00000000,532.21593000
2025-10-31 07:00:00,109650.00000000,109807.90000000,109266.58000000,109449.31000000,994.16577000
2025-10-31 08:00:00,109449.32000000,110100.00000000,109214.13000000,110062.44000000,719.63357000
2025-10-31 09:00:00,110062.45000000,110450.00000000,109807.89000000,109848.39000000,632.93862000
2025-10-31 10:00:00,109848.39000000,110117.32000000,109710.08000000,109819.20000000,375.06762000
2025-10-31 11:00:00,109819.21000000,110550.00000000,109461.53000000,110415.61000000,712.18313000
2025-10-31 12:00:00,110415.62000000,110681.00000000,109619.94000000,109653.19000000,904.10139000
2025-10-31 13:00:00,109653.20000000,110240.00000000,109366.91000000,110157.54000000,1164.32028000
2025-10-31 14:00:00,110157.54000000,111054.61000000,109590.46000000,110790.14000000,2487.24179000
2025-10-31 15:00:00,110790.14000000,111190.00000000,110132.02000000,110202.90000000,1557.65344000
2025-10-31 16:00:00,110202.90000000,110300.00000000,108671.25000000,108845.40000000,1222.91214000
2025-10-31 17:00:00,108845.40000000,109417.91000000,108635.00000000,109299.98000000,1008.03929000
2025-10-31 18:00:00,109299.98000000,109817.51000000,108974.76000000,109452.35000000,808.98594000
2025-10-31 19:00:00,109452.20000000,110237.66000000,109114.52000000,109828.78000000,824.47324000
2025-10-31 20:00:00,109828.78000000,109828.79000000,109438.12000000,109493.85000000,531.76370000
2025-10-31 21:00:00,109493.84000000,109750.00000000,109329.15000000,109558.48000000,331.78769000
2025-10-31 22:00:00,109558.48000000,109801.89000000,109483.66000000,109580.09000000,286.93529000
2025-10-31 23:00:00,109580.08000000,109683.31000000,109518.22000000,109608.01000000,177.41674000
2025-11-01 00:00:00,109608.01000000,109751.99000000,109394.81000000,109730.78000000,314.60723000
2025-11-01 01:00:00,109730.78000000,110048.00000000,109699.84000000,109734.11000000,205.95055000
2025-11-01 02:00:00,109734.10000000,109872.29000000,109478.09000000,109790.27000000,322.30901000
2025-11-01 03:00:00,109790.27000000,110315.54000000,109789.17000000,110226.37000000,486.66403000
2025-11-01 04:00:00,110226.38000000,110564.49000000,110109.58000000,110291.67000000,486.28878000
2025-11-01 05:00:00,110291.66000000,110382.87000000,110050.00000000,110140.79000000,231.47577000
2025-11-01 06:00:00,110140.78000000,110175.38000000,109933.86000000,110004.82000000,272.13630000
2025-11-01 07:00:00,110004.82000000,110251.67000000,109992.78000000,110071.40000000,284.01087000
2025-11-01 08:00:00,110071.40000000,110270.90000000,110071.40000000,110248.88000000,310.52873000
2025-11-01 09:00:00,110248.88000000,110254.55000000,109970.18000000,109991.29000000,350.98951000
2025-11-01 10:00:00,109991.29000000,110169.23000000,109854.72000000,110147.83000000,273.03449000
2025-11-01 11:00:00,110147.83000000,110238.78000000,110000.01000000,110137.59000000,193.43473000
2025-11-01 12:00:00,110137.59000000,110200.00000000,110000.01000000,110017.27000000,289.94506000
2025-11-01 13:00:00,110017.26000000,110054.96000000,109702.66000000,109946.27000000,273.80468000
2025-11-01 14:00:00,109946.26000000,109993.98000000,109728.94000000,109933.85000000,343.69011000
2025-11-01 15:00:00,109933.86000000,110348.00000000,109910.22000000,110310.65000000,619.56524000
2025-11-01 16:00:00,110310.65000000,110529.99000000,110208.49000000,110464.33000000,670.42039000
2025-11-01 17:00:00,110464.33000000,110495.04000000,110192.00000000,110208.97000000,297.51556000
2025-11-01 18:00:00,110208.96000000,110361.03000000,110193.43000000,110341.27000000,169.41416000
2025-11-01 19:00:00,110341.28000000,110341.28000000,110220.77000000,110299.99000000,109.98551000
2025-11-01 20:00:00,110300.00000000,110516.17000000,110298.17000000,110406.20000000,211.21273000
2025-11-01 21:00:00,110406.21000000,110426.00000000,109858.44000000,109862.85000000,273.04557000
2025-11-01 22:00:00,109862.85000000,110098.59000000,109862.84000000,110092.78000000,259.45939000
2025-11-01 23:00:00,110092.79000000,110144.49000000,109974.00000000,110098.10000000,129.01591000
2025-11-02 00:00:00,110098.10000000,110127.26000000,109895.27000000,109974.09000000,318.19118000
2025-11-02 01:00:00,109974.09000000,110091.36000000,109921.05000000,109978.01000000,159.66153000
2025-11-02 02:00:00,109978.01000000,110263.91000000,109879.39000000,110015.77000000,233.11834000
2025-11-02 03:00:00,110015.76000000,110086.82000000,109962.06000000,110053.23000000,145.30218000
2025-11-02 04:00:00,110053.22000000,110784.13000000,110030.06000000,110670.27000000,1380.24287000
2025-11-02 05:00:00,110670.27000000,110714.04000000,110274.65000000,110497.98000000,1261.57372000
2025-11-02 06:00:00,110497.98000000,110725.90000000,110274.90000000,110663.89000000,867.85040000
2025-11-02 07:00:00,110663.90000000,111045.09000000,110429.70000000,110895.53000000,919.53603000
2025-11-02 08:00:00,110895.53000000,111013.43000000,110716.52000000,110850.17000000,518.64490000
2025-11-02 09:00:00,110850.17000000,111037.94000000,110525.89000000,110714.00000000,566.42995000
2025-11-02 10:00:00,110714.00000000,110876.53000000,110346.15000000,110492.00000000,715.95933000
2025-11-02 11:00:00,110491.99000000,111229.78000000,110482.60000000,111196.99000000,627.26421000
2025-11-02 12:00:00,111196.99000000,111250.01000000,110678.25000000,110736.24000000,460.53292000
2025-11-02 13:00:00,110736.24000000,110766.79000000,110173.84000000,110568.65000000,420.28873000
2025-11-02 14:00:00,110568.65000000,110667.62000000,110202.16000000,110422.24000000,420.72705000
2025-11-02 15:00:00,110422.24000000,110566.86000000,110096.32000000,110117.48000000,387.83077000
2025-11-02 16:00:00,110117.49000000,110143.53000000,109735.59000000,110115.34000000,614.25585000
2025-11-02 17:00:00,110115.34000000,110263.91000000,110027.93000000,110190.40000000,215.89779000
2025-11-02 18:00:00,110190.41000000,110331.00000000,110174.33000000,110331.00000000,137.67403000
2025-11-02 19:00:00,110331.00000000,110331.00000000,109960.95000000,110180.84000000,217.64836000
2025-11-02 20:00:00,110180.85000000,110213.20000000,109890.34000000,110086.70000000,208.23814000
2025-11-02 21:00:00,110086.70000000,110126.94000000,109972.00000000,109990.90000000,196.61258000
2025-11-02 22:00:00,109990.91000000,110012.00000000,109471.34000000,109899.99000000,458.99057000
2025-11-02 23:00:00,109900.00000000,110742.26000000,109900.00000000,110540.68000000,654.52944000
2025-11-03 00:00:00,110540.69000000,110750.00000000,109757.10000000,109757.11000000,449.08984000
2025-11-03 01:00:00,109757.10000000,109910.33000000,109366.75000000,109665.50000000,905.23675000
2025-11-03 02:00:00,109665.50000000,109754.14000000,108666.66000000,109033.83000000,1088.01796000
2025-11-03 03:00:00,109033.84000000,109155.74000000,107907.44000000,107937.45000000,1524.18495000
2025-11-03 04:00:00,107937.45000000,107999.53000000,107480.13000000,107900.37000000,1058.54590000
2025-11-03 05:00:00,107900.37000000,108075.00000000,107400.00000000,107606.75000000,815.12463000
2025-11-03 06:00:00,107606.75000000,107714.05000000,107006.05000000,107494.23000000,1115.28935000
2025-11-03 07:00:00,107494.24000000,107832.45000000,107272.93000000,107468.23000000,874.56308000
2025-11-03 08:00:00,107468.23000000,107705.15000000,106888.00000000,107586.97000000,1033.44721000
2025-11-03 09:00:00,107586.98000000,107912.86000000,107083.33000000,107197.94000000,675.70561000
2025-11-03 10:00:00,107197.95000000,107621.06000000,106726.63000000,106974.99000000,987.39790000
2025-11-03 11:00:00,106974.99000000,107920.92000000,106963.00000000,107787.42000000,774.01269000
2025-11-03 12:00:00,107787.42000000,108265.44000000,107713.10000000,107768.90000000,742.62608000
2025-11-03 13:00:00,107768.91000000,108068.59000000,107574.77000000,107908.68000000,647.66063000
2025-11-03 14:00:00,107908.68000000,108333.00000000,107369.01000000,108059.99000000,919.91286000
2025-11-03 15:00:00,108060.00000000,108148.81000000,105511.00000000,105745.71000000,3853.95819000
2025-11-03 16:00:00,105745.71000000,106798.01000000,105306.56000000,106678.44000000,3622.24107000
2025-11-03 17:00:00,106678.43000000,107783.20000000,106536.11000000,107481.19000000,1563.75664000
2025-11-03 18:00:00,107481.20000000,107599.85000000,106813.00000000,106961.62000000,1651.54985000
2025-11-03 19:00:00,106961.61000000,107395.25000000,106455.23000000,107090.00000000,950.86728000
2025-11-03 20:00:00,107090.00000000,107169.68000000,106310.43000000,106657.55000000,850.20850000
2025-11-03 21:00:00,106657.55000000,107094.27000000,106088.73000000,106888.71000000,790.25915000
2025-11-03 22:00:00,106888.71000000,106888.71000000,105755.59000000,106489.95000000,1150.56648000
2025-11-03 23:00:00,106489.94000000,106750.00000000,106030.14000000,106583.04000000,636.96519000
2025-11-04 00:00:00,106583.05000000,106808.51000000,105852.37000000,106471.45000000,1195.65517000
2025-11-04 01:00:00,106471.45000000,107298.74000000,106277.46000000,107040.01000000,1133.99025000
2025-11-04 02:00:00,107040.00000000,107243.23000000,106477.10000000,106482.60000000,701.66328000
2025-11-04 03:00:00,106482.61000000,107233.83000000,106223.14000000,107158.79000000,1057.66983000
2025-11-04 04:00:00,107158.79000000,107299.00000000,106703.82000000,106750.14000000,745.43101000
2025-11-04 05:00:00,106750.14000000,106750.15000000,104200.00000000,104215.76000000,3268.35780000
2025-11-04 06:00:00,104215.76000000,105201.00000000,104200.00000000,104766.14000000,2382.47316000
2025-11-04 07:00:00,104766.14000000,104997.64000000,104317.56000000,104490.72000000,1633.60477000
2025-11-04 08:00:00,104490.73000000,104631.39000000,103759.99000000,104051.90000000,1804.04853000
2025-11-04 09:00:00,104051.90000000,104138.65000000,103636.00000000,103857.96000000,1455.72161000
2025-11-04 10:00:00,103857.96000000,104106.55000000,103605.00000000,103816.39000000,1073.24239000
2025-11-04 11:00:00,103816.39000000,104699.07000000,103774.33000000,104584.76000000,988.08793000
2025-11-04 12:00:00,104584.75000000,104638.29000000,103844.39000000,103952.54000000,1216.95881000
2025-11-04 13:00:00,103952.54000000,104243.67000000,103576.00000000,103924.25000000,1018.30395000
2025-11-04 14:00:00,103924.26000000,104694.28000000,102915.05000000,104500.01000000,2915.82303000
2025-11-04 15:00:00,104500.01000000,104842.63000000,103185.89000000,103197.01000000,2271.81312000
2025-11-04 16:00:00,103197.02000000,103500.05000000,102164.00000000,102257.70000000,3313.32683000
2025-11-04 17:00:00,102257.70000000,102257.70000000,100800.00000000,101114.83000000,4223.40802000
2025-11-04 18:00:00,101114.82000000,101492.74000000,100010.73000000,101363.98000000,4101.41064000
2025-11-04 19:00:00,101363.97000000,101711.84000000,100414.00000000,100542.64000000,1814.79036000
2025-11-04 20:00:00,100542.64000000,101119.40000000,99600.00000000,100755.43000000,4335.57159000
2025-11-04 21:00:00,100755.42000000,100831.49000000,98944.36000000,100311.46000000,4105.76650000
2025-11-04 22:00:00,100311.46000000,101893.09000000,100082.00000000,101295.71000000,2258.84809000
2025-11-04 23:00:00,101295.70000000,101740.00000000,100907.36000000,101497.22000000,1518.90709000
2025-11-05 00:00:00,101497.23000000,101752.96000000,100350.00000000,100564.30000000,1452.38181000
2025-11-05 01:00:00,100564.30000000,101015.01000000,98966.80000000,100761.62000000,3025.00486000
2025-11-05 02:00:00,100761.62000000,101922.98000000,100754.54000000,101677.93000000,3700.99085000
2025-11-05 03:00:00,101677.94000000,102272.23000000,101461.98000000,102130.00000000,2834.46709000
2025-11-05 04:00:00,102130.00000000,102236.92000000,101517.47000000,101998.30000000,2059.55564000
2025-11-05 05:00:00,101998.30000000,102370.00000000,101595.00000000,101824.89000000,1088.37371000
2025-11-05 06:00:00,101824.89000000,102139.36000000,101500.00000000,102119.99000000,869.66608000
2025-11-05 07:00:00,102120.00000000,102152.58000000,101601.71000000,101993.02000000,644.24535000
2025-11-05 08:00:00,101993.03000000,102000.02000000,101176.47000000,101699.74000000,1179.77273000
2025-11-05 09:00:00,101699.74000000,102203.48000000,101608.00000000,101995.29000000,785.11664000
2025-11-05 10:00:00,101995.28000000,101995.29000000,101285.09000000,101401.97000000,724.99165000
2025-11-05 11:00:00,101401.97000000,102110.48000000,101381.68000000,102070.61000000,887.62047000
2025-11-05 12:00:00,102070.62000000,102800.71000000,101916.77000000,102673.35000000,1241.26951000
2025-11-05 13:00:00,102673.34000000,103253.39000000,102291.82000000,102985.91000000,1451.58240000
2025-11-05 14:00:00,102985.90000000,103470.00000000,102169.06000000,103202.30000000,1801.60223000
2025-11-05 15:00:00,103202.30000000,103798.37000000,102829.51000000,103728.30000000,1851.46451000
2025-11-05 16:00:00,103728.30000000,104039.66000000,103057.56000000,103919.20000000,1677.80348000
2025-11-05 17:00:00,103919.20000000,104000.00000000,103388.46000000,103904.05000000,1795.89346000
2025-11-05 18:00:00,103904.05000000,104429.75000000,103759.53000000,104347.40000000,1222.46217000
2025-11-05 19:00:00,104347.41000000,104529.41000000,103986.96000000,104008.09000000,796.61274000
2025-11-05 20:00:00,104008.09000000,104534.74000000,103620.00000000,103831.22000000,881.47869000
2025-11-05 21:00:00,103831.22000000,103831.22000000,103500.80000000,103672.37000000,586.96502000
2025-11-05 22:00:00,103672.38000000,103798.95000000,103305.05000000,103706.55000000,686.44411000
2025-11-05 23:00:00,103706.55000000,104100.00000000,103667.26000000,103885.16000000,533.01051000
2025-11-06 00:00:00,103885.16000000,103897.86000000,103324.21000000,103677.72000000,1223.43533000
2025-11-06 01:00:00,103677.71000000,103677.72000000,102716.26000000,103365.65000000,1156.07343000
2025-11-06 02:00:00,103365.64000000,103567.93000000,102855.66000000,103321.81000000,711.05988000
2025-11-06 03:00:00,103321.80000000,103933.33000000,103315.48000000,103636.03000000,691.22573000
2025-11-06 04:00:00,103636.92000000,104200.00000000,103580.00000000,104030.79000000,671.34024000
2025-11-06 05:00:00,104030.80000000,104030.80000000,103088.00000000,103143.57000000,755.30818000
2025-11-06 06:00:00,103143.57000000,103591.47000000,103006.17000000,103318.75000000,555.63033000
2025-11-06 07:00:00,103318.76000000,103561.94000000,102910.66000000,103185.48000000,988.58677000
2025-11-06 08:00:00,103184.75000000,103440.00000000,102971.99000000,103200.26000000,647.13062000
2025-11-06 09:00:00,103200.26000000,103261.93000000,102810.00000000,102810.01000000,536.64925000
2025-11-06 10:00:00,102810.01000000,103288.59000000,102651.63000000,103122.54000000,932.94397000
2025-11-06 11:00:00,103122.54000000,103300.01000000,102743.82000000,103227.58000000,540.52931000
2025-11-06 12:00:00,103227.59000000,103333.18000000,102383.64000000,102552.38000000,1051.14565000
2025-11-06 13:00:00,102552.39000000,103626.46000000,102552.38000000,103319.71000000,941.18298000
2025-11-06 14:00:00,103319.71000000,103579.68000000,102044.63000000,102125.00000000,1661.00797000
2025-11-06 15:00:00,102124.99000000,102932.94000000,101630.00000000,102014.48000000,3027.20967000
2025-11-06 16:00:00,102014.49000000,102393.51000000,100300.95000000,100867.20000000,3035.72721000
2025-11-06 17:00:00,100867.19000000,101946.31000000,100770.57000000,101804.01000000,1310.77048000
2025-11-06 18:00:00,101804.02000000,102338.00000000,100916.74000000,101722.13000000,956.16247000
2025-11-06 19:00:00,101722.12000000,101999.44000000,101202.73000000,101388.81000000,756.60374000
2025-11-06 20:00:00,101388.82000000,101643.28000000,100638.55000000,100914.11000000,812.36283000
2025-11-06 21:00:00,100914.11000000,101220.90000000,100541.17000000,101117.17000000,938.29195000
2025-11-06 22:00:00,101117.17000000,101480.00000000,101009.70000000,101415.05000000,639.89634000
2025-11-06 23:00:00,101415.05000000,101538.00000000,101132.60000000,101346.04000000,1274.34706000
2025-11-07 00:00:00,101346.04000000,101640.00000000,100749.94000000,101479.78000000,823.54705000
2025-11-07 01:00:00,101479.79000000,101894.83000000,100905.10000000,101538.96000000,1095.04627000
2025-11-07 02:00:00,101538.96000000,101928.99000000,101242.79000000,101905.11000000,779.48744000
2025-11-07 03:00:00,101905.12000000,102500.00000000,101876.03000000,101916.29000000,1267.53296000
2025-11-07 04:00:00,101916.30000000,102100.25000000,101582.92000000,102027.19000000,798.08441000
2025-11-07 05:00:00,102027.20000000,102527.00000000,102024.75000000,102447.47000000,701.21696000
2025-11-07 06:00:00,102447.48000000,102496.00000000,101819.10000000,101819.10000000,469.88373000
2025-11-07 07:00:00,101819.11000000,102010.00000000,101638.43000000,102010.00000000,1093.42589000
2025-11-07 08:00:00,102009.99000000,102050.00000000,101438.39000000,101496.18000000,817.45963000
2025-11-07 09:00:00,101496.18000000,101512.51000000,100775.65000000,101013.66000000,1382.92001000
2025-11-07 10:00:00,101013.67000000,101250.03000000,100564.43000000,100770.85000000,1279.53134000
2025-11-07 11:00:00,100770.85000000,100796.86000000,99803.58000000,100411.89000000,3120.50016000
2025-11-07 12:00:00,100411.89000000,100625.00000000,99260.86000000,99638.28000000,1799.68202000
2025-11-07 13:00:00,99638.29000000,100579.72000000,99455.10000000,100347.35000000,1635.46609000
2025-11-07 14:00:00,100347.35000000,100922.78000000,99519.32000000,100806.08000000,2597.13075000
2025-11-07 15:00:00,100806.70000000,101253.99000000,100353.45000000,100797.95000000,2600.73788000
2025-11-07 16:00:00,100797.95000000,101628.43000000,100517.06000000,101169.20000000,1975.20246000
2025-11-07 17:00:00,101169.19000000,102736.84000000,100942.73000000,102397.12000000,2091.96075000
2025-11-07 18:00:00,102397.13000000,102859.99000000,102282.20000000,102609.46000000,1585.11088000
2025-11-07 19:00:00,102609.46000000,103395.25000000,102481.75000000,103395.25000000,1184.29403000
2025-11-07 20:00:00,103395.92000000,103900.00000000,102958.00000000,103783.09000000,970.62813000
2025-11-07 21:00:00,103783.08000000,103879.23000000,103311.33000000,103879.23000000,743.31566000
2025-11-07 22:00:00,103879.22000000,104096.36000000,103595.38000000,103633.03000000,736.65333000
2025-11-07 23:00:00,103633.04000000,103759.36000000,103329.79000000,103339.08000000,510.69159000
2025-11-08 00:00:00,103339.09000000,103406.22000000,102539.49000000,102713.15000000,877.26495000
2025-11-08 01:00:00,102713.15000000,103240.32000000,102662.25000000,102996.84000000,498.24095000
2025-11-08 02:00:00,102996.85000000,103333.33000000,102766.31000000,102846.65000000,494.72835000
2025-11-08 03:00:00,102846.66000000,103293.21000000,102592.75000000,102592.76000000,531.57226000
2025-11-08 04:00:00,102592.76000000,102836.00000000,102409.52000000,102565.03000000,602.92361000
2025-11-08 05:00:00,102565.03000000,102733.83000000,102272.66000000,102304.00000000,396.06427000
2025-11-08 06:00:00,102304.01000000,102519.03000000,102092.26000000,102215.62000000,590.77493000
2025-11-08 07:00:00,102215.63000000,102399.88000000,101902.64000000,102352.96000000,452.19970000
2025-11-08 08:00:00,102352.96000000,102687.72000000,102156.36000000,102431.74000000,470.18368000
2025-11-08 09:00:00,102431.74000000,102615.53000000,102225.52000000,102399.46000000,359.62626000
2025-11-08 10:00:00,102399.45000000,102575.35000000,102310.00000000,102480.04000000,301.03917000
2025-11-08 11:00:00,102480.04000000,102630.14000000,101715.76000000,101857.10000000,707.36146000
2025-11-08 12:00:00,101857.10000000,102108.00000000,101731.19000000,102065.14000000,439.24627000
2025-11-08 13:00:00,102065.14000000,102186.99000000,101720.67000000,101804.63000000,952.83284000
2025-11-08 14:00:00,101804.62000000,102083.67000000,101454.00000000,101827.19000000,1159.38189000
2025-11-08 15:00:00,101827.19000000,101954.00000000,101500.00000000,101711.45000000,511.67056000
2025-11-08 16:00:00,101711.46000000,101963.66000000,101525.98000000,101850.22000000,502.57143000
2025-11-08 17:00:00,101850.23000000,102003.57000000,101549.85000000,101994.52000000,479.97599000
2025-11-08 18:00:00,101994.53000000,102219.39000000,101824.86000000,102139.53000000,766.44634000
2025-11-08 19:00:00,102139.52000000,102186.87000000,101522.08000000,101989.65000000,371.41335000
2025-11-08 20:00:00,101989.65000000,102172.35000000,101957.94000000,102068.06000000,206.62460000
2025-11-08 21:00:00,102068.06000000,102367.72000000,102028.62000000,102272.81000000,234.42240000
2025-11-08 22:00:00,102272.82000000,102426.12000000,102171.73000000,102377.46000000,249.46029000
2025-11-08 23:00:00,102377.46000000,102482.20000000,102276.82000000,102312.94000000,234.75430000
2025-11-09 00:00:00,102312.95000000,102337.89000000,101620.23000000,101797.74000000,616.42627000
2025-11-09 01:00:00,101797.74000000,102100.00000000,101686.72000000,102045.07000000,373.40232000
2025-11-09 02:00:00,102045.07000000,102045.07000000,101568.41000000,101633.25000000,398.65792000
2025-11-09 03:00:00,101633.25000000,101817.20000000,101400.00000000,101662.05000000,767.84962000
2025-11-09 04:00:00,101662.05000000,102130.61000000,101635.96000000,101724.91000000,378.19223000
2025-11-09 05:00:00,101724.90000000,102028.07000000,101680.02000000,101928.54000000,291.74297000
2025-11-09 06:00:00,101928.54000000,101980.00000000,101712.17000000,101752.83000000,213.04181000
2025-11-09 07:00:00,101752.83000000,101972.90000000,101681.75000000,101944.59000000,218.68631000
2025-11-09 08:00:00,101944.60000000,102048.15000000,101813.73000000,101972.94000000,216.75810000
2025-11-09 09:00:00,101972.94000000,102127.26000000,101631.62000000,101657.46000000,411.11856000
2025-11-09 10:00:00,101657.46000000,101918.00000000,101500.00000000,101876.36000000,695.12490000
2025-11-09 11:00:00,101876.36000000,102307.68000000,101876.35000000,102239.41000000,502.56822000
2025-11-09 12:00:00,102239.41000000,102425.19000000,102050.64000000,102086.90000000,522.32408000
2025-11-09 13:00:00,102086.91000000,102997.38000000,102067.09000000,102911.39000000,788.58745000
2025-11-09 14:00:00,102911.40000000,104041.25000000,102769.99000000,103037.90000000,2232.81061000
2025-11-09 15:00:00,103037.90000000,104168.00000000,102972.55000000,103762.17000000,1143.92670000
2025-11-09 16:00:00,103762.18000000,103900.53000000,103316.23000000,103845.04000000,741.52049000
2025-11-09 17:00:00,103845.04000000,103964.81000000,103329.49000000,103637.57000000,460.77714000
2025-11-09 18:00:00,103637.58000000,104591.32000000,103520.00000000,104512.65000000,773.02957000
2025-11-09 19:00:00,104512.66000000,104805.57000000,104153.84000000,104805.57000000,849.18697000
2025-11-09 20:00:00,104805.57000000,105061.08000000,104414.40000000,104633.12000000,700.89351000
2025-11-09 21:00:00,104633.13000000,104845.16000000,104314.89000000,104528.82000000,475.91997000
2025-11-09 22:00:00,104528.82000000,104819.99000000,104058.59000000,104732.48000000,1344.74595000
2025-11-09 23:00:00,104732.47000000,105495.62000000,104533.24000000,104722.96000000,1221.67929000
2025-11-10 00:00:00,104722.95000000,106525.00000000,104265.02000000,106314.96000000,2711.00239000
2025-11-10 01:00:00,106314.96000000,106670.11000000,105698.94000000,105699.99000000,2166.65056000
2025-11-10 02:00:00,105700.00000000,106054.26000000,105556.68000000,106006.69000000,775.83999000
2025-11-10 03:00:00,106006.70000000,106291.43000000,105843.22000000,106027.97000000,847.84998000
2025-11-10 04:00:00,106027.97000000,106300.01000000,105846.26000000,106153.14000000,677.49361000
2025-11-10 05:00:00,106153.14000000,106473.73000000,106000.00000000,106100.00000000,619.39822000
2025-11-10 06:00:00,106100.00000000,106311.90000000,105963.30000000,106221.88000000,531.36548000
2025-11-10 07:00:00,106221.89000000,106539.40000000,106156.70000000,106461.45000000,855.88178000
2025-11-10 08:00:00,106461.46000000,106554.00000000,105900.00000000,105965.46000000,758.17354000
2025-11-10 09:00:00,105965.46000000,106599.47000000,105836.00000000,106440.00000000,736.84126000
2025-11-10 10:00:00,106440.00000000,106454.73000000,105962.15000000,105995.26000000,470.32569000
2025-11-10 11:00:00,105995.26000000,106321.16000000,105955.29000000,106176.50000000,391.10179000
2025-11-10 12:00:00,106176.50000000,106216.00000000,105868.00000000,105944.17000000,656.39469000
2025-11-10 13:00:00,105944.17000000,106589.89000000,105923.57000000,106548.02000000,785.48627000
2025-11-10 14:00:00,106548.02000000,106548.02000000,104681.90000000,104898.15000000,1937.55608000
2025-11-10 15:00:00,104898.15000000,105628.00000000,104667.00000000,105079.99000000,2341.34370000
2025-11-10 16:00:00,105079.99000000,105352.86000000,104784.36000000,105242.05000000,1018.54158000
2025-11-10 17:00:00,105242.04000000,105981.79000000,105189.01000000,105953.10000000,695.86986000
2025-11-10 18:00:00,105953.10000000,106094.31000000,105478.00000000,105478.00000000,580.04807000
2025-11-10 19:00:00,105478.00000000,106042.46000000,105408.00000000,105817.99000000,461.94988000
2025-11-10 20:00:00,105818.00000000,106299.22000000,105802.35000000,106010.73000000,635.97915000
2025-11-10 21:00:00,106010.74000000,106021.35000000,105280.00000000,105631.27000000,1140.24521000
2025-11-10 22:00:00,105631.26000000,106144.94000000,105364.68000000,106062.80000000,418.65674000
2025-11-10 23:00:00,106062.81000000,106275.16000000,105893.36000000,106011.13000000,468.26121000
2025-11-11 00:00:00,106011.13000000,106139.84000000,105500.00000000,106139.83000000,562.07527000
2025-11-11 01:00:00,106139.82000000,107500.00000000,106026.79000000,106110.36000000,1869.15910000
2025-11-11 02:00:00,106110.36000000,107130.00000000,105610.00000000,106655.02000000,1751.73895000
2025-11-11 03:00:00,106655.02000000,107100.00000000,106363.04000000,106456.00000000,752.05430000
2025-11-11 04:00:00,106456.00000000,106546.00000000,105714.24000000,105755.32000000,640.19881000
2025-11-11 05:00:00,105755.33000000,105758.88000000,105166.66000000,105249.35000000,774.38555000
2025-11-11 06:00:00,105249.35000000,105345.68000000,104888.00000000,105261.27000000,1146.86686000
2025-11-11 07:00:00,105261.28000000,105327.75000000,104741.20000000,104783.98000000,754.78302000
2025-11-11 08:00:00,104783.99000000,105284.69000000,104762.23000000,105157.80000000,509.99239000
2025-11-11 09:00:00,105157.80000000,105485.71000000,104909.74000000,104971.63000000,505.20070000
2025-11-11 10:00:00,104971.62000000,105237.16000000,104920.25000000,105176.38000000,417.15368000
2025-11-11 11:00:00,105176.39000000,105497.99000000,105145.47000000,105311.90000000,372.28222000
2025-11-11 12:00:00,105311.90000000,105500.00000000,104349.26000000,104530.83000000,2106.11964000
2025-11-11 13:00:00,104530.83000000,104706.09000000,104022.92000000,104390.92000000,3314.65247000
2025-11-11 14:00:00,104390.93000000,104665.67000000,103840.91000000,104560.16000000,1215.16933000
2025-11-11 15:00:00,104560.15000000,104560.15000000,103170.33000000,103455.99000000,2215.12756000
2025-11-11 16:00:00,103455.99000000,103730.00000000,103206.10000000,103399.43000000,664.19158000
2025-11-11 17:00:00,103399.42000000,103637.27000000,102840.22000000,103338.99000000,917.43867000
2025-11-11 18:00:00,103338.99000000,103572.37000000,103059.52000000,103401.07000000,487.03154000
2025-11-11 19:00:00,103401.07000000,103453.07000000,102861.72000000,103126.39000000,479.29730000
2025-11-11 20:00:00,103126.39000000,103224.29000000,102658.36000000,102809.27000000,742.04221000
2025-11-11 21:00:00,102809.27000000,103090.69000000,102476.09000000,102633.92000000,796.94775000
2025-11-11 22:00:00,102633.92000000,103150.02000000,102503.00000000,103000.01000000,652.65633000
2025-11-11 23:00:00,103000.02000000,103209.13000000,102800.01000000,103058.99000000,549.94195000
2025-11-12 00:00:00,103059.00000000,103340.59000000,102812.64000000,102885.99000000,598.51997000
2025-11-12 01:00:00,102886.00000000,103394.01000000,102687.72000000,103254.64000000,999.58610000
2025-11-12 02:00:00,103254.63000000,103413.09000000,102939.85000000,103151.66000000,705.65849000
2025-11-12 03:00:00,103151.66000000,103440.96000000,103092.50000000,103310.00000000,368.29105000
2025-11-12 04:00:00,103310.00000000,103456.82000000,103011.00000000,103246.87000000,320.89726000
2025-11-12 05:00:00,103246.87000000,103467.20000000,103230.00000000,103385.30000000,465.38371000
2025-11-12 06:00:00,103385.31000000,103654.38000000,103354.34000000,103366.97000000,689.47040000
2025-11-12 07:00:00,103366.98000000,103534.98000000,103051.59000000,103112.66000000,689.87309000
2025-11-12 08:00:00,103112.65000000,104228.90000000,103112.24000000,104147.24000000,1064.00216000
2025-11-12 09:00:00,104147.25000000,105079.31000000,104145.98000000,104521.56000000,1348.44138000
2025-11-12 10:00:00,104521.56000000,105038.59000000,104510.50000000,104899.99000000,611.04736000
2025-11-12 11:00:00,104900.00000000,105200.00000000,104746.85000000,105020.83000000,520.21601000
2025-11-12 12:00:00,105020.82000000,105333.33000000,104821.00000000,104993.74000000,538.28345000
2025-11-12 13:00:00,104993.74000000,105187.13000000,104622.43000000,105039.99000000,652.43577000
2025-11-12 14:00:00,105039.99000000,105039.99000000,103604.57000000,103990.40000000,1426.89556000
2025-11-12 15:00:00,103990.39000000,104299.98000000,101961.97000000,102173.51000000,2574.38835000
2025-11-12 16:00:00,102173.51000000,102285.18000000,101300.00000000,101442.61000000,2365.20417000
2025-11-12 17:00:00,101442.62000000,102167.17000000,101397.74000000,101748.02000000,903.07839000
2025-11-12 18:00:00,101748.01000000,101947.88000000,101416.69000000,101542.17000000,626.06370000
2025-11-12 19:00:00,101542.18000000,101569.66000000,100813.59000000,101297.31000000,974.91965000
2025-11-12 20:00:00,101297.31000000,101846.15000000,101141.03000000,101539.01000000,677.73830000
2025-11-12 21:00:00,101539.01000000,101920.48000000,101520.41000000,101920.47000000,419.00665000
2025-11-12 22:00:00,101920.48000000,101994.12000000,101448.82000000,101978.96000000,401.25193000
2025-11-12 23:00:00,101978.95000000,101999.35000000,101465.77000000,101654.37000000,516.98616000
2025-11-13 00:00:00,101654.37000000,102042.77000000,101467.15000000,101854.58000000,477.36249000
2025-11-13 01:00:00,101854.58000000,102604.00000000,101838.00000000,102007.00000000,1311.97773000
2025-11-13 02:00:00,102006.99000000,102338.42000000,101972.39000000,102064.41000000,358.95316000
2025-11-13 03:00:00,102064.41000000,102566.93000000,100922.55000000,102130.21000000,1438.17883000
2025-11-13 04:00:00,102130.21000000,102406.39000000,101665.59000000,102120.00000000,873.51911000
2025-11-13 05:00:00,102120.00000000,103400.00000000,101772.52000000,103135.84000000,893.66042000
2025-11-13 06:00:00,103136.00000000,103679.00000000,102914.39000000,103590.74000000,1230.29564000
2025-11-13 07:00:00,103590.74000000,104085.01000000,103315.16000000,103475.66000000,1328.34761000
2025-11-13 08:00:00,103475.66000000,103811.49000000,103275.02000000,103684.06000000,901.73611000
2025-11-13 09:00:00,103684.07000000,103740.00000000,102553.63000000,102827.00000000,1334.94774000
2025-11-13 10:00:00,102827.00000000,103289.89000000,102774.75000000,102991.22000000,491.21571000
2025-11-13 11:00:00,102991.23000000,103148.57000000,102711.53000000,102936.50000000,410.73987000
2025-11-13 12:00:00,102936.49000000,103274.93000000,102735.31000000,103143.45000000,597.28173000
2025-11-13 13:00:00,103143.46000000,103162.41000000,102150.00000000,102326.48000000,1187.69713000
2025-11-13 14:00:00,102326.48000000,103483.83000000,101699.91000000,102873.14000000,2405.05801000
2025-11-13 15:00:00,102873.14000000,102999.98000000,101184.14000000,101382.64000000,2074.39590000
2025-11-13 16:00:00,101382.63000000,101540.93000000,100550.00000000,100633.13000000,2664.17181000
2025-11-13 17:00:00,100633.13000000,100820.49000000,99608.98000000,99659.99000000,3368.62722000
2025-11-13 18:00:00,99659.99000000,99922.00000000,98147.40000000,98591.78000000,4579.03994000
2025-11-13 19:00:00,98591.78000000,99295.02000000,98314.39000000,98682.14000000,2309.24180000
2025-11-13 20:00:00,98682.13000000,99031.76000000,98000.40000000,98162.11000000,2424.57218000
2025-11-13 21:00:00,98162.11000000,98905.45000000,98021.00000000,98817.36000000,1018.69866000
2025-11-13 22:00:00,98817.35000000,99937.99000000,98701.88000000,99851.82000000,1303.27918000
2025-11-13 23:00:00,99851.83000000,100501.31000000,99569.99000000,99692.02000000,1215.50973000
2025-11-14 00:00:00,99692.03000000,99778.00000000,98726.64000000,98973.95000000,1748.76850000
2025-11-14 01:00:00,98973.95000000,99555.33000000,98700.00000000,99255.60000000,2292.50283000
2025-11-14 02:00:00,99255.60000000,99866.02000000,99246.00000000,99620.00000000,967.49149000
2025-11-14 03:00:00,99620.01000000,99649.87000000,98805.23000000,99139.38000000,831.05287000
2025-11-14 04:00:00,99139.38000000,99178.58000000,96712.12000000,97823.98000000,3850.84747000
2025-11-14 05:00:00,97823.97000000,98037.39000000,97020.49000000,97523.98000000,2096.22294000
2025-11-14 06:00:00,97523.98000000,97616.50000000,95933.75000000,97569.13000000,2909.03600000
2025-11-14 07:00:00,97569.13000000,97742.85000000,96783.47000000,97151.98000000,2260.62551000
2025-11-14 08:00:00,97151.97000000,97476.84000000,96787.99000000,97377.41000000,1591.93158000
2025-11-14 09:00:00,97377.41000000,97553.70000000,96681.63000000,96839.93000000,1043.46142000
2025-11-14 10:00:00,96839.94000000,97286.92000000,96668.73000000,96752.20000000,688.27736000
2025-11-14 11:00:00,96752.19000000,96945.61000000,95711.00000000,96167.44000000,1931.93096000
2025-11-14 12:00:00,96167.45000000,96167.45000000,94560.48000000,95350.75000000,4859.43942000
2025-11-14 13:00:00,95350.76000000,95695.83000000,94571.10000000,95243.95000000,3578.96625000
2025-11-14 14:00:00,95243.95000000,96801.53000000,94951.43000000,96542.38000000,3587.32924000
2025-11-14 15:00:00,96542.38000000,97322.35000000,95868.40000000,96796.14000000,2286.98587000
2025-11-14 16:00:00,96796.14000000,97411.11000000,96271.34000000,97011.22000000,1610.29675000
2025-11-14 17:00:00,97011.22000000,97128.45000000,95600.00000000,95842.56000000,1417.43832000
2025-11-14 18:00:00,95842.57000000,96329.58000000,95000.00000000,95075.53000000,1363.43718000
2025-11-14 19:00:00,95075.53000000,95920.00000000,94800.55000000,95778.29000000,1214.47277000
2025-11-14 20:00:00,95778.30000000,95940.00000000,94201.77000000,94377.47000000,1917.84937000
2025-11-14 21:00:00,94377.46000000,95172.95000000,94231.78000000,95059.47000000,927.53739000
2025-11-14 22:00:00,95059.46000000,95482.74000000,94700.00000000,95179.99000000,990.87669000
2025-11-14 23:00:00,95179.99000000,95179.99000000,94012.45000000,94594.00000000,1321.36663000
2025-11-15 00:00:00,94594.00000000,95414.00000000,94558.49000000,95149.35000000,1050.81596000
2025-11-15 01:00:00,95149.35000000,95800.00000000,94750.77000000,95650.17000000,946.56569000
2025-11-15 02:00:00,95650.17000000,96484.50000000,95395.08000000,96482.77000000,971.87658000
2025-11-15 03:00:00,96482.78000000,96846.68000000,96132.00000000,96417.12000000,1407.53254000
2025-11-15 04:00:00,96417.12000000,96520.00000000,95921.21000000,96112.14000000,541.00804000
2025-11-15 05:00:00,96112.14000000,96435.39000000,95977.02000000,96342.18000000,712.44846000
2025-11-15 06:00:00,96342.18000000,96570.65000000,95958.22000000,96121.27000000,672.46070000
2025-11-15 07:00:00,96121.27000000,96372.68000000,95947.68000000,96333.86000000,618.02642000
2025-11-15 08:00:00,96333.87000000,96350.52000000,95642.61000000,95910.88000000,987.30061000
2025-11-15 09:00:00,95910.87000000,96150.99000000,95649.99000000,95808.44000000,655.00121000
2025-11-15 10:00:00,95808.44000000,96064.49000000,95689.38000000,95952.13000000,382.53531000
2025-11-15 11:00:00,95952.13000000,95985.64000000,95630.00000000,95696.87000000,311.38925000
2025-11-15 12:00:00,95696.86000000,95876.90000000,95565.17000000,95814.08000000,313.88372000
2025-11-15 13:00:00,95814.08000000,96372.99000000,95728.13000000,96370.16000000,815.44172000
2025-11-15 14:00:00,96370.17000000,96471.22000000,96013.58000000,96254.25000000,493.86496000
2025-11-15 15:00:00,96254.26000000,96425.85000000,96114.70000000,96260.00000000,364.09538000
2025-11-15 16:00:00,96259.99000000,96337.82000000,95731.32000000,96162.84000000,652.31588000
2025-11-15 17:00:00,96162.84000000,96419.65000000,95849.90000000,96238.50000000,647.76319000
2025-11-15 18:00:00,96238.51000000,96349.86000000,95960.34000000,96052.99000000,388.88122000
2025-11-15 19:00:00,96052.99000000,96152.98000000,95920.94000000,96012.01000000,191.69202000
2025-11-15 20:00:00,96012.01000000,96012.01000000,95119.94000000,95277.52000000,940.18711000
2025-11-15 21:00:00,95277.51000000,95672.00000000,95125.29000000,95279.99000000,458.06338000
2025-11-15 22:00:00,95280.00000000,95660.00000000,95225.78000000,95619.62000000,347.97795000
2025-11-15 23:00:00,95619.63000000,95694.01000000,95493.96000000,95596.24000000,239.76661000
2025-11-16 00:00:00,95596.23000000,95704.81000000,95205.74000000,95362.00000000,304.87252000
2025-11-16 01:00:00,95362.01000000,95493.97000000,94841.62000000,95276.62000000,713.63073000
2025-11-16 02:00:00,95276.61000000,95969.98000000,95094.31000000,95963.88000000,557.05695000
2025-11-16 03:00:00,95963.89000000,95979.79000000,95630.22000000,95825.02000000,321.10986000
2025-11-16 04:00:00,95825.02000000,95928.88000000,95650.72000000,95821.79000000,349.88402000
2025-11-16 05:00:00,95821.80000000,96192.00000000,95813.51000000,95881.82000000,391.55568000
2025-11-16 06:00:00,95881.83000000,96043.64000000,95754.00000000,95813.53000000,200.18257000
2025-11-16 07:00:00,95813.52000000,96100.00000000,95721.68000000,96099.99000000,337.71705000
2025-11-16 08:00:00,96099.98000000,96238.00000000,95859.35000000,96116.94000000,378.10619000
2025-11-16 09:00:00,96116.93000000,96635.11000000,95936.00000000,96629.75000000,611.90526000
2025-11-16 10:00:00,96629.74000000,96629.74000000,96375.05000000,96444.71000000,575.34123000
2025-11-16 11:00:00,96444.71000000,96446.94000000,95500.00000000,95627.13000000,1020.02786000
2025-11-16 12:00:00,95627.13000000,95900.00000000,95436.46000000,95743.90000000,547.95591000
2025-11-16 13:00:00,95743.90000000,95846.14000000,95117.48000000,95420.44000000,561.73436000
2025-11-16 14:00:00,95420.44000000,95673.90000000,95303.60000000,95531.13000000,396.85356000
2025-11-16 15:00:00,95531.13000000,95555.00000000,94368.24000000,94573.46000000,1039.77491000
2025-11-16 16:00:00,94573.46000000,94945.52000000,94022.89000000,94224.47000000,2545.47537000
2025-11-16 17:00:00,94224.47000000,94540.64000000,93770.48000000,94357.67000000,2214.01710000
2025-11-16 18:00:00,94357.66000000,95567.79000000,93775.81000000,94049.64000000,3256.09450000
2025-11-16 19:00:00,94049.63000000,94600.00000000,93941.00000000,94020.00000000,1029.66678000
2025-11-16 20:00:00,94020.49000000,94739.74000000,93951.40000000,94090.00000000,563.82548000
2025-11-16 21:00:00,94090.01000000,94212.78000000,93369.00000000,93505.22000000,1731.40126000
2025-11-16 22:00:00,93505.23000000,94500.00000000,93005.55000000,94183.36000000,1764.45299000
2025-11-16 23:00:00,94183.36000000,94540.00000000,93020.01000000,94261.44000000,2476.76296000
2025-11-17 00:00:00,94261.45000000,95375.60000000,93767.27000000,95290.01000000,1716.89838000
2025-11-17 01:00:00,95290.01000000,95487.80000000,94722.21000000,94768.02000000,912.36086000
2025-11-17 02:00:00,94768.02000000,95409.32000000,94707.82000000,94976.18000000,781.92776000
2025-11-17 03:00:00,94976.17000000,95559.99000000,94968.72000000,95496.77000000,713.35025000
2025-11-17 04:00:00,95496.77000000,95575.94000000,94849.37000000,95096.74000000,1622.50542000
2025-11-17 05:00:00,95096.73000000,95265.01000000,94900.00000000,95122.76000000,574.08695000
2025-11-17 06:00:00,95122.77000000,95333.99000000,94900.00000000,95282.36000000,495.05249000
2025-11-17 07:00:00,95282.37000000,95880.00000000,95203.80000000,95653.77000000,1148.20170000
2025-11-17 08:00:00,95653.78000000,96026.71000000,95532.02000000,95619.06000000,1082.17947000
2025-11-17 09:00:00,95619.07000000,95868.99000000,95309.68000000,95656.21000000,907.38215000
2025-11-17 10:00:00,95656.20000000,95891.59000000,95545.10000000,95651.70000000,499.57874000
2025-11-17 11:00:00,95651.70000000,95938.36000000,95369.98000000,95565.38000000,926.51906000
2025-11-17 12:00:00,95565.38000000,95571.30000000,95250.58000000,95312.23000000,545.81467000
2025-11-17 13:00:00,95312.24000000,95370.89000000,93571.30000000,93959.79000000,2495.70008000
2025-11-17 14:00:00,93959.78000000,96043.00000000,93755.22000000,94769.32000000,3177.03036000
2025-11-17 15:00:00,94769.33000000,95018.86000000,93806.37000000,93959.67000000,1867.09141000
2025-11-17 16:00:00,93959.68000000,94419.88000000,93051.71000000,94306.00000000,2847.04335000
2025-11-17 17:00:00,94306.01000000,94394.80000000,92658.82000000,92767.49000000,2184.47626000
2025-11-17 18:00:00,92767.48000000,93224.35000000,92413.31000000,92549.01000000,2978.32313000
2025-11-17 19:00:00,92549.02000000,92653.97000000,91588.00000000,91678.93000000,3690.73308000
2025-11-17 20:00:00,91678.93000000,92234.53000000,91292.00000000,91920.59000000,3249.24836000
2025-11-17 21:00:00,91914.01000000,92253.72000000,91500.00000000,91959.71000000,1866.20530000
2025-11-17 22:00:00,91959.72000000,92399.48000000,91220.00000000,92247.63000000,1469.82034000
2025-11-17 23:00:00,92247.64000000,92294.15000000,91793.90000000,92215.14000000,1467.06849000
2025-11-18 00:00:00,92215.14000000,92357.51000000,91200.00000000,92169.86000000,1831.22552000
2025-11-18 01:00:00,92169.86000000,92221.01000000,91624.50000000,91714.29000000,1663.24084000
2025-11-18 02:00:00,91714.29000000,91750.00000000,90687.42000000,90866.01000000,2546.69077000
2025-11-18 03:00:00,90866.01000000,90927.69000000,89700.00000000,90842.72000000,4606.07848000
2025-11-18 04:00:00,90842.72000000,90851.66000000,89253.78000000,90081.90000000,3350.00605000
2025-11-18 05:00:00,90081.90000000,90469.14000000,89719.63000000,90221.33000000,1575.65404000
2025-11-18 06:00:00,90221.33000000,90233.16000000,89371.12000000,89651.30000000,1335.95745000
2025-11-18 07:00:00,89651.29000000,90555.88000000,89337.39000000,90512.10000000,2766.44981000
2025-11-18 08:00:00,90512.10000000,91440.00000000,90509.79000000,91220.00000000,2225.79136000
2025-11-18 09:00:00,91219.99000000,91487.58000000,90889.93000000,91400.01000000,1441.96417000
2025-11-18 10:00:00,91400.01000000,91617.17000000,91256.80000000,91585.02000000,1087.06008000
2025-11-18 11:00:00,91585.01000000,91615.43000000,91247.56000000,91517.82000000,1022.64847000
2025-11-18 12:00:00,91517.83000000,91878.11000000,91110.00000000,91518.54000000,906.99249000
2025-11-18 13:00:00,91518.54000000,91659.94000000,90905.70000000,91476.56000000,1036.51569000
2025-11-18 14:00:00,91476.56000000,92450.23000000,91206.52000000,91359.29000000,2351.78391000
2025-11-18 15:00:00,91359.30000000,93049.91000000,91010.00000000,92910.10000000,2802.22354000
2025-11-18 16:00:00,92910.10000000,93836.01000000,92579.23000000,93499.16000000,2533.31280000
2025-11-18 17:00:00,93499.15000000,93657.15000000,92821.26000000,93256.92000000,1189.79384000
2025-11-18 18:00:00,93256.92000000,93766.00000000,93151.04000000,93331.08000000,692.11551000
2025-11-18 19:00:00,93331.09000000,93612.00000000,92994.88000000,93195.61000000,502.14706000
2025-11-18 20:00:00,93195.61000000,93298.00000000,92657.25000000,92783.36000000,539.00940000
2025-11-18 21:00:00,92783.36000000,93030.00000000,92462.72000000,92491.59000000,542.20850000
2025-11-18 22:00:00,92491.60000000,93423.74000000,92491.59000000,93160.00000000,439.15612000
2025-11-18 23:00:00,93159.99000000,93163.34000000,92727.27000000,92960.83000000,847.12179000
2025-11-19 00:00:00,92960.83000000,92980.22000000,91929.86000000,92416.51000000,875.05841000
2025-11-19 01:00:00,92416.52000000,92644.49000000,91935.03000000,92439.99000000,856.50507000
2025-11-19 02:00:00,92440.00000000,92865.24000000,92280.00000000,92569.12000000,531.42350000
2025-11-19 03:00:00,92569.12000000,92636.00000000,91660.49000000,91874.52000000,802.16678000
2025-11-19 04:00:00,91874.51000000,91976.12000000,91163.19000000,91163.20000000,1152.46121000
2025-11-19 05:00:00,91163.20000000,91267.73000000,90025.06000000,90459.99000000,1783.40843000
2025-11-19 06:00:00,90459.99000000,91104.00000000,90282.83000000,90990.87000000,1223.51965000
2025-11-19 07:00:00,90990.88000000,92028.92000000,90948.37000000,91863.64000000,1475.85023000
2025-11-19 08:00:00,91863.64000000,91950.00000000,91287.34000000,91470.44000000,803.83092000
2025-11-19 09:00:00,91470.44000000,91513.72000000,91072.41000000,91513.72000000,740.22178000
2025-11-19 10:00:00,91513.72000000,91700.55000000,91225.98000000,91314.75000000,580.50005000
2025-11-19 11:00:00,91314.74000000,91782.04000000,91312.00000000,91410.22000000,416.30964000
2025-11-19 12:00:00,91410.23000000,91879.85000000,91220.00000000,91780.00000000,604.31025000
2025-11-19 13:00:00,91780.00000000,91900.00000000,91228.82000000,91405.02000000,728.07490000
2025-11-19 14:00:00,91405.02000000,91857.30000000,91037.50000000,91713.44000000,1389.38336000
2025-11-19 15:00:00,91713.45000000,92384.61000000,89880.00000000,89951.70000000,3292.32346000
2025-11-19 16:00:00,89951.70000000,90232.56000000,89453.88000000,89905.78000000,2417.11812000
2025-11-19 17:00:00,89905.77000000,90133.33000000,88889.00000000,89500.01000000,2649.49867000
2025-11-19 18:00:00,89500.00000000,89744.51000000,88792.00000000,89237.83000000,2216.17894000
2025-11-19 19:00:00,89237.82000000,89384.27000000,88630.71000000,88884.56000000,1504.39912000
2025-11-19 20:00:00,88884.56000000,89704.39000000,88608.00000000,89516.91000000,1421.78591000
2025-11-19 21:00:00,89516.91000000,90850.00000000,89450.01000000,90600.68000000,2890.29056000
2025-11-19 22:00:00,90600.67000000,90635.58000000,90101.14000000,90480.56000000,768.25681000
2025-11-19 23:00:00,90480.56000000,91594.00000000,90480.56000000,91554.96000000,1163.76183000
2025-11-20 00:00:00,91554.96000000,92300.00000000,91185.26000000,91891.32000000,1045.70121000
2025-11-20 01:00:00,91891.32000000,92716.44000000,91820.01000000,92590.13000000,1058.92103000
2025-11-20 02:00:00,92590.13000000,92798.14000000,92322.04000000,92592.84000000,904.85403000
2025-11-20 03:00:00,92592.85000000,92717.52000000,92360.84000000,92440.32000000,919.58347000
2025-11-20 04:00:00,92440.33000000,92990.00000000,92124.00000000,92962.83000000,931.12356000
2025-11-20 05:00:00,92962.84000000,93160.00000000,92566.55000000,92616.20000000,878.19369000
2025-11-20 06:00:00,92616.21000000,92851.06000000,91687.07000000,91974.70000000,1324.95908000
2025-11-20 07:00:00,91974.69000000,92445.80000000,91798.24000000,92320.18000000,657.61367000
2025-11-20 08:00:00,92320.18000000,92400.94000000,92036.27000000,92128.22000000,621.86424000
2025-11-20 09:00:00,92128.22000000,92135.01000000,91440.55000000,91950.00000000,1187.17976000
2025-11-20 10:00:00,91950.01000000,92062.83000000,91603.84000000,91801.39000000,918.81997000
2025-11-20 11:00:00,91801.39000000,92029.64000000,91485.40000000,91934.00000000,472.97339000
2025-11-20 12:00:00,91934.01000000,91999.99000000,91688.00000000,91839.25000000,443.03933000
2025-11-20 13:00:00,91839.25000000,92541.92000000,91451.99000000,91529.36000000,1535.25700000
2025-11-20 14:00:00,91529.36000000,91682.60000000,90431.54000000,91103.19000000,2227.67187000
2025-11-20 15:00:00,91103.19000000,91171.78000000,89835.34000000,89869.88000000,1956.88604000
2025-11-20 16:00:00,89869.88000000,89911.73000000,87487.95000000,87878.10000000,5918.46185000
2025-11-20 17:00:00,87878.10000000,88158.49000000,86395.47000000,87233.81000000,5848.39149000
2025-11-20 18:00:00,87233.80000000,87769.23000000,86318.78000000,86486.27000000,3087.08206000
2025-11-20 19:00:00,86486.27000000,87146.29000000,86100.00000000,86921.28000000,2741.74748000
2025-11-20 20:00:00,86921.27000000,87131.07000000,86325.23000000,86462.97000000,1475.77763000
2025-11-20 21:00:00,86462.97000000,87674.23000000,86429.09000000,87282.60000000,1215.05710000
2025-11-20 22:00:00,87282.44000000,88250.00000000,87192.91000000,88065.97000000,1274.57142000
2025-11-20 23:00:00,88065.98000000,88173.09000000,86560.00000000,86637.23000000,1087.46036000
2025-11-21 00:00:00,86637.22000000,87498.94000000,86592.00000000,87285.24000000,845.00605000
2025-11-21 01:00:00,87285.24000000,87464.08000000,86834.81000000,87049.86000000,841.87222000
2025-11-21 02:00:00,87049.86000000,87067.52000000,85360.00000000,85444.93000000,3003.64405000
2025-11-21 03:00:00,85444.93000000,86135.58000000,85433.39000000,85821.34000000,1737.99681000
2025-11-21 04:00:00,85821.35000000,86119.19000000,85404.05000000,86053.09000000,1036.52858000
2025-11-21 05:00:00,86053.10000000,86459.53000000,85825.59000000,86195.08000000,1234.93355000
2025-11-21 06:00:00,86195.09000000,86255.02000000,85550.00000000,85581.30000000,1347.08347000
2025-11-21 07:00:00,85581.31000000,85769.86000000,82000.00000000,84049.39000000,10586.94545000
2025-11-21 08:00:00,84049.38000000,84709.89000000,83521.07000000,83643.45000000,4196.83535000
2025-11-21 09:00:00,83643.45000000,83988.40000000,82104.01000000,82207.84000000,4382.85302000
2025-11-21 10:00:00,82207.83000000,82911.99000000,81648.00000000,82703.61000000,5588.71507000
2025-11-21 11:00:00,82703.61000000,83340.72000000,82192.49000000,82309.66000000,2016.52315000
2025-11-21 12:00:00,82309.67000000,83618.13000000,80600.00000000,83285.35000000,9181.08228000
2025-11-21 13:00:00,83285.34000000,84427.79000000,83116.86000000,84115.28000000,4066.19195000
2025-11-21 14:00:00,84115.29000000,85496.00000000,83544.82000000,84850.00000000,5134.71956000
2025-11-21 15:00:00,84850.01000000,85103.42000000,82729.54000000,82932.47000000,4659.35985000
2025-11-21 16:00:00,82932.46000000,84919.60000000,82333.00000000,84919.59000000,2895.89154000
2025-11-21 17:00:00,84919.58000000,85572.82000000,84565.11000000,84877.07000000,2065.96878000
2025-11-21 18:00:00,84877.06000000,85083.31000000,83304.87000000,84577.11000000,2102.78190000
2025-11-21 19:00:00,84577.12000000,85025.71000000,84080.00000000,84209.30000000,1042.90060000
2025-11-21 20:00:00,84209.30000000,84650.00000000,83464.96000000,84571.20000000,1215.11568000
2025-11-21 21:00:00,84571.19000000,85416.66000000,84351.51000000,85182.14000000,1186.55255000
2025-11-21 22:00:00,85182.14000000,85404.24000000,84267.25000000,84284.42000000,887.57484000
2025-11-21 23:00:00,84284.43000000,85353.03000000,84121.38000000,85129.43000000,999.05049000
2025-11-22 00:00:00,85129.42000000,85620.00000000,84571.13000000,84739.93000000,982.89986000
2025-11-22 01:00:00,84739.92000000,85205.87000000,84588.75000000,85174.28000000,708.20070000
2025-11-22 02:00:00,85174.28000000,85205.87000000,84285.71000000,84528.99000000,623.12435000
2025-11-22 03:00:00,84529.00000000,84611.35000000,84212.39000000,84440.47000000,608.99066000
2025-11-22 04:00:00,84440.48000000,84548.30000000,83832.91000000,84246.88000000,757.03562000
2025-11-22 05:00:00,84246.89000000,84316.08000000,83868.53000000,84280.92000000,609.94979000
2025-11-22 06:00:00,84280.92000000,84799.54000000,84080.00000000,84636.00000000,514.75646000
2025-11-22 07:00:00,84636.00000000,84672.01000000,84400.00000000,84580.06000000,336.57657000
2025-11-22 08:00:00,84580.06000000,84586.62000000,83935.95000000,84016.77000000,579.11003000
2025-11-22 09:00:00,84016.77000000,84343.91000000,83666.00000000,83929.52000000,1402.34324000
2025-11-22 10:00:00,83929.53000000,84211.50000000,83500.00000000,83693.25000000,755.24683000
2025-11-22 11:00:00,83693.26000000,84343.91000000,83592.45000000,84098.94000000,605.75819000
2025-11-22 12:00:00,84098.94000000,84160.80000000,83620.16000000,83884.00000000,632.74648000
2025-11-22 13:00:00,83884.01000000,84132.09000000,83653.12000000,83947.89000000,450.38850000
2025-11-22 14:00:00,83947.89000000,84755.83000000,83935.12000000,84494.40000000,1054.86190000
2025-11-22 15:00:00,84494.40000000,84577.99000000,84014.39000000,84284.01000000,530.44756000
2025-11-22 16:00:00,84284.01000000,84899.00000000,84219.62000000,84694.66000000,525.46062000
2025-11-22 17:00:00,84694.65000000,84724.58000000,84423.98000000,84554.20000000,357.93738000
2025-11-22 18:00:00,84554.20000000,84678.38000000,84480.66000000,84659.79000000,243.98434000
2025-11-22 19:00:00,84659.80000000,84790.79000000,84510.53000000,84609.76000000,223.69917000
2025-11-22 20:00:00,84609.77000000,84808.22000000,84244.51000000,84474.41000000,274.86848000
2025-11-22 21:00:00,84474.41000000,84510.54000000,84237.70000000,84411.30000000,269.03241000
2025-11-22 22:00:00,84411.31000000,85260.00000000,84269.04000000,85072.88000000,648.28851000
2025-11-22 23:00:00,85072.87000000,85178.00000000,84670.56000000,84739.74000000,498.22498000
2025-11-23 00:00:00,84739.75000000,85325.94000000,84667.57000000,84971.74000000,789.42586000
2025-11-23 01:00:00,84971.74000000,86184.60000000,84950.97000000,85879.83000000,1247.13601000
2025-11-23 02:00:00,85879.83000000,86349.84000000,85689.36000000,86000.34000000,1316.75776000
2025-11-23 03:00:00,86000.34000000,86308.55000000,85820.68000000,86308.54000000,650.83168000
2025-11-23 04:00:00,86308.54000000,86860.00000000,86150.61000000,86548.20000000,1045.11387000
2025-11-23 05:00:00,86548.19000000,86593.68000000,86004.85000000,86358.28000000,592.93532000
2025-11-23 06:00:00,86358.27000000,86500.00000000,85864.68000000,85864.68000000,546.56485000
2025-11-23 07:00:00,85864.69000000,85911.72000000,85420.00000000,85782.19000000,728.39953000
2025-11-23 08:00:00,85782.18000000,86196.94000000,85768.22000000,86137.19000000,554.48769000
2025-11-23 09:00:00,86137.18000000,86465.24000000,86080.02000000,86393.02000000,427.24227000
2025-11-23 10:00:00,86393.03000000,86452.00000000,86058.96000000,86066.23000000,429.62501000
2025-11-23 11:00:00,86066.24000000,86421.00000000,85814.92000000,86331.28000000,676.04860000
2025-11-23 12:00:00,86331.28000000,86892.00000000,86271.10000000,86530.04000000,917.48707000
2025-11-23 13:00:00,86530.04000000,86934.00000000,86318.98000000,86928.31000000,646.33455000
2025-11-23 14:00:00,86928.30000000,87200.00000000,86482.98000000,86547.40000000,1148.29527000
2025-11-23 15:00:00,86547.40000000,87244.51000000,86451.90000000,87087.44000000,759.24987000
2025-11-23 16:00:00,87087.44000000,87500.00000000,86670.23000000,86685.60000000,1449.15860000
2025-11-23 17:00:00,86685.59000000,86957.45000000,86502.47000000,86746.51000000,752.54839000
2025-11-23 18:00:00,86746.52000000,87259.58000000,86724.78000000,86995.02000000,584.09609000
2025-11-23 19:00:00,86995.02000000,87689.47000000,86938.60000000,87325.01000000,926.15432000
2025-11-23 20:00:00,87325.01000000,87694.68000000,87233.63000000,87483.36000000,726.71996000
2025-11-23 21:00:00,87483.37000000,88000.00000000,87150.00000000,87992.02000000,647.97774000
2025-11-23 22:00:00,87992.03000000,88127.64000000,87554.23000000,88004.00000000,806.41047000
2025-11-23 23:00:00,88004.01000000,88086.96000000,86701.54000000,86830.00000000,1365.46340000
2025-11-24 00:00:00,86830.00000000,87211.33000000,85946.65000000,86740.64000000,1392.29093000
2025-11-24 01:00:00,86740.64000000,87091.31000000,86399.99000000,87068.51000000,958.30504000
2025-11-24 02:00:00,87068.51000000,88059.44000000,87025.01000000,87518.22000000,1290.41003000
2025-11-24 03:00:00,87518.23000000,87788.00000000,87200.69000000,87460.02000000,677.15494000
2025-11-24 04:00:00,87460.03000000,87600.00000000,86450.00000000,86738.37000000,878.95809000
2025-11-24 05:00:00,86738.36000000,87837.57000000,86675.82000000,87468.29000000,753.25217000
2025-11-24 06:00:00,87468.28000000,87518.06000000,86819.98000000,86910.78000000,801.38580000
2025-11-24 07:00:00,86910.77000000,87350.00000000,86700.00000000,87050.39000000,842.74354000
2025-11-24 08:00:00,87050.39000000,87050.39000000,86724.78000000,86961.51000000,563.07997000
2025-11-24 09:00:00,86961.50000000,86961.50000000,85825.84000000,85944.91000000,1224.17260000
2025-11-24 10:00:00,85944.91000000,86190.00000000,85696.56000000,86049.74000000,1106.37218000
2025-11-24 11:00:00,86049.74000000,86433.93000000,85840.00000000,86264.72000000,590.88464000
2025-11-24 12:00:00,86264.71000000,86318.00000000,85888.00000000,86003.00000000,776.50309000
2025-11-24 13:00:00,86003.00000000,86573.99000000,85947.91000000,86160.00000000,774.74433000
2025-11-24 14:00:00,86159.84000000,86660.01000000,85272.00000000,86171.14000000,1629.59791000
2025-11-24 15:00:00,86171.22000000,86741.50000000,85913.44000000,86616.44000000,1454.66429000
2025-11-24 16:00:00,86616.44000000,87700.00000000,86616.43000000,87174.50000000,1597.98070000
2025-11-24 17:00:00,87174.50000000,88550.68000000,86950.51000000,88369.91000000,1714.18113000
2025-11-24 18:00:00,88369.91000000,88732.25000000,88200.00000000,88715.31000000,1475.20510000
2025-11-24 19:00:00,88715.30000000,88834.62000000,88115.16000000,88327.29000000,1216.54554000
2025-11-24 20:00:00,88327.29000000,89228.00000000,88327.29000000,89089.06000000,1349.46746000
2025-11-24 21:00:00,89089.06000000,89132.00000000,88720.97000000,88766.15000000,601.72645000
2025-11-24 22:00:00,88766.15000000,89091.96000000,88598.00000000,88636.54000000,522.98122000
2025-11-24 23:00:00,88636.54000000,88690.00000000,88252.50000000,88300.01000000,470.52080000
2025-11-25 00:00:00,88300.01000000,88300.01000000,87864.63000000,88100.00000000,784.64286000
2025-11-25 01:00:00,88100.00000000,88223.85000000,87719.67000000,87732.83000000,590.37213000
2025-11-25 02:00:00,87732.84000000,87942.26000000,87457.53000000,87909.40000000,661.24658000
2025-11-25 03:00:00,87909.41000000,88048.78000000,87553.84000000,87822.12000000,470.13692000
2025-11-25 04:00:00,87822.12000000,88519.99000000,87790.17000000,88341.14000000,559.30233000
2025-11-25 05:00:00,88341.14000000,88341.14000000,87937.46000000,88120.82000000,385.97584000
2025-11-25 06:00:00,88120.83000000,88149.01000000,87802.09000000,88003.97000000,428.04120000
2025-11-25 07:00:00,88003.97000000,88069.96000000,87300.00000000,87384.81000000,1659.28548000
2025-11-25 08:00:00,87384.81000000,87606.57000000,86993.20000000,87009.82000000,1030.08593000
2025-11-25 09:00:00,87009.82000000,87243.57000000,86666.00000000,87231.76000000,1365.38754000
2025-11-25 10:00:00,87231.76000000,87430.00000000,86950.01000000,87411.01000000,529.77845000
2025-11-25 11:00:00,87411.00000000,87535.98000000,87310.00000000,87361.71000000,476.85969000
2025-11-25 12:00:00,87361.71000000,87792.20000000,87361.71000000,87509.99000000,719.39885000
2025-11-25 13:00:00,87510.00000000,87731.20000000,86870.50000000,87083.01000000,953.98515000
2025-11-25 14:00:00,87083.00000000,87298.35000000,86116.00000000,86741.55000000,1997.11968000
2025-11-25 15:00:00,86741.55000000,87300.00000000,86200.00000000,86988.94000000,1227.12482000
2025-11-25 16:00:00,86988.93000000,87291.00000000,86712.35000000,87121.31000000,678.88146000
2025-11-25 17:00:00,87121.31000000,88155.65000000,87046.09000000,87625.89000000,918.86754000
2025-11-25 18:00:00,87625.90000000,87830.00000000,87237.18000000,87239.29000000,604.25375000
2025-11-25 19:00:00,87239.29000000,87340.10000000,86182.49000000,86882.85000000,1026.34933000
2025-11-25 20:00:00,86882.84000000,87463.00000000,86706.28000000,87382.70000000,718.04092000
2025-11-25 21:00:00,87387.48000000,87449.73000000,86985.02000000,87032.37000000,660.28461000
2025-11-25 22:00:00,87032.36000000,87722.92000000,86565.48000000,87642.41000000,612.11039000
2025-11-25 23:00:00,87642.41000000,87889.38000000,87328.89000000,87369.96000000,509.50965000
2025-11-26 00:00:00,87369.97000000,87770.00000000,87344.34000000,87573.51000000,492.76345000
2025-11-26 01:00:00,87573.51000000,88224.00000000,87338.05000000,87921.94000000,625.50199000
2025-11-26 02:00:00,87921.94000000,88087.97000000,87662.24000000,87711.82000000,382.80732000
2025-11-26 03:00:00,87711.82000000,87892.82000000,87069.97000000,87119.92000000,734.20044000
2025-11-26 04:00:00,87119.93000000,87368.00000000,86909.99000000,87230.23000000,523.25398000
2025-11-26 05:00:00,87230.23000000,87741.50000000,87220.01000000,87519.53000000,391.28204000
2025-11-26 06:00:00,87519.54000000,87889.00000000,87409.78000000,87794.00000000,567.75553000
2025-11-26 07:00:00,87794.00000000,87970.00000000,87698.25000000,87935.05000000,346.36014000
2025-11-26 08:00:00,87935.05000000,87941.58000000,87416.44000000,87424.80000000,352.28266000
2025-11-26 09:00:00,87424.80000000,87453.47000000,86746.60000000,86825.27000000,1012.15795000
2025-11-26 10:00:00,86825.27000000,87078.59000000,86670.36000000,86955.17000000,469.69958000
2025-11-26 11:00:00,86955.17000000,87095.83000000,86844.01000000,87095.79000000,365.39116000
2025-11-26 12:00:00,87095.78000000,87175.99000000,86306.77000000,86643.08000000,790.16422000
2025-11-26 13:00:00,86643.07000000,87136.33000000,86568.85000000,87128.51000000,802.87416000
2025-11-26 14:00:00,87128.51000000,87693.21000000,86813.50000000,86899.73000000,1419.99793000
2025-11-26 15:00:00,86899.72000000,87349.41000000,86664.23000000,86978.00000000,1185.22598000
2025-11-26 16:00:00,86977.99000000,87946.00000000,86956.61000000,87820.01000000,1248.92414000
2025-11-26 17:00:00,87820.02000000,89962.90000000,87710.27000000,89830.79000000,2469.84113000
2025-11-26 18:00:00,89830.80000000,90418.39000000,89676.00000000,90145.69000000,2128.19073000
2025-11-26 19:00:00,90145.69000000,90197.83000000,89716.30000000,89957.36000000,1663.47818000
2025-11-26 20:00:00,89957.37000000,90114.67000000,89508.85000000,89866.82000000,1645.62012000
2025-11-26 21:00:00,89866.83000000,90491.28000000,89815.35000000,90195.99000000,803.11555000
2025-11-26 22:00:00,90195.98000000,90656.08000000,90127.88000000,90386.57000000,686.02397000
2025-11-26 23:00:00,90386.56000000,90600.00000000,90312.25000000,90484.02000000,568.91004000
2025-11-27 00:00:00,90484.01000000,90597.32000000,90089.91000000,90485.85000000,863.56359000
2025-11-27 01:00:00,90485.85000000,91236.00000000,90385.50000000,91145.78000000,1123.33988000
2025-11-27 02:00:00,91145.78000000,91950.00000000,90879.76000000,91389.21000000,2941.82170000
2025-11-27 03:00:00,91389.73000000,91615.60000000,91044.14000000,91091.68000000,815.09214000
2025-11-27 04:00:00,91091.68000000,91353.85000000,91057.77000000,91277.06000000,509.22057000
2025-11-27 05:00:00,91277.06000000,91554.49000000,90889.11000000,90967.54000000,724.51309000
2025-11-27 06:00:00,90967.53000000,91445.30000000,90967.53000000,91244.58000000,600.26335000
2025-11-27 07:00:00,91244.59000000,91496.63000000,91135.88000000,91408.34000000,609.78648000
2025-11-27 08:00:00,91408.34000000,91520.24000000,91221.17000000,91492.02000000,626.37500000
2025-11-27 09:00:00,91492.01000000,91940.18000000,91475.39000000,91561.67000000,875.30832000
2025-11-27 10:00:00,91561.67000000,91747.29000000,91347.02000000,91613.51000000,526.00515000
2025-11-27 11:00:00,91613.52000000,91619.36000000,91307.69000000,91371.88000000,326.30294000
2025-11-27 12:00:00,91371.87000000,91457.36000000,90950.00000000,90986.56000000,641.34239000
2025-11-27 13:00:00,90986.56000000,91075.99000000,90438.43000000,90852.78000000,1344.11260000
2025-11-27 14:00:00,90852.79000000,90978.49000000,90579.77000000,90789.68000000,539.81726000
2025-11-27 15:00:00,90789.68000000,90988.00000000,90629.98000000,90958.30000000,396.23776000
2025-11-27 16:00:00,90958.29000000,91562.00000000,90850.77000000,91467.13000000,778.41704000
2025-11-27 17:00:00,91467.12000000,91635.79000000,91299.06000000,91479.30000000,704.33875000
2025-11-27 18:00:00,91479.30000000,91843.59000000,91347.21000000,91791.99000000,433.08181000
2025-11-27 19:00:00,91791.99000000,91791.99000000,91506.94000000,91528.21000000,363.77786000
2025-11-27 20:00:00,91528.22000000,91596.76000000,91400.00000000,91433.17000000,259.27901000
2025-11-27 21:00:00,91433.18000000,91600.00000000,91217.17000000,91416.99000000,272.08151000
2025-11-27 22:00:00,91416.99000000,91590.00000000,91114.52000000,91317.65000000,289.90354000
2025-11-27 23:00:00,91317.66000000,91566.00000000,91213.79000000,91333.95000000,269.52758000
2025-11-28 00:00:00,91333.94000000,91417.99000000,91072.30000000,91207.34000000,405.71832000
2025-11-28 01:00:00,91207.34000000,91209.82000000,90800.30000000,90804.56000000,495.69936000
2025-11-28 02:00:00,90804.56000000,91135.69000000,90652.55000000,91083.08000000,665.69948000
2025-11-28 03:00:00,91083.08000000,91306.63000000,91000.88000000,91208.85000000,362.93677000
2025-11-28 04:00:00,91208.85000000,91486.29000000,91130.00000000,91424.02000000,286.91882000
2025-11-28 05:00:00,91424.02000000,91707.79000000,91304.28000000,91612.09000000,444.39646000
2025-11-28 06:00:00,91612.09000000,91612.09000000,91156.24000000,91300.69000000,441.82209000
2025-11-28 07:00:00,91300.69000000,91568.98000000,90867.43000000,90910.87000000,700.78640000
2025-11-28 08:00:00,90910.87000000,91717.00000000,90907.98000000,91690.00000000,899.46359000
2025-11-28 09:00:00,91689.99000000,91850.00000000,91439.34000000,91599.99000000,578.77610000
2025-11-28 10:00:00,91600.00000000,91874.86000000,91480.28000000,91850.49000000,786.48217000
2025-11-28 11:00:00,91850.49000000,92030.00000000,91065.13000000,91437.64000000,910.59811000
2025-11-28 12:00:00,91437.64000000,91692.30000000,91405.69000000,91513.40000000,360.31623000
2025-11-28 13:00:00,91513.40000000,92635.00000000,91380.94000000,92377.01000000,1231.35483000
2025-11-28 14:00:00,92377.00000000,93092.00000000,91818.35000000,92250.01000000,2337.42844000
2025-11-28 15:00:00,92250.00000000,92796.00000000,91976.59000000,92362.49000000,1117.51350000
2025-11-28 16:00:00,92362.50000000,92376.00000000,90880.00000000,90936.23000000,1386.76661000
2025-11-28 17:00:00,90936.24000000,91208.43000000,90180.63000000,90663.98000000,3368.69380000
2025-11-28 18:00:00,90661.57000000,90958.57000000,90421.88000000,90830.57000000,663.11655000
2025-11-28 19:00:00,90830.57000000,91202.55000000,90821.60000000,91157.44000000,360.61967000
2025-11-28 20:00:00,91157.44000000,91225.45000000,90867.89000000,91201.10000000,310.35586000
2025-11-28 21:00:00,91201.09000000,91247.16000000,90888.00000000,90888.01000000,223.95974000
2025-11-28 22:00:00,90888.01000000,91159.89000000,90705.57000000,91122.00000000,276.05655000
2025-11-28 23:00:00,91122.00000000,91195.68000000,90890.70000000,90890.70000000,215.38067000
2025-11-29 00:00:00,90890.71000000,90968.00000000,90768.13000000,90884.01000000,186.84042000
2025-11-29 01:00:00,90884.01000000,91119.99000000,90797.36000000,90881.20000000,189.90490000
2025-11-29 02:00:00,90881.20000000,90926.90000000,90546.36000000,90798.89000000,360.30420000
2025-11-29 03:00:00,90798.90000000,90874.03000000,90661.12000000,90680.26000000,203.76865000
2025-11-29 04:00:00,90680.26000000,90911.36000000,90551.12000000,90901.56000000,194.82906000
2025-11-29 05:00:00,90901.55000000,90931.56000000,90733.22000000,90747.16000000,201.02788000
2025-11-29 06:00:00,90747.16000000,90832.57000000,90311.92000000,90565.29000000,551.99620000
2025-11-29 07:00:00,90565.30000000,90666.00000000,90375.01000000,90567.67000000,281.69639000
2025-11-29 08:00:00,90567.66000000,90738.17000000,90477.44000000,90629.67000000,209.42959000
2025-11-29 09:00:00,90629.67000000,90665.37000000,90500.00000000,90560.08000000,255.33197000
2025-11-29 10:00:00,90560.08000000,90647.98000000,90376.37000000,90552.47000000,287.88192000
2025-11-29 11:00:00,90552.47000000,90682.33000000,90458.17000000,90673.19000000,204.80457000
2025-11-29 12:00:00,90673.20000000,90810.45000000,90530.93000000,90616.01000000,253.50149000
2025-11-29 13:00:00,90616.01000000,90805.99000000,90591.35000000,90783.17000000,243.41960000
2025-11-29 14:00:00,90783.16000000,90783.17000000,90610.41000000,90621.72000000,231.55273000
2025-11-29 15:00:00,90621.73000000,91110.36000000,90621.72000000,91063.50000000,419.55316000
2025-11-29 16:00:00,91063.50000000,91165.65000000,90862.22000000,91004.03000000,256.29667000
2025-11-29 17:00:00,91004.03000000,91019.00000000,90421.21000000,90421.21000000,800.09236000
2025-11-29 18:00:00,90421.21000000,90719.16000000,90155.47000000,90690.84000000,837.40131000
2025-11-29 19:00:00,90690.85000000,90850.83000000,90600.10000000,90640.78000000,298.72853000
2025-11-29 20:00:00,90640.77000000,91035.27000000,90400.21000000,90963.29000000,336.13338000
2025-11-29 21:00:00,90963.29000000,91051.87000000,90814.02000000,91008.68000000,179.69384000
2025-11-29 22:00:00,91008.68000000,91008.69000000,90700.65000000,90753.02000000,311.96344000
2025-11-29 23:00:00,90753.03000000,90896.97000000,90690.23000000,90802.44000000,133.73065000
2025-11-30 00:00:00,90802.44000000,90945.59000000,90765.12000000,90893.94000000,127.74315000
2025-11-30 01:00:00,90893.94000000,91055.50000000,90863.05000000,90913.31000000,246.89699000
2025-11-30 02:00:00,90913.30000000,91032.18000000,90749.90000000,90795.51000000,321.82107000
2025-11-30 03:00:00,90795.52000000,90917.96000000,90471.00000000,90909.35000000,418.70941000
2025-11-30 04:00:00,90909.35000000,90970.36000000,90799.91000000,90858.00000000,98.98576000
2025-11-30 05:00:00,90857.99000000,90857.99000000,90670.40000000,90783.75000000,146.33614000
2025-11-30 06:00:00,90783.76000000,90937.50000000,90717.51000000,90898.68000000,134.34933000
2025-11-30 07:00:00,90898.69000000,91037.72000000,90860.01000000,90968.16000000,170.24658000
2025-11-30 08:00:00,90968.16000000,91438.99000000,90927.16000000,91184.45000000,999.62290000
2025-11-30 09:00:00,91184.45000000,91632.00000000,91138.65000000,91413.07000000,857.09997000
2025-11-30 10:00:00,91413.07000000,91467.36000000,91200.00000000,91234.31000000,215.61141000
2025-11-30 11:00:00,91234.31000000,91397.33000000,90998.34000000,91048.78000000,443.35776000
2025-11-30 12:00:00,91048.79000000,91535.10000000,91009.00000000,91469.51000000,391.37581000
2025-11-30 13:00:00,91469.51000000,92000.01000000,91398.69000000,91769.99000000,1268.05794000
2025-11-30 14:00:00,91770.00000000,91779.94000000,91256.88000000,91499.99000000,479.45512000
2025-11-30 15:00:00,91499.98000000,91612.83000000,91326.59000000,91435.31000000,490.26099000
2025-11-30 16:00:00,91435.31000000,91850.00000000,91406.97000000,91825.18000000,328.17239000
2025-11-30 17:00:00,91825.18000000,91825.18000000,91313.26000000,91488.19000000,322.55187000
2025-11-30 18:00:00,91488.20000000,91488.20000000,91159.42000000,91459.90000000,239.73146000
2025-11-30 19:00:00,91459.91000000,91500.00000000,91298.40000000,91460.79000000,158.56074000
2025-11-30 20:00:00,91460.79000000,91626.75000000,91178.00000000,91315.60000000,260.58782000
2025-11-30 21:00:00,91315.59000000,91332.18000000,90888.48000000,91174.22000000,497.10764000
2025-11-30 22:00:00,91174.23000000,91351.61000000,91049.22000000,91225.28000000,263.92188000
2025-11-30 23:00:00,91225.28000000,91256.36000000,90336.90000000,90360.00000000,807.17762000
2025-12-01 00:00:00,90360.01000000,90417.00000000,86959.99000000,87000.00000000,4607.45526000
2025-12-01 01:00:00,87000.00000000,87749.99000000,86941.40000000,87168.91000000,1588.04096000
2025-12-01 02:00:00,87168.90000000,87500.00000000,86474.34000000,86722.29000000,2052.19788000
2025-12-01 03:00:00,86722.30000000,86800.00000000,86161.61000000,86346.13000000,2001.96556000
2025-12-01 04:00:00,86346.13000000,86350.01000000,85695.44000000,85801.03000000,1863.01351000
2025-12-01 05:00:00,85801.03000000,86006.85000000,85604.00000000,86001.08000000,749.36259000
2025-12-01 06:00:00,86001.08000000,86357.43000000,85974.66000000,86234.16000000,931.60740000
2025-12-01 07:00:00,86234.17000000,86578.06000000,86049.90000000,86550.30000000,1393.18357000
2025-12-01 08:00:00,86550.30000000,86890.77000000,86390.25000000,86869.51000000,948.06769000
2025-12-01 09:00:00,86869.50000000,86938.01000000,86518.18000000,86704.86000000,866.92667000
2025-12-01 10:00:00,86704.85000000,86814.00000000,86552.00000000,86647.73000000,366.02338000
2025-12-01 11:00:00,86647.73000000,86699.99000000,86131.01000000,86149.15000000,824.75013000
2025-12-01 12:00:00,86146.59000000,86231.52000000,84756.00000000,85430.64000000,2098.18769000
2025-12-01 13:00:00,85430.64000000,86166.43000000,85350.00000000,85986.85000000,1097.45554000
2025-12-01 14:00:00,85986.85000000,86674.00000000,85868.00000000,86067.90000000,1654.56841000
2025-12-01 15:00:00,86067.90000000,86137.17000000,83822.76000000,84677.87000000,3274.16077000
2025-12-01 16:00:00,84677.87000000,85463.12000000,84030.95000000,84571.80000000,2152.34019000
2025-12-01 17:00:00,84571.80000000,85265.66000000,84442.75000000,84920.30000000,917.46569000
2025-12-01 18:00:00,84925.01000000,85555.00000000,84723.83000000,85199.48000000,911.27586000
2025-12-01 19:00:00,85199.48000000,85299.14000000,84603.97000000,85024.50000000,617.02121000
2025-12-01 20:00:00,85024.50000000,85833.01000000,85007.69000000,85518.00000000,1007.05350000
2025-12-01 21:00:00,85518.01000000,86507.30000000,85499.99000000,86436.65000000,1202.40704000
2025-12-01 22:00:00,86436.64000000,86860.00000000,86300.00000000,86572.65000000,780.37442000
2025-12-01 23:00:00,86572.65000000,86833.55000000,86249.80000000,86286.01000000,604.10735000
2025-12-02 00:00:00,86286.01000000,86674.53000000,86184.39000000,86513.33000000,887.97566000
2025-12-02 01:00:00,86513.33000000,87350.00000000,86394.00000000,86454.93000000,1192.01967000
2025-12-02 02:00:00,86454.93000000,86857.79000000,86272.55000000,86554.47000000,522.02975000
2025-12-02 03:00:00,86554.46000000,87106.62000000,86214.99000000,86976.99000000,643.79096000
2025-12-02 04:00:00,86977.00000000,87288.48000000,86900.79000000,86970.28000000,689.46639000
2025-12-02 05:00:00,86970.28000000,87125.36000000,86818.14000000,87008.20000000,320.12167000
2025-12-02 06:00:00,87008.20000000,87179.22000000,86870.00000000,87090.46000000,385.60175000
2025-12-02 07:00:00,87090.46000000,87117.18000000,86882.23000000,87012.65000000,338.04553000
2025-12-02 08:00:00,87012.64000000,87058.41000000,86296.21000000,86471.89000000,1046.58604000
2025-12-02 09:00:00,86471.88000000,86999.00000000,86450.60000000,86769.87000000,806.33465000
2025-12-02 10:00:00,86769.88000000,87628.78000000,86760.01000000,87272.44000000,661.40198000
2025-12-02 11:00:00,87272.44000000,87602.47000000,86985.51000000,87368.92000000,846.71300000
2025-12-02 12:00:00,87368.92000000,87560.77000000,87208.68000000,87264.20000000,839.51657000
2025-12-02 13:00:00,87264.20000000,87883.43000000,87032.75000000,87731.41000000,1559.34030000
2025-12-02 14:00:00,87731.41000000,89275.54000000,87600.00000000,89271.99000000,2529.97385000
2025-12-02 15:00:00,89271.99000000,91200.00000000,89263.06000000,90850.01000000,4371.66947000
2025-12-02 16:00:00,90850.01000000,91296.72000000,90201.00000000,90759.15000000,2014.14601000
2025-12-02 17:00:00,90759.15000000,91990.00000000,90736.05000000,91458.40000000,1594.71699000
2025-12-02 18:00:00,91458.40000000,92237.15000000,91326.22000000,91954.49000000,1650.85803000
2025-12-02 19:00:00,91954.49000000,92307.65000000,91850.00000000,91903.39000000,892.95903000
2025-12-02 20:00:00,91903.38000000,91930.09000000,90720.87000000,91026.67000000,1812.81861000
2025-12-02 21:00:00,91026.66000000,91631.49000000,90965.02000000,91562.43000000,750.79479000
2025-12-02 22:00:00,91562.42000000,92000.00000000,91510.60000000,91981.91000000,1005.03850000
2025-12-02 23:00:00,91981.91000000,91981.91000000,91269.38000000,91277.88000000,848.30812000
2025-12-03 00:00:00,91277.88000000,91747.99000000,90990.23000000,91660.12000000,1282.57519000
2025-12-03 01:00:00,91660.13000000,92482.02000000,91468.21000000,92251.63000000,1105.16296000
2025-12-03 02:00:00,92251.64000000,93051.64000000,92158.00000000,92817.92000000,1322.86837000
2025-12-03 03:00:00,92817.93000000,93087.09000000,92597.26000000,92628.91000000,714.46982000
2025-12-03 04:00:00,92628.91000000,93482.87000000,92625.00000000,93362.21000000,1228.95814000
2025-12-03 05:00:00,93362.21000000,93660.00000000,93116.02000000,93642.92000000,1042.55272000
2025-12-03 06:00:00,93642.92000000,93958.58000000,93146.26000000,93431.80000000,1068.27612000
2025-12-03 07:00:00,93431.81000000,93468.43000000,92871.03000000,92999.99000000,1206.67241000
2025-12-03 08:00:00,93000.00000000,93173.93000000,92682.10000000,92765.65000000,908.28425000
2025-12-03 09:00:00,92765.64000000,93217.52000000,92709.41000000,93178.46000000,651.04477000
2025-12-03 10:00:00,93178.45000000,93389.62000000,92861.88000000,92939.40000000,644.12113000
2025-12-03 11:00:00,92939.40000000,93054.93000000,92666.00000000,93005.68000000,566.65244000
2025-12-03 12:00:00,93005.68000000,93112.10000000,92672.55000000,92937.39000000,609.37614000
2025-12-03 13:00:00,92937.39000000,93258.53000000,92886.59000000,93130.88000000,653.22336000
2025-12-03 14:00:00,93130.89000000,93700.00000000,91697.00000000,92357.54000000,3444.53920000
2025-12-03 15:00:00,92357.54000000,92993.98000000,91922.21000000,92373.30000000,1816.10102000
2025-12-03 16:00:00,92373.30000000,92739.09000000,91786.99000000,92242.24000000,1045.70106000
2025-12-03 17:00:00,92242.24000000,93040.00000000,92199.72000000,92956.22000000,952.33734000
2025-12-03 18:00:00,92956.22000000,93500.00000000,92383.05000000,92623.86000000,1065.25501000
2025-12-03 19:00:00,92623.85000000,93099.47000000,92528.75000000,93024.99000000,561.39144000
2025-12-03 20:00:00,93025.00000000,93400.00000000,92825.56000000,92980.43000000,993.99987000
2025-12-03 21:00:00,92981.45000000,93769.23000000,92860.00000000,93700.00000000,961.39093000
2025-12-03 22:00:00,93700.01000000,94150.00000000,93301.87000000,93781.01000000,1201.71927000
2025-12-03 23:00:00,93781.01000000,94091.71000000,93377.58000000,93429.95000000,665.85289000
2025-12-04 00:00:00,93429.95000000,93480.00000000,92669.82000000,93054.86000000,1095.83853000
2025-12-04 01:00:00,93054.87000000,93750.73000000,92981.35000000,93195.07000000,1304.15700000
2025-12-04 02:00:00,93195.07000000,94070.70000000,93117.80000000,93943.24000000,944.67997000
2025-12-04 03:00:00,93943.24000000,94080.00000000,93402.38000000,93543.04000000,500.02470000
2025-12-04 04:00:00,93543.03000000,93588.48000000,93231.56000000,93360.58000000,388.95379000
2025-12-04 05:00:00,93360.58000000,93380.39000000,92775.00000000,92979.25000000,931.22487000
2025-12-04 06:00:00,92979.25000000,93371.12000000,92824.32000000,93140.74000000,1076.30029000
2025-12-04 07:00:00,93140.75000000,93413.39000000,92888.00000000,93397.67000000,674.02891000
2025-12-04 08:00:00,93397.67000000,93600.00000000,93044.41000000,93260.63000000,411.88207000
2025-12-04 09:00:00,93260.64000000,93621.31000000,93235.50000000,93454.70000000,402.88554000
2025-12-04 10:00:00,93454.71000000,93553.69000000,93156.42000000,93260.00000000,373.45816000
2025-12-04 11:00:00,93260.00000000,93318.17000000,92736.90000000,92948.31000000,728.79798000
2025-12-04 12:00:00,92948.32000000,93200.00000000,92782.48000000,92990.18000000,474.71729000
2025-12-04 13:00:00,92990.18000000,93060.63000000,92424.00000000,92516.38000000,997.53962000
2025-12-04 14:00:00,92516.38000000,92821.26000000,91801.00000000,91894.01000000,1176.07323000
2025-12-04 15:00:00,91894.00000000,93257.00000000,91886.55000000,92971.49000000,1647.82775000
2025-12-04 16:00:00,92971.49000000,93174.55000000,92268.76000000,92431.72000000,1073.45255000
2025-12-04 17:00:00,92431.71000000,92536.00000000,91756.57000000,92426.76000000,1204.88261000
2025-12-04 18:00:00,92426.77000000,92550.86000000,91890.32000000,92127.52000000,605.69240000
2025-12-04 19:00:00,92127.53000000,92174.91000000,90889.00000000,91975.44000000,1976.68364000
2025-12-04 20:00:00,91975.43000000,92532.42000000,91688.92000000,92476.25000000,812.83088000
2025-12-04 21:00:00,92476.25000000,92718.53000000,92086.00000000,92158.23000000,581.65983000
2025-12-04 22:00:00,92158.24000000,92497.25000000,92151.79000000,92348.78000000,231.66801000
2025-12-04 23:00:00,92348.78000000,92461.03000000,92076.66000000,92078.06000000,188.68097000
2025-12-05 00:00:00,92078.06000000,92474.00000000,92058.82000000,92299.08000000,300.89002000
2025-12-05 01:00:00,92299.09000000,92600.00000000,92227.44000000,92358.03000000,512.17408000
2025-12-05 02:00:00,92358.03000000,92692.36000000,92252.66000000,92518.40000000,403.18655000
2025-12-05 03:00:00,92518.40000000,92665.56000000,91959.92000000,92142.75000000,535.04122000
2025-12-05 04:00:00,92142.75000000,92386.31000000,91813.37000000,92028.14000000,507.97714000
2025-12-05 05:00:00,92028.15000000,92204.69000000,91880.13000000,91932.85000000,239.31127000
2025-12-05 06:00:00,91932.85000000,92286.77000000,91905.83000000,92275.26000000,277.29503000
2025-12-05 07:00:00,92275.27000000,92497.51000000,92203.34000000,92258.65000000,362.60812000
2025-12-05 08:00:00,92258.64000000,92258.65000000,91892.86000000,92112.04000000,447.11606000
2025-12-05 09:00:00,92112.04000000,92112.04000000,90956.25000000,91128.56000000,1077.36085000
2025-12-05 10:00:00,91128.55000000,91488.00000000,91083.87000000,91272.85000000,493.57021000
2025-12-05 11:00:00,91272.85000000,91563.70000000,91128.40000000,91351.43000000,413.65104000
2025-12-05 12:00:00,91351.44000000,91432.69000000,91081.57000000,91242.40000000,357.37789000
2025-12-05 13:00:00,91242.40000000,91352.56000000,90215.51000000,90465.14000000,1524.52886000
2025-12-05 14:00:00,90465.14000000,90744.24000000,89874.70000000,90287.67000000,1551.13670000
2025-12-05 15:00:00,90287.67000000,91478.67000000,90258.24000000,90459.35000000,1911.11908000
2025-12-05 16:00:00,90459.34000000,90498.59000000,88056.00000000,88810.89000000,3451.73023000
2025-12-05 17:00:00,88810.88000000,89540.71000000,88607.25000000,89336.13000000,1157.12551000
2025-12-05 18:00:00,89335.53000000,89795.59000000,88908.53000000,88936.04000000,857.04766000
2025-12-05 19:00:00,88936.04000000,89800.00000000,88814.88000000,89629.26000000,1041.63454000
2025-12-05 20:00:00,89629.27000000,89745.37000000,89181.91000000,89301.75000000,1024.68482000
2025-12-05 21:00:00,89301.75000000,89484.00000000,89075.91000000,89177.68000000,695.18131000
2025-12-05 22:00:00,89177.68000000,89376.03000000,88901.60000000,89232.47000000,401.94285000
2025-12-05 23:00:00,89232.48000000,89383.46000000,88940.20000000,89330.04000000,249.28114000
2025-12-06 00:00:00,89330.04000000,89466.34000000,89030.67000000,89422.25000000,286.14614000
2025-12-06 01:00:00,89422.25000000,89500.00000000,89205.03000000,89333.83000000,226.80640000
2025-12-06 02:00:00,89333.84000000,89404.00000000,89175.00000000,89390.90000000,233.24940000
2025-12-06 03:00:00,89390.90000000,89806.43000000,89390.90000000,89688.35000000,784.83107000
2025-12-06 04:00:00,89688.35000000,89721.76000000,89521.12000000,89659.01000000,185.11807000
2025-12-06 05:00:00,89659.00000000,89740.00000000,89524.03000000,89604.98000000,147.31042000
2025-12-06 06:00:00,89604.97000000,89764.19000000,89527.26000000,89688.65000000,140.21424000
2025-12-06 07:00:00,89688.65000000,89720.00000000,89459.19000000,89597.13000000,296.88077000
2025-12-06 08:00:00,89597.14000000,89647.12000000,89217.59000000,89277.14000000,423.86292000
2025-12-06 09:00:00,89277.14000000,89669.13000000,89264.74000000,89574.12000000,336.18462000
2025-12-06 10:00:00,89574.12000000,89687.86000000,89462.00000000,89506.00000000,175.95561000
2025-12-06 11:00:00,89506.01000000,89750.01000000,89500.00000000,89631.28000000,568.70187000
2025-12-06 12:00:00,89631.29000000,89648.96000000,89566.00000000,89581.19000000,256.02717000
2025-12-06 13:00:00,89581.19000000,89788.56000000,89581.19000000,89673.73000000,252.86068000
2025-12-06 14:00:00,89673.73000000,90289.97000000,89659.00000000,90004.76000000,1068.00125000
2025-12-06 15:00:00,90004.76000000,90042.54000000,89490.98000000,89758.77000000,475.19156000
2025-12-06 16:00:00,89758.77000000,89981.20000000,89680.34000000,89707.80000000,304.47551000
2025-12-06 17:00:00,89707.80000000,89846.98000000,89615.38000000,89712.85000000,310.78613000
2025-12-06 18:00:00,89712.85000000,89787.99000000,89529.90000000,89646.71000000,180.17034000
2025-12-06 19:00:00,89646.70000000,89744.62000000,89077.60000000,89405.64000000,688.16416000
2025-12-06 20:00:00,89405.65000000,89553.82000000,89311.99000000,89548.88000000,135.59159000
2025-12-06 21:00:00,89548.88000000,89615.34000000,89390.01000000,89420.28000000,217.83026000
2025-12-06 22:00:00,89420.29000000,89523.37000000,89257.48000000,89285.94000000,165.36534000
2025-12-06 23:00:00,89285.93000000,89329.38000000,88908.01000000,89236.79000000,549.77464000
2025-12-07 00:00:00,89236.80000000,89553.82000000,89176.52000000,89392.39000000,248.83948000
2025-12-07 01:00:00,89392.39000000,89588.23000000,89300.00000000,89300.00000000,132.20570000
2025-12-07 02:00:00,89300.00000000,89695.65000000,89300.00000000,89621.96000000,175.80697000
2025-12-07 03:00:00,89621.95000000,89749.59000000,89553.81000000,89722.37000000,155.63502000
2025-12-07 04:00:00,89722.37000000,89799.96000000,89487.41000000,89535.95000000,280.51949000
2025-12-07 05:00:00,89535.94000000,89564.55000000,89427.00000000,89515.01000000,130.12741000
2025-12-07 06:00:00,89515.01000000,89710.00000000,89488.28000000,89709.99000000,107.62861000
2025-12-07 07:00:00,89710.00000000,89733.33000000,89200.00000000,89379.72000000,220.78651000
2025-12-07 08:00:00,89379.73000000,89538.70000000,89190.97000000,89316.61000000,173.05781000
2025-12-07 09:00:00,89316.61000000,89395.65000000,89050.01000000,89104.23000000,229.27162000
2025-12-07 10:00:00,89104.23000000,89388.00000000,89103.97000000,89240.18000000,200.63018000
2025-12-07 11:00:00,89240.18000000,89277.59000000,89141.87000000,89149.18000000,183.64055000
2025-12-07 12:00:00,89149.18000000,89585.12000000,89111.40000000,89475.90000000,246.12366000
2025-12-07 13:00:00,89475.90000000,89519.10000000,88652.00000000,89053.74000000,519.89031000
2025-12-07 14:00:00,89053.74000000,89106.00000000,87719.28000000,88220.53000000,1908.61044000
2025-12-07 15:00:00,88220.53000000,89707.54000000,88169.08000000,89554.52000000,1242.29675000
2025-12-07 16:00:00,89554.52000000,89908.17000000,89115.85000000,89893.38000000,675.40594000
2025-12-07 17:00:00,89893.39000000,91271.77000000,89624.00000000,90945.17000000,1918.39408000
2025-12-07 18:00:00,90945.18000000,91760.00000000,90945.17000000,91363.78000000,996.37071000
2025-12-07 19:00:00,91363.79000000,91545.95000000,91213.37000000,91425.52000000,248.14000000
2025-12-07 20:00:00,91425.51000000,91510.40000000,91308.82000000,91439.04000000,186.94503000
2025-12-07 21:00:00,91439.05000000,91439.05000000,89871.00000000,90231.32000000,807.41124000
2025-12-07 22:00:00,90231.31000000,90241.80000000,88995.33000000,89597.03000000,1508.70162000
2025-12-07 23:00:00,89597.03000000,90471.66000000,89522.08000000,90395.31000000,524.67272000
2025-12-08 00:00:00,90395.32000000,90627.11000000,89860.00000000,90346.70000000,491.62319000
2025-12-08 01:00:00,90346.70000000,91700.00000000,90301.86000000,90910.70000000,968.78312000
2025-12-08 02:00:00,90910.70000000,91436.94000000,90811.25000000,91364.18000000,597.40749000
2025-12-08 03:00:00,91364.18000000,91420.00000000,90988.91000000,91068.29000000,395.79035000
2025-12-08 04:00:00,91068.30000000,91470.58000000,91023.06000000,91291.33000000,255.62144000
2025-12-08 05:00:00,91291.33000000,91444.00000000,91037.43000000,91334.03000000,299.94508000
2025-12-08 06:00:00,91334.04000000,91649.87000000,91241.27000000,91464.54000000,485.82587000
2025-12-08 07:00:00,91464.54000000,91868.76000000,91360.00000000,91565.46000000,551.09583000
2025-12-08 08:00:00,91565.46000000,91938.67000000,91486.46000000,91833.90000000,393.73282000
2025-12-08 09:00:00,91833.89000000,92287.15000000,91792.38000000,91912.02000000,790.37467000
2025-12-08 10:00:00,91912.02000000,92222.00000000,91808.09000000,92133.40000000,425.18961000
2025-12-08 11:00:00,92133.39000000,92188.31000000,91851.08000000,91968.29000000,343.75755000
2025-12-08 12:00:00,91968.29000000,91992.30000000,91653.94000000,91768.96000000,573.34646000
2025-12-08 13:00:00,91768.97000000,92122.08000000,91301.45000000,91467.82000000,804.38449000
2025-12-08 14:00:00,91467.83000000,91777.00000000,90790.00000000,90852.56000000,1807.88526000
2025-12-08 15:00:00,90852.57000000,90998.95000000,89612.00000000,89961.37000000,2037.53824000
2025-12-08 16:00:00,89961.36000000,90499.99000000,89679.79000000,89978.48000000,1042.18438000
2025-12-08 17:00:00,89978.47000000,90339.36000000,89694.24000000,90257.98000000,645.64705000
2025-12-08 18:00:00,90257.98000000,90527.30000000,89724.72000000,89921.68000000,559.47994000
2025-12-08 19:00:00,89921.68000000,90366.39000000,89860.07000000,90124.48000000,342.53116000
2025-12-08 20:00:00,90124.49000000,90917.23000000,90124.49000000,90799.92000000,565.06678000
2025-12-08 21:00:00,90799.92000000,91374.00000000,90675.00000000,91316.01000000,579.83297000
2025-12-08 22:00:00,91316.00000000,91373.69000000,90726.40000000,90833.86000000,391.90576000
2025-12-08 23:00:00,90833.85000000,91026.52000000,90490.76000000,90634.34000000,444.68936000
2025-12-09 00:00:00,90634.35000000,90846.26000000,90355.00000000,90396.73000000,288.37623000
2025-12-09 01:00:00,90396.72000000,90569.98000000,89966.00000000,90055.80000000,537.66391000
2025-12-09 02:00:00,90055.80000000,90368.00000000,89979.21000000,90068.20000000,312.17000000
2025-12-09 03:00:00,90068.21000000,90442.77000000,89795.84000000,90405.01000000,1217.20174000
2025-12-09 04:00:00,90405.02000000,90500.00000000,89737.47000000,89917.53000000,488.51951000
2025-12-09 05:00:00,89917.52000000,90209.96000000,89500.00000000,89899.35000000,650.65388000
2025-12-09 06:00:00,89899.35000000,90232.76000000,89775.67000000,90166.84000000,321.30432000
2025-12-09 07:00:00,90166.85000000,90528.67000000,90091.56000000,90496.80000000,407.14103000
2025-12-09 08:00:00,90496.80000000,90600.00000000,90366.35000000,90498.72000000,400.27808000
2025-12-09 09:00:00,90498.72000000,90498.72000000,90129.21000000,90131.59000000,285.35023000
2025-12-09 10:00:00,90131.60000000,90345.39000000,89912.48000000,90298.45000000,489.74956000
2025-12-09 11:00:00,90298.44000000,90396.01000000,90140.02000000,90384.55000000,387.10655000
2025-12-09 12:00:00,90384.54000000,90690.35000000,90331.00000000,90580.00000000,401.62507000
2025-12-09 13:00:00,90580.01000000,90850.00000000,90174.66000000,90431.03000000,643.67225000
2025-12-09 14:00:00,90431.02000000,90644.02000000,90004.73000000,90357.59000000,710.07225000
2025-12-09 15:00:00,90357.60000000,92876.92000000,90288.10000000,92707.51000000,3162.30439000
2025-12-09 16:00:00,92707.50000000,94488.64000000,92693.50000000,94187.81000000,4040.15610000
2025-12-09 17:00:00,94187.81000000,94588.99000000,93538.93000000,93917.99000000,1823.80002000
2025-12-09 18:00:00,93918.00000000,94178.31000000,93661.45000000,93920.48000000,704.49653000
2025-12-09 19:00:00,93920.48000000,94225.00000000,93651.68000000,93800.83000000,735.99959000
2025-12-09 20:00:00,93800.83000000,93857.47000000,92767.71000000,93116.76000000,1097.12749000
2025-12-09 21:00:00,93116.76000000,93243.12000000,92254.92000000,92640.00000000,879.12299000
2025-12-09 22:00:00,92640.01000000,93045.89000000,92506.67000000,92884.00000000,731.02631000
2025-12-09 23:00:00,92884.00000000,92977.98000000,92550.00000000,92678.80000000,525.51211000
2025-12-10 00:00:00,92678.81000000,92786.35000000,92061.00000000,92130.81000000,598.49502000
2025-12-10 01:00:00,92130.82000000,92400.00000000,91976.00000000,92316.36000000,529.89686000
2025-12-10 02:00:00,92316.35000000,92570.54000000,92027.89000000,92495.68000000,611.21334000
2025-12-10 03:00:00,92495.89000000,92553.23000000,92348.66000000,92410.62000000,257.39408000
2025-12-10 04:00:00,92410.62000000,92659.99000000,92386.83000000,92552.62000000,310.96334000
2025-12-10 05:00:00,92552.63000000,92725.00000000,92517.53000000,92556.28000000,373.62942000
2025-12-10 06:00:00,92556.28000000,92757.58000000,92396.24000000,92700.00000000,314.97149000
2025-12-10 07:00:00,92700.01000000,92782.92000000,92500.00000000,92782.91000000,364.28563000
2025-12-10 08:00:00,92782.91000000,92790.00000000,92549.81000000,92605.00000000,321.85602000
2025-12-10 09:00:00,92604.99000000,92972.07000000,92439.40000000,92920.01000000,472.03746000
2025-12-10 10:00:00,92920.00000000,93291.50000000,92135.09000000,92272.66000000,859.47741000
2025-12-10 11:00:00,92272.66000000,92438.98000000,91763.69000000,92120.45000000,969.68906000
2025-12-10 12:00:00,92120.45000000,92216.55000000,91815.35000000,91987.22000000,467.90168000
2025-12-10 13:00:00,91987.22000000,92226.00000000,91939.42000000,92093.66000000,432.08812000
2025-12-10 14:00:00,92093.65000000,92112.57000000,91600.81000000,91831.24000000,883.60779000
2025-12-10 15:00:00,91831.24000000,92149.06000000,91563.15000000,92063.69000000,739.55204000
2025-12-10 16:00:00,92063.69000000,92595.11000000,91899.10000000,92174.11000000,785.95701000
2025-12-10 17:00:00,92174.11000000,92515.82000000,92102.44000000,92396.23000000,598.06235000
2025-12-10 18:00:00,92396.23000000,93056.00000000,92000.00000000,92503.48000000,870.70118000
2025-12-10 19:00:00,92503.49000000,93243.59000000,91684.39000000,92957.67000000,3165.76426000
2025-12-10 20:00:00,92957.67000000,94476.00000000,92259.25000000,92453.89000000,3153.97141000
2025-12-10 21:00:00,92453.89000000,92777.34000000,91878.00000000,92356.38000000,1001.00392000
2025-12-10 22:00:00,92356.39000000,92695.31000000,91954.54000000,92509.94000000,585.06287000
2025-12-10 23:00:00,92509.94000000,92593.96000000,91942.56000000,92015.37000000,331.09907000
2025-12-11 00:00:00,92015.38000000,92080.32000000,91051.00000000,91386.17000000,916.87916000
2025-12-11 01:00:00,91386.17000000,91407.04000000,90658.24000000,90674.74000000,818.48242000
2025-12-11 02:00:00,90674.75000000,90674.75000000,89876.81000000,90074.00000000,1250.21688000
2025-12-11 03:00:00,90073.99000000,90074.01000000,89389.63000000,89880.01000000,1095.56844000
2025-12-11 04:00:00,89880.00000000,90480.14000000,89694.81000000,90436.55000000,943.40562000
2025-12-11 05:00:00,90436.55000000,90436.56000000,90048.20000000,90316.72000000,404.63689000
2025-12-11 06:00:00,90316.72000000,90450.97000000,89975.89000000,90301.35000000,525.01502000
2025-12-11 07:00:00,90301.35000000,90333.49000000,90088.00000000,90272.75000000,372.27346000
2025-12-11 08:00:00,90272.76000000,90272.76000000,89971.11000000,90183.71000000,511.95493000
2025-12-11 09:00:00,90183.71000000,90504.19000000,90123.01000000,90234.19000000,439.70575000
2025-12-11 10:00:00,90234.19000000,90352.59000000,90172.61000000,90320.15000000,273.39760000
2025-12-11 11:00:00,90320.15000000,90417.30000000,90210.44000000,90242.35000000,278.90060000
2025-12-11 12:00:00,90242.36000000,90377.63000000,90006.01000000,90032.31000000,428.00948000
2025-12-11 13:00:00,90032.31000000,90169.26000000,89870.00000000,90103.53000000,567.79082000
2025-12-11 14:00:00,90103.53000000,90482.01000000,89260.63000000,89545.24000000,1363.14038000
2025-12-11 15:00:00,89545.23000000,90653.33000000,89406.79000000,89872.51000000,1182.11834000
2025-12-11 16:00:00,89872.51000000,90178.04000000,89333.00000000,89737.11000000,842.22519000
2025-12-11 17:00:00,89737.11000000,90260.00000000,89627.74000000,89983.23000000,670.94481000
2025-12-11 18:00:00,89983.23000000,91197.70000000,89891.87000000,90710.50000000,1286.99073000
2025-12-11 19:00:00,90710.50000000,91538.26000000,90592.14000000,90839.81000000,843.83016000
2025-12-11 20:00:00,90839.81000000,91831.20000000,90797.76000000,91792.99000000,787.89331000
2025-12-11 21:00:00,91792.98000000,93555.00000000,91706.06000000,92858.39000000,2439.34782000
2025-12-11 22:00:00,92858.40000000,93195.84000000,92068.90000000,92352.00000000,976.14915000
2025-12-11 23:00:00,92352.00000000,92800.00000000,92337.91000000,92513.38000000,753.71062000
2025-12-12 00:00:00,92513.38000000,92651.93000000,91448.31000000,91573.88000000,787.76417000
2025-12-12 01:00:00,91573.88000000,92314.69000000,91532.16000000,92170.00000000,490.58557000
2025-12-12 02:00:00,92170.00000000,92748.98000000,91927.27000000,92588.79000000,586.94037000
2025-12-12 03:00:00,92588.79000000,92754.00000000,92178.37000000,92283.40000000,299.42318000
2025-12-12 04:00:00,92283.40000000,92462.02000000,92114.99000000,92396.69000000,511.34339000
2025-12-12 05:00:00,92396.69000000,92500.00000000,92078.91000000,92444.42000000,312.09266000
2025-12-12 06:00:00,92444.41000000,92720.00000000,92400.00000000,92513.34000000,346.60354000
2025-12-12 07:00:00,92513.34000000,92565.83000000,92257.80000000,92425.34000000,324.16244000
2025-12-12 08:00:00,92425.33000000,92487.25000000,92044.80000000,92342.39000000,626.20872000
2025-12-12 09:00:00,92342.38000000,92553.33000000,92094.00000000,92520.56000000,361.00119000
2025-12-12 10:00:00,92520.56000000,92650.01000000,92408.33000000,92492.32000000,429.06609000
2025-12-12 11:00:00,92492.32000000,92492.33000000,92275.86000000,92418.19000000,207.72939000
2025-12-12 12:00:00,92418.19000000,92420.00000000,92070.55000000,92419.99000000,537.64944000
2025-12-12 13:00:00,92420.00000000,92531.38000000,92240.14000000,92302.79000000,478.10614000
2025-12-12 14:00:00,92302.79000000,92660.74000000,91903.34000000,92444.00000000,1038.44620000
2025-12-12 15:00:00,92444.00000000,92445.94000000,89780.00000000,89935.14000000,3505.93103000
2025-12-12 16:00:00,89935.13000000,90441.17000000,89480.00000000,90046.54000000,2093.36319000
2025-12-12 17:00:00,90046.53000000,90623.72000000,89826.75000000,90083.09000000,1168.98586000
2025-12-12 18:00:00,90083.09000000,90666.00000000,90044.93000000,90372.00000000,894.36594000
2025-12-12 19:00:00,90372.00000000,90399.99000000,90017.05000000,90198.22000000,502.61326000
2025-12-12 20:00:00,90198.23000000,90334.77000000,89898.61000000,90214.08000000,503.97114000
2025-12-12 21:00:00,90214.08000000,90345.94000000,90100.00000000,90193.94000000,320.83820000
2025-12-12 22:00:00,90193.94000000,90395.53000000,90184.92000000,90335.92000000,184.26184000
2025-12-12 23:00:00,90335.93000000,90404.13000000,90233.16000000,90268.42000000,167.73874000
2025-12-13 00:00:00,90268.43000000,90444.28000000,90207.20000000,90323.01000000,184.81820000
2025-12-13 01:00:00,90323.01000000,90359.32000000,90120.00000000,90229.91000000,171.54055000
2025-12-13 02:00:00,90229.92000000,90318.00000000,90221.98000000,90232.77000000,158.12998000
2025-12-13 03:00:00,90232.77000000,90469.71000000,90205.52000000,90345.54000000,134.27456000
2025-12-13 04:00:00,90345.55000000,90410.50000000,90268.91000000,90371.81000000,120.09938000
2025-12-13 05:00:00,90371.81000000,90387.51000000,90269.00000000,90342.91000000,103.66062000
2025-12-13 06:00:00,90342.92000000,90380.00000000,90270.65000000,90351.45000000,106.97274000
2025-12-13 07:00:00,90351.45000000,90400.00000000,90318.56000000,90329.97000000,120.80251000
2025-12-13 08:00:00,90329.98000000,90575.28000000,90318.67000000,90458.19000000,326.23501000
2025-12-13 09:00:00,90458.20000000,90513.53000000,90387.99000000,90422.57000000,164.09529000
2025-12-13 10:00:00,90422.57000000,90634.55000000,90418.49000000,90595.13000000,395.80418000
2025-12-13 11:00:00,90595.14000000,90612.32000000,90290.00000000,90330.36000000,639.73871000
2025-12-13 12:00:00,90330.36000000,90470.30000000,90276.13000000,90341.05000000,491.58704000
2025-12-13 13:00:00,90341.05000000,90450.00000000,90194.34000000,90245.87000000,344.68696000
2025-12-13 14:00:00,90245.88000000,90331.74000000,89932.99000000,90079.70000000,600.45706000
2025-12-13 15:00:00,90079.71000000,90289.60000000,90031.38000000,90092.16000000,470.25787000
2025-12-13 16:00:00,90092.17000000,90268.13000000,90025.65000000,90087.28000000,226.25798000
2025-12-13 17:00:00,90087.28000000,90102.08000000,89981.00000000,90052.61000000,193.07435000
2025-12-13 18:00:00,90052.61000000,90184.34000000,90047.40000000,90119.89000000,145.63725000
2025-12-13 19:00:00,90119.90000000,90224.80000000,90109.62000000,90178.16000000,110.26780000
2025-12-13 20:00:00,90178.17000000,90209.56000000,90037.57000000,90088.31000000,107.22878000
2025-12-13 21:00:00,90088.31000000,90184.59000000,89766.39000000,90175.97000000,284.30101000
2025-12-13 22:00:00,90175.97000000,90250.00000000,89997.14000000,90140.10000000,154.46161000
2025-12-13 23:00:00,90140.10000000,90280.76000000,90051.02000000,90240.01000000,141.31844000
2025-12-14 00:00:00,90240.00000000,90472.40000000,90117.05000000,90340.00000000,291.19891000
2025-12-14 01:00:00,90340.00000000,90442.00000000,90208.00000000,90293.29000000,137.11035000
2025-12-14 02:00:00,90293.29000000,90384.00000000,90240.01000000,90290.17000000,156.14118000
2025-12-14 03:00:00,90290.18000000,90303.08000000,90245.60000000,90258.98000000,126.49087000
2025-12-14 04:00:00,90258.99000000,90329.24000000,90127.99000000,90201.50000000,114.76912000
2025-12-14 05:00:00,90201.50000000,90228.66000000,90050.74000000,90199.06000000,171.78190000
2025-12-14 06:00:00,90199.06000000,90245.34000000,90092.86000000,90145.26000000,269.90290000
2025-12-14 07:00:00,90145.27000000,90279.42000000,90072.97000000,90245.60000000,133.38192000
2025-12-14 08:00:00,90245.60000000,90280.01000000,90108.27000000,90108.28000000,116.07960000
2025-12-14 09:00:00,90108.28000000,90151.02000000,90001.10000000,90020.06000000,187.97686000
2025-12-14 10:00:00,90020.07000000,90136.22000000,89785.00000000,89853.69000000,322.19368000
2025-12-14 11:00:00,89853.69000000,89853.70000000,88687.27000000,89360.00000000,1409.87783000
2025-12-14 12:00:00,89360.01000000,89666.00000000,89101.00000000,89431.65000000,410.39848000
2025-12-14 13:00:00,89431.66000000,89500.00000000,89088.00000000,89489.50000000,410.01233000
2025-12-14 14:00:00,89489.51000000,89556.83000000,88884.26000000,89118.04000000,568.79065000
2025-12-14 15:00:00,89118.04000000,89176.69000000,88882.66000000,89022.91000000,340.50491000
2025-12-14 16:00:00,89022.92000000,89398.71000000,88531.34000000,88836.98000000,723.59164000
2025-12-14 17:00:00,88836.99000000,89032.39000000,88606.73000000,88810.67000000,407.92480000
2025-12-14 18:00:00,88810.67000000,89073.18000000,88722.19000000,88997.28000000,248.72689000
2025-12-14 19:00:00,88997.27000000,88997.28000000,88497.02000000,88644.88000000,304.96489000
2025-12-14 20:00:00,88644.88000000,88827.71000000,88356.90000000,88558.97000000,585.18797000
2025-12-14 21:00:00,88558.97000000,88714.66000000,88345.94000000,88443.85000000,309.77088000
2025-12-14 22:00:00,88443.85000000,88605.06000000,88017.00000000,88415.29000000,614.71972000
2025-12-14 23:00:00,88415.29000000,88609.22000000,87577.36000000,88172.17000000,1055.44176000
2025-12-15 00:00:00,88172.16000000,88692.30000000,88074.37000000,88465.90000000,626.14158000
2025-12-15 01:00:00,88465.90000000,89338.01000000,88428.07000000,89242.32000000,767.16149000
2025-12-15 02:00:00,89242.33000000,90052.64000000,89235.72000000,89321.85000000,985.65880000
2025-12-15 03:00:00,89321.85000000,89543.88000000,89225.91000000,89282.60000000,320.69878000
2025-12-15 04:00:00,89282.60000000,89786.89000000,89272.88000000,89667.64000000,408.51835000
2025-12-15 05:00:00,89667.64000000,89749.47000000,89492.00000000,89615.24000000,221.82498000
2025-12-15 06:00:00,89615.25000000,89918.48000000,89476.98000000,89735.88000000,262.41654000
2025-12-15 07:00:00,89735.89000000,89824.47000000,89516.00000000,89753.42000000,424.17802000
2025-12-15 08:00:00,89753.43000000,89900.00000000,89655.52000000,89770.01000000,250.02319000
2025-12-15 09:00:00,89770.00000000,89986.68000000,89770.00000000,89865.12000000,310.45690000
2025-12-15 10:00:00,89865.13000000,89981.64000000,89717.34000000,89858.95000000,470.70514000
2025-12-15 11:00:00,89858.96000000,89900.00000000,89572.05000000,89641.28000000,493.20463000
2025-12-15 12:00:00,89641.28000000,89762.56000000,89431.52000000,89695.75000000,392.24774000
2025-12-15 13:00:00,89695.76000000,89736.90000000,89274.44000000,89432.00000000,415.38225000
2025-12-15 14:00:00,89432.01000000,89876.42000000,87840.00000000,88050.01000000,1787.73645000
2025-12-15 15:00:00,88050.00000000,88184.28000000,86621.91000000,87033.22000000,3292.66278000
2025-12-15 16:00:00,87033.21000000,87220.00000000,86062.67000000,86400.01000000,1613.22350000
2025-12-15 17:00:00,86400.00000000,86496.89000000,85599.99000000,85762.87000000,1557.38170000
2025-12-15 18:00:00,85762.86000000,86272.23000000,85146.64000000,86185.39000000,1482.06005000
2025-12-15 19:00:00,86185.40000000,86560.40000000,85880.00000000,86149.96000000,1136.56389000
2025-12-15 20:00:00,86149.96000000,86199.63000000,85610.88000000,85787.04000000,692.94245000
2025-12-15 21:00:00,85787.04000000,86307.36000000,85530.01000000,86243.78000000,691.57648000
2025-12-15 22:00:00,86243.77000000,86259.32000000,85827.98000000,86259.31000000,440.84932000
2025-12-15 23:00:00,86259.32000000,86472.70000000,86103.67000000,86432.08000000,735.07689000
2025-12-16 00:00:00,86432.08000000,86535.22000000,85836.60000000,85865.48000000,556.05003000
2025-12-16 01:00:00,85865.49000000,86169.62000000,85651.92000000,85891.02000000,527.35929000
2025-12-16 02:00:00,85891.02000000,86227.99000000,85800.00000000,85944.01000000,492.40216000
2025-12-16 03:00:00,85944.01000000,86019.76000000,85386.00000000,85875.92000000,697.04602000
2025-12-16 04:00:00,85875.91000000,85925.77000000,85266.00000000,85838.51000000,611.35109000
2025-12-16 05:00:00,85838.50000000,86200.00000000,85812.61000000,86028.11000000,355.99172000
2025-12-16 06:00:00,86028.12000000,86611.69000000,86028.12000000,86508.00000000,522.68260000
2025-12-16 07:00:00,86508.01000000,86615.38000000,85850.00000000,86021.51000000,943.04227000
2025-12-16 08:00:00,86021.51000000,86380.00000000,85930.97000000,86281.18000000,426.54563000
2025-12-16 09:00:00,86281.17000000,86426.07000000,86201.10000000,86350.00000000,366.58293000
2025-12-16 10:00:00,86350.00000000,87327.70000000,86275.06000000,86980.01000000,956.84103000
2025-12-16 11:00:00,86980.01000000,87330.00000000,86820.00000000,87261.45000000,667.27630000
2025-12-16 12:00:00,87261.46000000,87480.00000000,87077.41000000,87212.98000000,861.57452000
2025-12-16 13:00:00,87212.98000000,87786.88000000,86410.01000000,86443.02000000,2144.73917000
2025-12-16 14:00:00,86443.02000000,87763.92000000,86107.43000000,87297.99000000,1799.42456000
2025-12-16 15:00:00,87298.00000000,88175.98000000,86839.35000000,87977.43000000,1924.39377000
2025-12-16 16:00:00,87977.44000000,88050.17000000,87333.08000000,87588.26000000,1300.81662000
2025-12-16 17:00:00,87588.26000000,87844.01000000,87093.79000000,87131.99000000,779.27901000
2025-12-16 18:00:00,87132.00000000,88019.88000000,87061.23000000,87781.35000000,863.99314000
2025-12-16 19:00:00,87781.35000000,87800.00000000,87294.11000000,87585.77000000,553.66943000
2025-12-16 20:00:00,87585.76000000,87836.47000000,87343.75000000,87573.23000000,378.71665000
2025-12-16 21:00:00,87573.22000000,87906.29000000,87496.05000000,87768.59000000,268.86536000
2025-12-16 22:00:00,87768.60000000,87931.48000000,87636.37000000,87783.34000000,255.64480000
2025-12-16 23:00:00,87783.35000000,87874.66000000,87602.34000000,87863.42000000,201.76207000
2025-12-17 00:00:00,87863.43000000,87863.43000000,87426.06000000,87537.21000000,344.84512000
2025-12-17 01:00:00,87537.22000000,87950.00000000,87489.12000000,87552.30000000,293.20917000
2025-12-17 02:00:00,87552.30000000,87587.14000000,87188.37000000,87483.04000000,275.84035000
2025-12-17 03:00:00,87483.04000000,87615.27000000,87150.01000000,87213.59000000,265.75670000
2025-12-17 04:00:00,87213.60000000,87398.54000000,86721.86000000,86752.26000000,378.79516000
2025-12-17 05:00:00,86752.27000000,86756.74000000,86209.11000000,86626.39000000,634.29318000
2025-12-17 06:00:00,86626.40000000,87005.27000000,86587.82000000,86777.98000000,454.66393000
2025-12-17 07:00:00,86777.98000000,87169.37000000,86593.55000000,87045.59000000,627.05868000
2025-12-17 08:00:00,87045.59000000,87045.59000000,86326.80000000,86395.66000000,456.87442000
2025-12-17 09:00:00,86395.67000000,86615.38000000,86262.85000000,86417.46000000,334.04163000
2025-12-17 10:00:00,86417.45000000,86837.63000000,86238.91000000,86624.49000000,386.26358000
2025-12-17 11:00:00,86624.50000000,87137.42000000,86565.23000000,86983.26000000,504.05307000
2025-12-17 12:00:00,86983.26000000,87215.97000000,86828.00000000,87029.55000000,620.91109000
2025-12-17 13:00:00,87029.56000000,87860.00000000,86817.27000000,87631.37000000,984.05009000
2025-12-17 14:00:00,87631.37000000,89685.17000000,87161.39000000,89675.85000000,2426.70710000
2025-12-17 15:00:00,89675.85000000,90365.85000000,87136.97000000,87233.44000000,4100.60903000
2025-12-17 16:00:00,87233.44000000,87769.23000000,86166.66000000,86986.51000000,2213.28706000
2025-12-17 17:00:00,86986.50000000,87103.44000000,86265.15000000,86427.12000000,812.72770000
2025-12-17 18:00:00,86427.12000000,86850.64000000,85662.46000000,85829.22000000,910.41728000
2025-12-17 19:00:00,85829.25000000,86195.38000000,85314.00000000,86018.53000000,1109.18442000
2025-12-17 20:00:00,86018.53000000,86252.16000000,85644.09000000,85891.18000000,709.05939000
2025-12-17 21:00:00,85890.36000000,86049.17000000,85700.00000000,85982.88000000,262.46393000
2025-12-17 22:00:00,85982.88000000,86431.14000000,85888.20000000,86339.09000000,477.50595000
2025-12-17 23:00:00,86339.10000000,86340.60000000,85950.00000000,86243.22000000,251.49926000
2025-12-18 00:00:00,86243.23000000,86313.71000000,86056.56000000,86230.74000000,267.87743000
2025-12-18 01:00:00,86230.74000000,86242.15000000,85863.93000000,86119.21000000,322.24363000
2025-12-18 02:00:00,86119.27000000,86863.75000000,86011.20000000,86699.64000000,501.47272000
2025-12-18 03:00:00,86699.64000000,86699.64000000,86270.59000000,86618.34000000,624.40718000
2025-12-18 04:00:00,86618.35000000,86901.40000000,86607.34000000,86765.43000000,404.83110000
2025-12-18 05:00:00,86765.44000000,86768.78000000,86384.61000000,86440.90000000,380.26204000
2025-12-18 06:00:00,86440.90000000,86660.61000000,86411.62000000,86645.93000000,241.79517000
2025-12-18 07:00:00,86645.93000000,86863.75000000,86593.07000000,86833.84000000,524.31368000
2025-12-18 08:00:00,86833.83000000,87126.22000000,86685.14000000,86978.98000000,699.07640000
2025-12-18 09:00:00,86978.98000000,87392.43000000,86803.06000000,87280.95000000,575.12681000
2025-12-18 10:00:00,87280.95000000,87453.63000000,87213.27000000,87341.95000000,387.02725000
2025-12-18 11:00:00,87342.00000000,87356.81000000,87067.26000000,87300.74000000,233.58665000
2025-12-18 12:00:00,87300.50000000,87428.00000000,87109.76000000,87259.99000000,364.92164000
2025-12-18 13:00:00,87259.99000000,89203.23000000,87259.99000000,88851.70000000,2595.36979000
2025-12-18 14:00:00,88851.70000000,89477.61000000,87727.25000000,88345.20000000,2494.91228000
2025-12-18 15:00:00,88345.19000000,89362.79000000,87966.24000000,88513.44000000,1859.88413000
2025-12-18 16:00:00,88513.43000000,88533.61000000,87852.00000000,88014.00000000,962.80719000
2025-12-18 17:00:00,88014.00000000,88022.63000000,85481.22000000,86483.56000000,2784.29449000
2025-12-18 18:00:00,86483.56000000,86889.04000000,85720.00000000,85970.00000000,1482.84371000
2025-12-18 19:00:00,85970.00000000,86010.00000000,84481.31000000,84483.79000000,4102.16356000
2025-12-18 20:00:00,84483.80000000,85268.41000000,84450.01000000,84582.65000000,1888.57496000
2025-12-18 21:00:00,84582.64000000,85835.90000000,84559.21000000,85630.95000000,999.89541000
2025-12-18 22:00:00,85630.96000000,85750.85000000,85288.01000000,85582.88000000,409.43501000
2025-12-18 23:00:00,85582.89000000,85619.99000000,85322.07000000,85516.41000000,298.29540000
2025-12-19 00:00:00,85516.41000000,85604.88000000,85295.20000000,85604.88000000,318.70597000
2025-12-19 01:00:00,85604.88000000,85604.88000000,85110.24000000,85320.43000000,357.58384000
2025-12-19 02:00:00,85320.42000000,85929.06000000,85135.39000000,85643.44000000,554.49887000
2025-12-19 03:00:00,85643.44000000,87568.99000000,85610.47000000,86891.39000000,2080.88033000
2025-12-19 04:00:00,86891.39000000,87380.00000000,86846.15000000,87103.34000000,691.06624000
2025-12-19 05:00:00,87103.34000000,87223.98000000,86647.51000000,87139.95000000,797.75888000
2025-12-19 06:00:00,87139.95000000,87484.00000000,86907.80000000,87483.41000000,424.48329000
2025-12-19 07:00:00,87483.41000000,88449.06000000,87473.53000000,87953.40000000,1800.28697000
2025-12-19 08:00:00,87953.39000000,88222.00000000,87742.60000000,88102.78000000,559.50769000
2025-12-19 09:00:00,88102.78000000,88165.27000000,87898.36000000,88105.03000000,362.43771000
2025-12-19 10:00:00,88105.03000000,88341.29000000,87921.41000000,88267.09000000,527.07869000
2025-12-19 11:00:00,88267.09000000,88385.06000000,88138.51000000,88198.70000000,348.79773000
2025-12-19 12:00:00,88198.70000000,88280.06000000,87846.03000000,87855.92000000,788.49881000
2025-12-19 13:00:00,87855.92000000,88220.41000000,87825.19000000,87997.14000000,815.39060000
2025-12-19 14:00:00,87997.13000000,88552.17000000,87514.59000000,88180.01000000,1848.73686000
2025-12-19 15:00:00,88180.00000000,89399.97000000,87692.77000000,87951.87000000,2536.09207000
2025-12-19 16:00:00,87951.86000000,88882.55000000,87872.91000000,87983.25000000,1009.42568000
2025-12-19 17:00:00,87983.24000000,88346.96000000,86873.14000000,86943.25000000,1787.60684000
2025-12-19 18:00:00,86943.26000000,87466.09000000,86846.16000000,87155.44000000,656.70102000
2025-12-19 19:00:00,87155.43000000,88125.67000000,87134.60000000,87845.92000000,1130.87692000
2025-12-19 20:00:00,87845.92000000,88416.00000000,87614.79000000,88099.60000000,970.95933000
2025-12-19 21:00:00,88099.59000000,88099.60000000,87800.00000000,87839.40000000,343.56863000
2025-12-19 22:00:00,87839.39000000,88426.85000000,87839.39000000,88344.78000000,328.59939000
2025-12-19 23:00:00,88344.77000000,88360.00000000,88133.85000000,88136.94000000,217.10768000
2025-12-20 00:00:00,88136.95000000,88188.00000000,87961.60000000,88005.63000000,238.63486000
2025-12-20 01:00:00,88005.63000000,88165.27000000,88005.62000000,88075.89000000,236.74301000
2025-12-20 02:00:00,88075.89000000,88311.87000000,87988.67000000,88204.04000000,365.01084000
2025-12-20 03:00:00,88204.03000000,88339.27000000,88176.45000000,88214.98000000,144.05844000
2025-12-20 04:00:00,88214.98000000,88338.31000000,88123.07000000,88295.37000000,198.26731000
2025-12-20 05:00:00,88295.38000000,88573.07000000,88275.19000000,88295.31000000,306.24924000
2025-12-20 06:00:00,88295.31000000,88444.54000000,88275.92000000,88305.81000000,99.47233000
2025-12-20 07:00:00,88305.81000000,88328.84000000,88189.67000000,88275.41000000,193.88304000
2025-12-20 08:00:00,88275.41000000,88428.00000000,88257.21000000,88257.21000000,190.13912000
2025-12-20 09:00:00,88257.21000000,88339.05000000,88220.61000000,88224.00000000,171.15417000
2025-12-20 10:00:00,88224.00000000,88288.21000000,88129.27000000,88163.99000000,255.88825000
2025-12-20 11:00:00,88163.99000000,88313.20000000,88107.35000000,88277.66000000,204.54149000
2025-12-20 12:00:00,88277.66000000,88335.00000000,88195.51000000,88256.08000000,140.78522000
2025-12-20 13:00:00,88256.07000000,88343.73000000,87795.76000000,88270.39000000,491.51954000
2025-12-20 14:00:00,88270.39000000,88287.84000000,88012.00000000,88260.88000000,329.36375000
2025-12-20 15:00:00,88260.89000000,88267.10000000,88025.96000000,88178.71000000,354.00686000
2025-12-20 16:00:00,88178.72000000,88242.55000000,88133.65000000,88149.72000000,141.45563000
2025-12-20 17:00:00,88149.72000000,88258.22000000,88103.54000000,88181.80000000,145.06220000
2025-12-20 18:00:00,88181.80000000,88418.73000000,88151.97000000,88313.21000000,203.88068000
2025-12-20 19:00:00,88313.22000000,88329.03000000,88201.14000000,88232.92000000,83.70640000
2025-12-20 20:00:00,88232.92000000,88312.72000000,88211.17000000,88271.60000000,128.50977000
2025-12-20 21:00:00,88271.60000000,88443.44000000,88184.96000000,88208.73000000,169.66114000
2025-12-20 22:00:00,88208.74000000,88339.99000000,88154.06000000,88279.35000000,182.03760000
2025-12-20 23:00:00,88279.34000000,88423.31000000,88252.78000000,88360.90000000,149.10105000
2025-12-21 00:00:00,88360.91000000,88433.64000000,88306.00000000,88387.92000000,134.46825000
2025-12-21 01:00:00,88387.93000000,88387.93000000,88011.83000000,88011.83000000,279.93502000
2025-12-21 02:00:00,88011.84000000,88149.99000000,87869.35000000,87943.76000000,392.18461000
2025-12-21 03:00:00,87943.76000000,88150.00000000,87934.48000000,88070.64000000,184.82899000
2025-12-21 04:00:00,88070.64000000,88149.13000000,88050.00000000,88065.83000000,180.33962000
2025-12-21 05:00:00,88065.83000000,88150.01000000,88054.05000000,88138.95000000,67.73322000
2025-12-21 06:00:00,88138.95000000,88201.59000000,88068.36000000,88090.72000000,107.24070000
2025-12-21 07:00:00,88090.73000000,88174.79000000,88054.61000000,88174.79000000,100.25965000
2025-12-21 08:00:00,88174.79000000,88767.20000000,88141.87000000,88537.87000000,426.66802000
2025-12-21 09:00:00,88537.88000000,89081.77000000,88500.30000000,88892.82000000,535.95501000
2025-12-21 10:00:00,88892.82000000,88979.94000000,88580.52000000,88669.78000000,321.68195000
2025-12-21 11:00:00,88669.78000000,88750.00000000,88588.11000000,88601.57000000,155.51107000
2025-12-21 12:00:00,88601.57000000,88920.01000000,88463.78000000,88638.01000000,273.81982000
2025-12-21 13:00:00,88638.01000000,88694.32000000,87600.04000000,87670.10000000,1029.34323000
2025-12-21 14:00:00,87670.10000000,88148.34000000,87615.07000000,88065.18000000,535.83684000
2025-12-21 15:00:00,88065.19000000,88272.34000000,87813.00000000,88067.95000000,367.50892000
2025-12-21 16:00:00,88067.96000000,88369.00000000,87985.11000000,88359.18000000,434.13180000
2025-12-21 17:00:00,88359.18000000,88494.97000000,88280.67000000,88324.14000000,292.57922000
2025-12-21 18:00:00,88324.14000000,88451.84000000,87950.00000000,88445.09000000,223.91956000
2025-12-21 19:00:00,88445.08000000,88600.00000000,88201.58000000,88484.01000000,289.83713000
2025-12-21 20:00:00,88484.01000000,88500.00000000,88230.76000000,88230.96000000,127.78210000
2025-12-21 21:00:00,88230.97000000,88368.83000000,88091.96000000,88162.86000000,151.57667000
2025-12-21 22:00:00,88162.86000000,88494.99000000,88120.99000000,88483.63000000,176.80431000
2025-12-21 23:00:00,88483.64000000,88823.52000000,88374.74000000,88658.86000000,342.92687000
2025-12-22 00:00:00,88658.87000000,89627.24000000,88613.87000000,88622.40000000,1109.80548000
2025-12-22 01:00:00,88622.40000000,89279.31000000,88516.00000000,88626.31000000,593.85875000
2025-12-22 02:00:00,88626.31000000,88658.22000000,87900.00000000,88458.27000000,639.02818000
2025-12-22 03:00:00,88458.27000000,88850.00000000,88283.40000000,88774.12000000,277.28751000
2025-12-22 04:00:00,88774.13000000,89034.44000000,88712.11000000,88904.99000000,316.78715000
2025-12-22 05:00:00,88905.00000000,89000.00000000,88762.43000000,88831.34000000,260.18369000
2025-12-22 06:00:00,88831.34000000,89008.00000000,88730.07000000,88909.26000000,222.60970000
2025-12-22 07:00:00,88909.26000000,89200.00000000,88891.63000000,89170.10000000,491.12288000
2025-12-22 08:00:00,89170.10000000,89908.71000000,89093.44000000,89334.20000000,921.73946000
2025-12-22 09:00:00,89334.21000000,89836.89000000,89301.00000000,89829.60000000,441.59532000
2025-12-22 10:00:00,89829.60000000,89868.00000000,89615.38000000,89778.94000000,435.91534000
2025-12-22 11:00:00,89778.95000000,90118.00000000,89656.38000000,89945.43000000,823.65187000
2025-12-22 12:00:00,89945.43000000,90588.23000000,89866.00000000,90208.48000000,1081.30015000
2025-12-22 13:00:00,90208.49000000,90319.98000000,89731.72000000,89912.37000000,614.87382000
2025-12-22 14:00:00,89912.38000000,90293.28000000,89440.50000000,90126.43000000,1047.85448000
2025-12-22 15:00:00,90126.44000000,90454.74000000,89196.42000000,89726.92000000,1198.69370000
2025-12-22 16:00:00,89726.93000000,90127.00000000,89523.22000000,89550.00000000,654.12884000
2025-12-22 17:00:00,89550.01000000,89579.81000000,89092.09000000,89308.92000000,588.68917000
2025-12-22 18:00:00,89308.91000000,89523.23000000,89140.00000000,89150.04000000,385.95267000
2025-12-22 19:00:00,89150.04000000,89150.04000000,87965.76000000,88052.43000000,980.77862000
2025-12-22 20:00:00,88052.42000000,88486.12000000,87911.79000000,88351.03000000,544.44938000
2025-12-22 21:00:00,88351.03000000,88619.13000000,88235.09000000,88275.06000000,405.03635000
2025-12-22 22:00:00,88275.05000000,88833.33000000,88150.00000000,88660.07000000,389.08575000
2025-12-22 23:00:00,88660.07000000,88700.00000000,88430.43000000,88620.79000000,248.79144000
2025-12-23 00:00:00,88620.79000000,88940.00000000,88504.78000000,88770.47000000,270.13686000
2025-12-23 01:00:00,88770.47000000,88889.76000000,88430.00000000,88513.71000000,241.89286000
2025-12-23 02:00:00,88513.72000000,88755.24000000,88091.21000000,88206.80000000,579.81965000
2025-12-23 03:00:00,88206.80000000,88355.56000000,87800.00000000,88170.00000000,413.85546000
2025-12-23 04:00:00,88170.00000000,88368.10000000,87930.99000000,87930.99000000,308.91036000
2025-12-23 05:00:00,87931.00000000,88025.71000000,87614.79000000,87765.01000000,482.98475000
2025-12-23 06:00:00,87765.01000000,87780.00000000,87051.52000000,87400.01000000,787.33301000
2025-12-23 07:00:00,87400.01000000,87698.82000000,87373.22000000,87574.79000000,417.20250000
2025-12-23 08:00:00,87574.78000000,87699.99000000,87433.20000000,87477.15000000,347.82336000
2025-12-23 09:00:00,87477.14000000,87630.76000000,87297.69000000,87531.85000000,429.48493000
2025-12-23 10:00:00,87531.85000000,87659.90000000,87510.60000000,87615.93000000,241.30517000
2025-12-23 11:00:00,87615.92000000,87890.00000000,87564.29000000,87856.65000000,413.76507000
2025-12-23 12:00:00,87856.66000000,87963.03000000,87600.00000000,87789.18000000,403.03862000
2025-12-23 13:00:00,87789.18000000,87902.00000000,87426.70000000,87616.67000000,558.41583000
2025-12-23 14:00:00,87616.66000000,87829.20000000,86601.90000000,86874.00000000,1406.81005000
2025-12-23 15:00:00,86873.99000000,87550.00000000,86720.00000000,87443.45000000,1039.72862000
2025-12-23 16:00:00,87443.45000000,88189.64000000,87325.40000000,88003.63000000,1214.11389000
2025-12-23 17:00:00,88003.63000000,88275.40000000,87180.00000000,87180.01000000,705.26293000
2025-12-23 18:00:00,87180.00000000,88177.98000000,87162.39000000,87975.01000000,814.37143000
2025-12-23 19:00:00,87975.02000000,88043.94000000,87650.00000000,87752.87000000,487.08154000
2025-12-23 20:00:00,87752.88000000,88372.35000000,87524.58000000,87691.50000000,807.56489000
2025-12-23 21:00:00,87691.51000000,87856.37000000,87540.87000000,87722.89000000,406.59734000
2025-12-23 22:00:00,87722.90000000,87779.25000000,87250.00000000,87399.45000000,627.85138000
2025-12-23 23:00:00,87399.45000000,87520.87000000,87180.00000000,87486.00000000,504.97854000
2025-12-24 00:00:00,87486.00000000,87672.26000000,87264.00000000,87660.47000000,394.43819000
2025-12-24 01:00:00,87660.47000000,87839.66000000,87500.00000000,87632.51000000,313.39351000
2025-12-24 02:00:00,87632.51000000,87658.07000000,86940.76000000,87134.39000000,587.21641000
2025-12-24 03:00:00,87134.39000000,87392.61000000,86863.88000000,87336.23000000,303.84075000
2025-12-24 04:00:00,87336.23000000,87458.54000000,87083.50000000,87147.65000000,288.59994000
2025-12-24 05:00:00,87147.64000000,87248.79000000,86796.65000000,86957.90000000,344.84105000
2025-12-24 06:00:00,86957.89000000,87071.64000000,86802.03000000,87019.21000000,370.38507000
2025-12-24 07:00:00,87019.21000000,87184.57000000,86911.52000000,86911.53000000,345.81136000
2025-12-24 08:00:00,86911.53000000,87077.67000000,86769.32000000,86795.56000000,315.09263000
2025-12-24 09:00:00,86795.56000000,86903.17000000,86724.05000000,86812.80000000,230.63616000
2025-12-24 10:00:00,86812.80000000,87196.00000000,86812.79000000,87077.66000000,292.48243000
2025-12-24 11:00:00,87077.66000000,87359.59000000,87077.66000000,87203.94000000,350.15883000
2025-12-24 12:00:00,87203.94000000,87478.59000000,87129.47000000,87428.51000000,308.22922000
2025-12-24 13:00:00,87428.50000000,87440.24000000,87038.44000000,87286.90000000,403.57201000
2025-12-24 14:00:00,87286.90000000,87448.49000000,86420.00000000,86994.70000000,906.39237000
2025-12-24 15:00:00,86994.70000000,87218.69000000,86580.00000000,87049.99000000,682.33537000
2025-12-24 16:00:00,87050.00000000,87670.00000000,86917.25000000,87283.23000000,859.06821000
2025-12-24 17:00:00,87283.23000000,87576.68000000,87255.06000000,87322.77000000,412.56130000
2025-12-24 18:00:00,87322.77000000,87500.67000000,87233.93000000,87470.65000000,257.68600000
2025-12-24 19:00:00,87470.64000000,87578.81000000,87329.90000000,87566.06000000,217.13377000
2025-12-24 20:00:00,87566.07000000,87679.05000000,87516.77000000,87556.20000000,186.42889000
2025-12-24 21:00:00,87556.21000000,87795.65000000,87556.20000000,87696.33000000,184.56137000
2025-12-24 22:00:00,87696.34000000,88049.89000000,87696.33000000,88009.81000000,324.48249000
2025-12-24 23:00:00,88009.82000000,88023.57000000,87599.14000000,87669.45000000,261.49587000
2025-12-25 00:00:00,87669.44000000,87749.00000000,87508.52000000,87568.37000000,172.91056000
2025-12-25 01:00:00,87568.37000000,87748.78000000,87567.42000000,87699.99000000,127.73475000
2025-12-25 02:00:00,87700.00000000,87967.50000000,87563.87000000,87892.66000000,207.01020000
2025-12-25 03:00:00,87892.66000000,87925.08000000,87767.84000000,87840.42000000,145.20674000
2025-12-25 04:00:00,87840.42000000,87843.38000000,87743.00000000,87773.33000000,132.58221000
2025-12-25 05:00:00,87773.34000000,87787.92000000,87661.17000000,87750.55000000,171.99245000
2025-12-25 06:00:00,87750.56000000,87842.53000000,87692.67000000,87836.42000000,122.21291000
2025-12-25 07:00:00,87836.43000000,87862.20000000,87755.94000000,87837.59000000,141.89666000
2025-12-25 08:00:00,87837.59000000,87888.00000000,87351.96000000,87584.65000000,461.19047000
2025-12-25 09:00:00,87584.65000000,87603.78000000,87450.01000000,87526.48000000,318.47286000
2025-12-25 10:00:00,87526.47000000,87533.36000000,87251.60000000,87414.14000000,276.87514000
2025-12-25 11:00:00,87414.15000000,87591.32000000,87414.14000000,87519.44000000,147.21369000
2025-12-25 12:00:00,87519.45000000,87586.92000000,87476.49000000,87566.00000000,142.98872000
2025-12-25 13:00:00,87566.00000000,87683.87000000,87398.78000000,87638.25000000,370.11784000
2025-12-25 14:00:00,87638.25000000,87759.33000000,87550.00000000,87718.21000000,282.91916000
2025-12-25 15:00:00,87718.22000000,88592.74000000,87714.00000000,88371.27000000,1137.44680000
2025-12-25 16:00:00,88371.27000000,88478.00000000,87993.21000000,88086.72000000,533.77153000
2025-12-25 17:00:00,88086.73000000,88211.18000000,88000.32000000,88139.08000000,203.97629000
2025-12-25 18:00:00,88139.07000000,88314.37000000,88139.07000000,88241.26000000,193.54871000
2025-12-25 19:00:00,88241.26000000,88249.51000000,88075.99000000,88151.18000000,108.25003000
2025-12-25 20:00:00,88151.19000000,88167.65000000,87650.00000000,87892.69000000,287.61054000
2025-12-25 21:00:00,87892.69000000,87982.98000000,87820.00000000,87901.21000000,144.90662000
2025-12-25 22:00:00,87901.22000000,87915.10000000,87311.00000000,87650.00000000,459.19007000
2025-12-25 23:00:00,87649.99000000,87771.01000000,86934.72000000,87225.27000000,806.55740000
2025-12-26 00:00:00,87225.27000000,87320.10000000,86891.70000000,87120.00000000,573.22847000
2025-12-26 01:00:00,87119.99000000,87500.00000000,87119.99000000,87432.26000000,232.74740000
2025-12-26 02:00:00,87432.26000000,89440.00000000,87416.04000000,89199.99000000,2823.54617000
2025-12-26 03:00:00,89200.00000000,89289.99000000,88714.36000000,88844.87000000,1335.10374000
2025-12-26 04:00:00,88844.88000000,89153.17000000,88516.73000000,88969.24000000,561.23440000
2025-12-26 05:00:00,88969.24000000,89045.71000000,88828.06000000,88996.58000000,281.22768000
2025-12-26 06:00:00,88996.58000000,89250.00000000,88996.58000000,89124.24000000,512.77497000
2025-12-26 07:00:00,89124.24000000,89567.75000000,88347.45000000,88470.75000000,1799.23903000
2025-12-26 08:00:00,88470.75000000,88886.00000000,88414.81000000,88742.28000000,449.86032000
2025-12-26 09:00:00,88742.28000000,88918.59000000,88649.63000000,88811.76000000,363.34862000
2025-12-26 10:00:00,88811.77000000,88882.01000000,88680.00000000,88748.34000000,245.05773000
2025-12-26 11:00:00,88748.35000000,88754.69000000,88532.00000000,88533.42000000,192.05882000
2025-12-26 12:00:00,88533.43000000,88761.45000000,88533.42000000,88678.90000000,338.36189000
2025-12-26 13:00:00,88678.89000000,89050.00000000,88618.14000000,88992.88000000,360.81787000
2025-12-26 14:00:00,88992.88000000,89049.88000000,87345.88000000,87380.43000000,1728.76389000
2025-12-26 15:00:00,87380.44000000,87381.00000000,86655.08000000,87137.81000000,3504.43069000
2025-12-26 16:00:00,87137.81000000,87380.00000000,86850.38000000,86855.82000000,711.31648000
2025-12-26 17:00:00,86855.83000000,87463.77000000,86818.18000000,87331.91000000,460.45969000
2025-12-26 18:00:00,87331.91000000,87380.00000000,87117.11000000,87277.77000000,386.97537000
2025-12-26 19:00:00,87277.78000000,87580.29000000,87246.00000000,87501.83000000,382.01197000
2025-12-26 20:00:00,87501.83000000,87792.70000000,87399.71000000,87585.77000000,275.03600000
2025-12-26 21:00:00,87585.76000000,87697.81000000,87460.57000000,87470.59000000,309.65661000
2025-12-26 22:00:00,87470.59000000,87592.67000000,87321.40000000,87550.00000000,304.71430000
2025-12-26 23:00:00,87549.99000000,87550.09000000,87331.85000000,87369.56000000,212.64294000
2025-12-27 00:00:00,87369.56000000,87414.26000000,87253.05000000,87401.07000000,201.59724000
2025-12-27 01:00:00,87401.08000000,87492.66000000,87333.00000000,87475.03000000,129.68193000
2025-12-27 02:00:00,87475.03000000,87492.66000000,87392.64000000,87446.02000000,170.01720000
2025-12-27 03:00:00,87446.01000000,87532.00000000,87386.97000000,87514.22000000,174.05379000
2025-12-27 04:00:00,87514.23000000,87516.84000000,87463.32000000,87470.19000000,106.03892000
2025-12-27 05:00:00,87470.19000000,87512.80000000,87446.19000000,87506.00000000,107.21243000
2025-12-27 06:00:00,87506.01000000,87566.00000000,87417.93000000,87469.02000000,148.91554000
2025-12-27 07:00:00,87469.02000000,87702.00000000,87469.01000000,87539.26000000,153.18664000
2025-12-27 08:00:00,87539.26000000,87677.00000000,87539.25000000,87593.00000000,113.75997000
2025-12-27 09:00:00,87593.01000000,87665.62000000,87533.84000000,87618.91000000,478.79096000
2025-12-27 10:00:00,87618.90000000,87627.67000000,87370.73000000,87503.01000000,293.11984000
2025-12-27 11:00:00,87503.02000000,87549.97000000,87442.15000000,87475.98000000,192.08386000
2025-12-27 12:00:00,87475.99000000,87515.21000000,87422.41000000,87474.28000000,86.49536000
2025-12-27 13:00:00,87474.28000000,87478.37000000,87308.05000000,87452.78000000,204.72599000
2025-12-27 14:00:00,87452.79000000,87544.91000000,87390.16000000,87544.90000000,306.42504000
2025-12-27 15:00:00,87544.89000000,87589.99000000,87484.71000000,87551.25000000,151.74415000
2025-12-27 16:00:00,87551.26000000,87583.47000000,87442.08000000,87498.41000000,152.77888000
2025-12-27 17:00:00,87498.42000000,87562.79000000,87467.33000000,87562.58000000,129.16436000
2025-12-27 18:00:00,87562.57000000,87572.41000000,87463.76000000,87500.01000000,152.40591000
2025-12-27 19:00:00,87500.01000000,87591.00000000,87500.00000000,87569.39000000,132.24207000
2025-12-27 20:00:00,87569.39000000,87635.77000000,87523.78000000,87555.92000000,113.31975000
2025-12-27 21:00:00,87555.92000000,87668.23000000,87555.91000000,87668.22000000,95.93035000
2025-12-27 22:00:00,87668.23000000,87955.00000000,87499.99000000,87565.99000000,386.61743000
2025-12-27 23:00:00,87566.00000000,87984.00000000,87565.99000000,87877.01000000,289.24395000
2025-12-28 00:00:00,87877.00000000,87961.37000000,87705.97000000,87854.96000000,205.17782000
2025-12-28 01:00:00,87854.97000000,87945.39000000,87739.06000000,87785.96000000,153.21984000
2025-12-28 02:00:00,87785.97000000,87872.67000000,87755.80000000,87810.78000000,104.97363000
2025-12-28 03:00:00,87810.79000000,87845.45000000,87725.47000000,87740.01000000,208.71524000
2025-12-28 04:00:00,87740.00000000,87837.99000000,87693.00000000,87724.87000000,151.07627000
2025-12-28 05:00:00,87724.86000000,87724.87000000,87614.79000000,87657.93000000,115.90545000
2025-12-28 06:00:00,87657.94000000,87784.20000000,87647.42000000,87732.00000000,93.33462000
2025-12-28 07:00:00,87732.01000000,87734.98000000,87675.87000000,87730.85000000,81.91388000
2025-12-28 08:00:00,87730.86000000,87972.95000000,87730.86000000,87805.00000000,172.52967000
2025-12-28 09:00:00,87805.00000000,87900.00000000,87720.00000000,87800.00000000,198.63592000
2025-12-28 10:00:00,87800.00000000,88010.00000000,87799.99000000,87856.91000000,246.43833000
2025-12-28 11:00:00,87856.91000000,87923.50000000,87818.58000000,87883.25000000,142.43984000
2025-12-28 12:00:00,87883.25000000,87891.32000000,87794.86000000,87850.60000000,130.62309000
2025-12-28 13:00:00,87850.59000000,87962.45000000,87820.00000000,87896.59000000,171.73272000
2025-12-28 14:00:00,87896.60000000,88088.75000000,87896.59000000,87910.00000000,249.63472000
2025-12-28 15:00:00,87910.00000000,88006.00000000,87824.18000000,87836.27000000,269.26609000
2025-12-28 16:00:00,87836.27000000,87898.42000000,87740.00000000,87814.04000000,180.88996000
2025-12-28 17:00:00,87814.04000000,87931.59000000,87760.00000000,87760.00000000,91.89130000
2025-12-28 18:00:00,87760.01000000,87768.79000000,87500.26000000,87598.49000000,404.22039000
2025-12-28 19:00:00,87598.49000000,87698.30000000,87511.27000000,87520.75000000,204.83537000
2025-12-28 20:00:00,87520.75000000,87655.28000000,87446.73000000,87514.76000000,144.33445000
2025-12-28 21:00:00,87514.75000000,87592.67000000,87435.00000000,87588.37000000,122.38811000
2025-12-28 22:00:00,87588.37000000,87992.70000000,87481.55000000,87900.09000000,295.38221000
2025-12-28 23:00:00,87900.09000000,88049.53000000,87634.92000000,87952.71000000,306.73393000
2025-12-29 00:00:00,87952.71000000,88444.19000000,87813.17000000,88295.69000000,572.37767000
2025-12-29 01:00:00,88295.68000000,88480.00000000,87849.42000000,88445.57000000,562.88296000
2025-12-29 02:00:00,88445.57000000,89383.74000000,88445.57000000,89163.25000000,1796.47871000
2025-12-29 03:00:00,89163.25000000,90169.06000000,89101.79000000,90123.55000000,1827.31757000
2025-12-29 04:00:00,90123.55000000,90406.08000000,89952.81000000,90143.06000000,1199.95690000
2025-12-29 05:00:00,90143.07000000,90300.07000000,89931.37000000,89984.00000000,828.28612000
2025-12-29 06:00:00,89984.00000000,90121.21000000,89749.87000000,89777.26000000,503.12838000
2025-12-29 07:00:00,89777.25000000,89846.71000000,89507.03000000,89617.71000000,971.61551000
2025-12-29 08:00:00,89617.71000000,89825.01000000,89444.47000000,89555.10000000,990.67432000
2025-12-29 09:00:00,89555.10000000,89618.22000000,87770.10000000,88100.05000000,2360.59949000
2025-12-29 10:00:00,88100.50000000,88270.02000000,87653.69000000,87780.01000000,807.41906000
2025-12-29 11:00:00,87780.00000000,87793.27000000,87567.65000000,87567.66000000,450.07731000
2025-12-29 12:00:00,87567.65000000,87636.34000000,86806.50000000,87397.00000000,1590.97728000
2025-12-29 13:00:00,87396.99000000,87537.23000000,87165.04000000,87387.71000000,611.51720000
2025-12-29 14:00:00,87387.70000000,88190.71000000,87259.30000000,87429.96000000,985.69910000
2025-12-29 15:00:00,87429.97000000,87918.69000000,87222.41000000,87691.62000000,990.15708000
2025-12-29 16:00:00,87691.62000000,87840.08000000,87439.03000000,87627.11000000,372.34157000
2025-12-29 17:00:00,87627.11000000,87850.00000000,87350.00000000,87849.99000000,322.83525000
2025-12-29 18:00:00,87850.00000000,87996.22000000,87361.53000000,87464.77000000,459.75861000
2025-12-29 19:00:00,87464.78000000,87668.23000000,87312.34000000,87366.23000000,302.74790000
2025-12-29 20:00:00,87366.23000000,87597.59000000,87085.80000000,87212.01000000,665.46040000
2025-12-29 21:00:00,87212.01000000,87371.62000000,87173.31000000,87337.85000000,221.04149000
2025-12-29 22:00:00,87337.85000000,87404.29000000,87071.49000000,87351.05000000,310.53727000
2025-12-29 23:00:00,87351.05000000,87395.07000000,87188.00000000,87237.13000000,191.09860000
2025-12-30 00:00:00,87237.13000000,87359.40000000,87105.09000000,87250.23000000,230.51064000
2025-12-30 01:00:00,87250.22000000,87356.62000000,87117.87000000,87308.23000000,239.57935000
2025-12-30 02:00:00,87308.23000000,87347.70000000,86986.82000000,87111.00000000,471.28819000
2025-12-30 03:00:00,87110.99000000,87423.65000000,86845.66000000,87379.00000000,579.19187000
2025-12-30 04:00:00,87378.99000000,87492.66000000,87294.67000000,87300.00000000,292.49013000
2025-12-30 05:00:00,87300.01000000,87359.43000000,87157.07000000,87255.97000000,140.45208000
2025-12-30 06:00:00,87255.98000000,87527.42000000,87241.91000000,87443.17000000,234.42509000
2025-12-30 07:00:00,87443.17000000,87600.00000000,87369.98000000,87502.85000000,410.22407000
2025-12-30 08:00:00,87502.85000000,88224.76000000,87502.84000000,87872.68000000,1026.69682000
2025-12-30 09:00:00,87872.68000000,88046.37000000,87657.44000000,87992.70000000,436.16992000
2025-12-30 10:00:00,87992.70000000,88179.38000000,87906.94000000,87949.51000000,416.39591000
2025-12-30 11:00:00,87949.52000000,88026.36000000,87735.09000000,87903.89000000,588.98774000
2025-12-30 12:00:00,87903.89000000,88090.79000000,87901.70000000,88023.54000000,497.15542000
2025-12-30 13:00:00,88023.53000000,88136.00000000,87918.60000000,88110.02000000,448.15717000
2025-12-30 14:00:00,88110.02000000,89010.12000000,87834.01000000,88875.83000000,1626.18161000
2025-12-30 15:00:00,88875.82000000,89159.52000000,88204.14000000,89016.35000000,1310.95153000
2025-12-30 16:00:00,89016.36000000,89400.00000000,88577.42000000,88742.63000000,1418.95930000
2025-12-30 17:00:00,88742.63000000,88900.72000000,88129.91000000,88371.34000000,713.60336000
2025-12-30 18:00:00,88371.34000000,88493.62000000,88132.59000000,88304.00000000,434.34765000
2025-12-30 19:00:00,88304.01000000,88422.22000000,87960.20000000,88226.16000000,345.47514000
2025-12-30 20:00:00,88226.15000000,88226.15000000,87886.46000000,87947.15000000,439.95021000
2025-12-30 21:00:00,87947.15000000,88330.13000000,87891.15000000,88287.27000000,253.18432000
2025-12-30 22:00:00,88287.28000000,88470.00000000,88287.28000000,88430.19000000,280.86597000
2025-12-30 23:00:00,88430.18000000,88573.65000000,88371.33000000,88485.49000000,270.66652000
2025-12-31 00:00:00,88485.50000000,88485.50000000,88251.93000000,88255.54000000,243.94750000
2025-12-31 01:00:00,88255.54000000,88784.00000000,88172.15000000,88649.33000000,355.75740000
2025-12-31 02:00:00,88649.32000000,88742.00000000,88521.84000000,88673.60000000,258.23398000
2025-12-31 03:00:00,88673.61000000,88819.80000000,88379.09000000,88453.04000000,274.04184000
2025-12-31 04:00:00,88453.04000000,88549.50000000,88325.06000000,88325.06000000,158.17484000
2025-12-31 05:00:00,88325.07000000,88526.06000000,88325.07000000,88463.09000000,296.57164000
2025-12-31 06:00:00,88463.10000000,88561.69000000,88463.09000000,88512.92000000,212.68538000
2025-12-31 07:00:00,88512.93000000,88638.76000000,88431.08000000,88613.12000000,304.98001000
2025-12-31 08:00:00,88613.11000000,88733.33000000,88393.52000000,88434.65000000,277.76782000
2025-12-31 09:00:00,88434.66000000,88715.27000000,88434.65000000,88660.10000000,315.83327000
2025-12-31 10:00:00,88660.10000000,88897.99000000,88660.09000000,88847.26000000,482.82711000
2025-12-31 11:00:00,88847.27000000,89046.60000000,88802.97000000,89011.52000000,598.23924000
2025-12-31 12:00:00,89011.51000000,89044.74000000,88677.32000000,88775.96000000,545.96390000
2025-12-31 13:00:00,88775.96000000,89045.98000000,88741.54000000,88991.88000000,300.73941000
2025-12-31 14:00:00,88991.88000000,89200.00000000,88278.35000000,88479.99000000,1133.76043000
2025-12-31 15:00:00,88479.99000000,88487.68000000,87766.59000000,87953.97000000,1281.39241000
2025-12-31 16:00:00,87953.97000000,88053.49000000,87400.41000000,87656.98000000,1249.28961000
2025-12-31 17:00:00,87656.99000000,87741.99000000,87489.59000000,87620.82000000,629.77671000
2025-12-31 18:00:00,87620.82000000,87980.00000000,87574.12000000,87684.07000000,434.88825000
2025-12-31 19:00:00,87684.08000000,87870.02000000,87516.70000000,87541.85000000,622.18859000
2025-12-31 20:00:00,87541.85000000,87712.13000000,87250.00000000,87662.01000000,770.32743000
2025-12-31 21:00:00,87662.01000000,87879.04000000,87662.01000000,87799.97000000,383.85550000
2025-12-31 22:00:00,87799.97000000,87879.04000000,87656.19000000,87728.29000000,236.18697000
2025-12-31 23:00:00,87728.30000000,87728.30000000,87619.67000000,87648.22000000,191.19123000
